face_width,face_height,ratio,jaw_width,forehead_height,eye_distance,brightness,texture,hue,saturation,value,label
472.06921985547024,493.6827817257456,0.6290578121726407,366.0649267408884,140.57202863696455,305.4539121178633,0.8571142480971172,0.247153197755385,20.28816,0.28586750705996,230.203812,Kapha
434.9401419889311,495.0383868271203,0.5001320490438503,350.8801068914844,144.12372123520345,291.7856054547335,0.5680780307766597,0.2306296994210867,17.125776,0.425694959220299,166.881672,Pitta
390.8014577465683,460.5999444443012,0.4500754625037867,310.4316984345243,129.15979694274588,270.85163287686987,0.2964071716903597,0.3572336653650006,0.0,0.0,84.827128,Vata
435.45085502025216,463.0906794307375,0.6026396500948972,353.92926715846835,135.2813551786072,284.8535116089115,0.4266729030564196,0.4662464657626491,21.724536,0.438763498531423,123.1879,Kapha
376.161169718716,381.3027586828143,0.6793784498214595,291.41110398408614,118.8969544596258,261.87363914116395,0.5083263388325348,0.3015679037114565,27.124032,0.4980516657670234,165.125268,Kapha
489.6065691791034,515.2340752896132,0.6191596501300834,395.06241553362776,141.69518305850377,306.05303931783146,0.7930417245216295,0.3116703153024799,11.958124,0.4743345926088084,229.919764,Kapha
388.77146633248486,478.7675669627087,0.3895559581351662,303.24559509541,159.1959116983824,264.01991140014167,0.6001641476965665,0.188191980074258,32.231972,0.3669803061181908,167.6103,Vata
408.5028967281012,430.4797097663035,0.6169798415862132,308.7638117459816,159.24786003558282,277.98365845346905,0.4052097318823299,0.6789712180936377,20.809268,0.5030513538066659,129.310604,Kapha
420.9584334382017,496.88174094371885,0.4479803991947492,335.3107785901263,158.0182902932947,290.75466067762807,0.3472840681819952,0.448247338674788,13.94076,0.5894075683743503,127.460268,Pitta
420.32515602058027,518.6484922554805,0.3868958478519368,326.09736372751166,160.6606274781466,284.658215695808,0.6434120551455352,0.3767924020207655,23.5026,0.3644633363525514,174.365028,Vata
445.8421006985787,456.0731268110764,0.664515132358877,332.582929797373,150.11610350507544,307.1543006766802,0.518208771822381,0.1951106854700933,12.409192,0.4678552873971932,163.586652,Kapha
462.0521725270747,481.5375968931552,0.6345643342126399,355.41874796918904,144.4627977736439,318.6286102334801,0.3742183810905835,0.330074692902,22.350876,0.6702000678750111,137.81924,Kapha
439.6114081863234,517.589076494157,0.4515415112797361,356.3769960123848,151.71381910588877,293.8385903852972,0.644196834523181,0.4014183086641416,18.882588,0.4146708575141999,186.992308,Pitta
494.4739259935308,521.5389013846258,0.615580413971605,386.8638113957801,161.73092680867464,309.63249722837475,0.8429151773670823,0.1956465437450243,14.967028,0.3621851310510349,232.239564,Kapha
365.849163642969,495.7812597570072,0.2664767704729152,294.3108061634028,142.89396360856662,246.08411920059945,0.5548868584480259,0.3538093780275985,13.971876,0.4377569874731036,164.772432,Vata
486.79044559739634,501.74380367712047,0.6522739529283277,384.3335447285014,144.72130482899476,314.3520202041421,0.6368520869565009,0.1521719396129265,51.891812,0.245207002578197,176.648148,Kapha
412.1921146785759,487.7193354694411,0.4445614541764156,331.8807773109716,149.5473723443371,275.101906430645,0.642450028683005,0.2170102949016656,12.549772,0.5944390264027851,205.849428,Kapha
445.24408757876,544.8448443348641,0.3981411444771541,351.9899546457974,157.62538561577165,305.97679695633803,0.649414275941344,0.2841557980964376,12.882296,0.5799614155005404,206.217292,Kapha
396.0565425634799,507.29140530340425,0.3375716727214926,325.64811342788806,155.77854084862253,270.109432123182,0.568498985078336,0.2338311113725052,38.75734,0.5911130867099891,191.845496,Vata
414.8478995954064,489.339439538544,0.4489284529815914,331.5900498290155,150.13422200271418,269.51261333900936,0.4313435333047534,0.4328142955098541,41.490188,0.3762178101814407,136.963832,Pitta
409.582319701695,494.3552076331122,0.4169499176824135,318.8976567131754,153.8524041951059,281.88103697574815,0.4190000487213769,0.4470113579261028,13.741924,0.660914756899827,148.625744,Pitta
371.71013048400175,315.1290748221276,1.0,298.688986224158,82.91765513376407,256.94546343803205,0.7853297405799385,0.1419561349327778,21.6631,0.2826295509918111,209.841244,Kapha
414.2989221944677,515.1363037835891,0.3766429072385818,328.20076657836114,163.32335936502955,277.50698247910447,0.3035513348734212,0.4709187532187091,11.007168,0.5310443095797354,110.239696,Vata
377.2394764849694,512.9075889753976,0.2624365393266655,304.00153721359146,145.43666651888825,260.8271095243029,0.3397169239842977,0.6455540607716923,10.226192,0.4580387322417242,128.020804,Vata
380.5961155464168,490.9742686046556,0.3283659046060327,298.9777327974693,148.19125577006247,263.08877741114566,0.4527697821833389,0.5735768692884697,14.364928,0.4181016449223995,138.425404,Vata
437.4159841900645,490.236580769942,0.5228143211336627,352.1207044122519,135.7525156381803,290.2616354928224,0.7426773054782975,0.2219632910183678,14.485324,0.4430135194975899,217.595952,Kapha
428.7347120983408,500.91387762690255,0.4624384360077891,346.04091046101047,143.23358277750944,284.69619578301445,0.5079759783545451,0.3755308469519455,0.0,0.0,127.000736,Pitta
440.9342334895002,467.71896461376446,0.6066572547593694,344.17995558853545,144.62792180344212,298.5240570535641,0.5526704772616051,0.3750902421851058,44.65606,0.4514571114604647,181.284476,Kapha
472.7581436425803,475.7771893179996,0.6912357023089156,378.1570053004277,136.7435945409338,316.255489401531,0.6633929165539265,0.3193579391406976,35.073316,0.2511302148191434,177.287748,Kapha
499.8033794624972,517.6973781170761,0.6443647346013367,400.8387596643318,158.85082360739466,314.06925745369864,0.7422288601196427,0.1565186101531567,17.565156,0.4096860247296782,212.95522,Kapha
377.1708317346911,434.545898161848,0.4824703987645302,306.8850587413332,131.2864024635175,275.3021288967491,0.4306629189466519,0.6491335631226148,52.159796,0.5993370909926241,157.053428,Pitta
369.0916786139609,472.8139313747337,0.3374053741053278,274.35173447454764,157.9124137817371,263.213516970918,0.4793476544750585,0.4489946700687443,77.79212,0.3449581500453693,144.21982,Vata
494.28421417991257,511.0448186723511,0.6473010765118514,388.7263459049552,151.68026116921246,320.7859407182303,0.6721905965816216,0.275885199496714,15.333196,0.3319689513013676,188.3035,Kapha
397.8036793312123,484.7262920774415,0.4039256981361484,321.5585504440413,148.1755965341875,267.54560347793745,0.6542735309601876,0.3612877860253209,16.930448,0.4855774041846173,185.213992,Kapha
477.1976713807501,515.303912968412,0.5789484383167066,374.9641784875829,155.42641249133155,323.23112269445767,0.4950032294968687,0.1947577213719497,15.811484,0.4884279081896616,167.817052,Pitta
465.8018507759799,464.3575553341046,0.7069414916398357,358.65792652720927,154.2344125475219,317.661528323248,0.893294024198712,0.1770590392347708,49.93118,0.1764001618142426,226.531036,Kapha
350.06029794201834,490.7996835525038,0.2254844427587963,278.31133328924653,146.3053595365877,246.1716111719953,0.4129238228028405,0.6039358743025963,11.99916,0.4207642468311378,123.034716,Vata
411.0221784126271,510.9305112701648,0.3769867492000848,342.09905592507454,136.4772818938676,265.16811600762554,0.6120403043777722,0.3437207917702919,20.79504,0.3533996318867781,178.391272,Vata
430.1786304268201,507.3395488812548,0.449160099199362,353.9002066321583,153.81009428481983,288.24776096334256,0.3398334098133201,0.3578168737885238,39.50772,0.32151767160892,112.619104,Pitta
473.8785860521939,481.0600048906157,0.6769799251745682,361.1810861087583,154.19204941985757,312.9604076779893,0.4370451584556431,0.4693196698337551,19.803736,0.6049009917503366,155.276584,Kapha
405.2277413772184,449.701529149208,0.5375120170116907,313.38325171410787,149.18941194288396,279.89173317389856,0.4727931844974197,0.6438554372551365,20.354692,0.5435580051120984,148.210768,Pitta
421.62883716748,489.5373244017608,0.4713665094356519,349.5060064259829,149.62472462977854,274.0475799380371,0.3230353907426334,0.2234917109391225,10.237808,0.5617197361652672,122.54952,Pitta
434.5447111401946,518.6906646753644,0.4323206874429048,352.75220093955784,148.53535944196986,286.72496920074286,0.2730228772950919,0.3885375800506265,23.808376,0.6231576445075327,105.893572,Pitta
433.9497170180253,519.6186730513023,0.427933623628879,357.1794971879452,148.69608470723844,295.7262082990531,0.7547432708514449,0.3555615778851383,0.0,0.0,176.190724,Pitta
447.74633352441856,518.0107761959164,0.4764771599478346,354.3465922003659,157.23687349291205,301.6856651837916,0.5973346356736638,0.2425144857953662,8.682244,0.3948454560543065,178.738476,Pitta
432.4484687545916,518.4771179224059,0.4261783990470172,342.2033998786885,158.31351344267995,283.60548891487014,0.5439218196077776,0.4001007439449743,17.28496,0.2950965199944306,158.18512,Pitta
404.9016153547048,503.3072896749523,0.3770263476657438,323.3395877244357,154.65921924643246,266.66521523027166,0.703783058397346,0.3408839607456276,11.327424,0.4962538591589467,210.77206,Kapha
419.9809887298244,486.8958566804719,0.4735060860755598,330.23541774093536,150.47257933855818,282.7806452985682,0.4943032108671626,0.6090778826052313,15.032236,0.2919163981354223,143.417556,Pitta
452.7797715082154,536.1536638624527,0.4434888567154191,375.4470567325845,149.8730527869596,296.2074231442973,0.5546589435391481,0.2348941844818083,13.243712,0.4508310975048978,168.562032,Pitta
431.279678511342,472.93585856066767,0.5554774587037585,333.36620397302136,145.67517896035935,296.9113272074428,0.5594587014894213,0.4924999723707763,20.482064,0.2819076024739131,154.165656,Pitta
483.03228508807393,509.8181418809484,0.6145081420713727,390.6342113325524,136.20349086547216,307.4572137715763,0.466030143683113,0.3268690972360206,60.444216,0.4161599955542273,154.202864,Kapha
392.7066682776376,500.16059016076633,0.3449352031489042,314.13030627713886,154.87565648047834,275.0066211687002,0.6564414917666892,0.425283999784268,27.112856,0.3440837832337378,184.924556,Vata
509.6724994372812,500.15552995334514,0.7333802803957761,402.4186442712232,144.02659110873495,333.202482854741,0.9153567010795838,0.2136936726890487,21.946996,0.1527116006172763,224.178376,Kapha
442.7462547398426,470.9910613022498,0.6021690569443382,368.2046036173385,123.3111363463445,287.36474464383645,0.1052043620963098,0.0554858592951162,20.850048,0.4391155849587571,57.677836,Kapha
465.47605840978525,484.6708500433484,0.635994831829219,342.87570990286446,157.29415696089382,326.5749133052955,0.6202881632658959,0.3369996791601801,17.500024,0.269445950977388,169.883692,Kapha
468.6162075885224,446.63336790303504,0.7835264636539808,371.938613358028,121.82131034405133,305.4885091863511,0.3533266827717439,0.1820288357195014,81.831556,0.4360622391974273,129.497896,Kapha
413.4471005893353,493.3346233527544,0.4328088099336581,335.9901181345677,156.2302929626363,282.68533152566573,0.7533807378150204,0.1556525161536864,12.505088,0.3543100226920774,208.26668,Pitta
452.7717230181732,534.378628521608,0.4481230964657999,356.0140320675301,152.04341244851173,299.35798837198683,0.5903325029295032,0.2849646517690542,27.621216,0.4536354320522656,184.659,Pitta
428.2743573274727,523.0120785943292,0.4009100388526443,328.77250540251146,145.67514306664972,283.923658965974,0.4756081082003054,0.3833751246780417,37.013088,0.3292429613437902,141.076204,Pitta
457.4931822330826,474.0447763002219,0.6437815948886711,361.08211544232086,137.3989551416212,309.6787716277252,0.4547057947215084,0.4007217107867228,14.380196,0.5440403282363153,151.306544,Kapha
407.5595569634385,511.7283753912876,0.3636644713423581,316.6740641067489,153.0556229621052,273.47664507941136,0.5720212316041686,0.6979132824742347,34.812484,0.2796179856355085,146.339244,Vata
422.0744858220058,500.8353901566123,0.4405732995571105,343.54511991533946,144.18898959174874,274.21902147031665,0.719559212807028,0.3468138422599647,21.97658,0.4888190909475182,193.607888,Kapha
413.3407833315478,491.3371071260098,0.4381085388992486,324.7724875295166,146.60938089564507,275.3423951912886,0.5236170051892682,0.6588899837049051,35.6243,0.319439826560845,153.277244,Pitta
494.9156035313687,505.80662293123993,0.6660114652585758,386.54322720187866,132.66508014227244,336.8573604454538,0.5297791958436412,0.27313920788349,30.329276,0.3723396094985582,160.570768,Kapha
471.3749084191642,493.7266195572754,0.6265810293774159,368.610890176672,148.70155374917653,319.7297622911387,0.8561515594412437,0.1406338133825116,17.772792,0.1759498450124224,215.48528,Kapha
370.6728067500217,472.93062444031074,0.3426384828472096,293.1614455213179,139.31242491041695,276.8820813939795,0.6283655776007524,0.4384717418745568,26.045452,0.058869097112449,152.838996,Vata
423.2199512936273,482.53357481680064,0.4976072880549058,344.4345370872989,142.76569081390087,289.36621385441293,0.5153644306818819,0.3752101850570872,28.262532,0.5600438608159829,170.60726,Pitta
387.7520145474159,503.7016133130815,0.3194291157608623,310.80998172302816,149.05805449820073,268.8007457775216,0.593563003121459,0.4886033734195826,50.856788,0.3679429097690453,177.892184,Vata
398.4288016439972,492.3659887395583,0.3848839818371301,296.2350602780258,148.1991534011656,293.6557962454838,0.3967568539218341,0.5129596632391623,148.504356,0.367208688784701,132.161136,Vata
425.986760636733,490.189242093436,0.4842304390711505,351.5069012486042,131.7710429559557,271.47102291770534,0.6113947461339347,0.3630368485757239,13.926204,0.4232614489788835,184.312156,Kapha
394.28933045746135,488.5475191699311,0.381315827116419,322.58248863773986,120.0254078808023,262.7349242141969,0.2861259177096747,0.5234624052195683,27.378036,0.3701126717081801,93.791892,Vata
416.3950248573099,500.77152722191,0.4219140864626762,334.90821906919933,151.1494793805559,292.32477700596496,0.6424880747005461,0.5233816929192826,0.0,0.0,153.814048,Pitta
439.0560258598789,535.537089362821,0.4025396329530594,338.5246937120867,162.72059001219944,297.0952855258337,0.4680386162262092,0.2709674375686169,27.804044,0.5533949018384998,162.810144,Pitta
392.9898667458569,483.8034094808515,0.3899994102770376,312.7435983809491,156.16840648418295,276.4685813535446,0.5199155249985212,0.5587477581381667,28.236544,0.4119682308214942,163.822156,Vata
412.488776042418,512.9990947040645,0.3763473211145892,329.0278054674385,145.85296875856554,280.0983328750269,0.396574871151222,0.2678212511260228,9.969096,0.682515006846247,151.270616,Vata
457.1640277729136,485.65108194414927,0.6043472985980457,375.5027513688223,141.4106477348682,305.5691304521885,0.4088791859950201,0.1392234487881264,16.149424,0.6990145192562595,143.299632,Kapha
362.99117097097866,478.60719922277474,0.3005395007096773,275.0218820851698,138.04449461389177,260.5181104599013,0.7752747359915405,0.3417951542810715,39.319152,0.3530734746320184,215.475868,Vata
402.4574694734708,505.7236128083076,0.3626145650839631,318.5785731013638,146.5806103388407,274.75559490665984,0.1901985231563393,0.1183882022342633,15.019204,0.4925641514063808,81.28002,Vata
396.51372408133886,461.9169194563364,0.4665977305430553,322.666558892361,123.92823824951658,274.4446944208297,0.3693470259933764,0.278711673599257,18.502756,0.4918292889451108,126.929348,Pitta
421.7348692504062,446.06143057712,0.6111923126108385,323.19124098748193,151.19824880491447,297.2617447979815,0.6433308461618913,0.4420017663675427,29.486724,0.2503001605582983,172.424328,Kapha
404.1928207450789,518.2760129940208,0.336162489619708,335.1719415101412,142.2692381572043,275.53942802294586,0.4714378352554466,0.3380099393624891,18.528176,0.4976050458980116,150.809224,Vata
372.7368511592914,496.658613950608,0.2873459841715313,300.2004182252879,146.77135809894358,261.36311615861007,0.5449553830178471,0.1539758403705081,29.76218,0.396930593682168,162.781944,Vata
427.81512856058566,532.451128948965,0.3753662310661741,338.01848137489173,156.80583163564285,280.04908502755865,0.3111843572755423,0.3979373148908459,105.516392,0.488758927164279,121.8425,Vata
390.5743497995268,484.0364187691181,0.3810611008826562,310.1290792915176,156.6806821131996,271.35484479187585,0.6232967684884582,0.3755019372787791,12.084296,0.4438878187853344,188.275708,Kapha
344.1096959229547,494.83326278683626,0.1958537836916357,267.19280725040375,155.94560432183707,229.50391754928305,0.98022451886035,0.1768329506092719,24.37298,0.0973982101038152,231.785676,Vata
395.158123345734,476.8944993520976,0.41709731111917,302.0447778016608,160.058973937417,289.9052082174088,0.6301285770781413,0.361542749981946,26.633996,0.3712775938051966,177.186616,Pitta
402.4813764892008,529.87497630479,0.302442433860344,313.84786667049065,166.17464521045582,266.38265811318587,0.4261641379041316,0.4572888848197414,14.21652,0.6243796918128773,151.60636,Vata
408.4039058538236,521.9159540040723,0.3405299757138865,325.2752763902423,155.1292613040828,271.62156751101,0.5567110606435058,0.4426772557142436,13.545316,0.5531840247396718,178.580448,Vata
421.8529331460096,477.3950492489521,0.5085316272211841,333.4303647795949,145.1287070807287,284.04851879512273,0.6154112296914332,0.3900008317727894,47.612956,0.414755177967982,192.339708,Kapha
397.1807294264561,490.1647240517967,0.3866908420854472,324.7941895218503,150.067245454849,252.12648757515072,0.2439734787151394,0.2200179250280039,17.856932,0.5769963741023205,93.351368,Vata
412.9162487114012,508.96739213594697,0.3883215904014842,335.1626733488913,147.5293209858239,274.9487968761939,0.8385155246614044,0.286715581978285,17.399056,0.2933780370725046,225.274556,Vata
400.1167540815989,492.1567497995946,0.3911520371767081,310.165205215342,154.58655280311552,280.14483593257626,0.6237393544393484,0.4019619162068867,17.86024,0.4669299906938579,190.875236,Vata
388.8347942963112,466.3529882270826,0.4256859194298462,315.95426474113503,136.48584548272848,261.63602273661377,0.6175754982683845,0.2245761434354627,20.762796,0.40049610812573,187.436032,Kapha
447.9767855690874,456.0132153578174,0.6725037586657139,361.3611461439881,146.7266151337201,303.70205880364153,0.615755369565289,0.3096485526129271,21.766796,0.4111028615677939,186.06812,Kapha
408.433910955228,483.9132641802031,0.4427027159686056,326.7724223621261,150.228680522074,270.99369503556704,0.5544930942063542,0.4769330124295841,22.676416,0.4040942703686143,170.438492,Pitta
388.87380311647,476.9973575742325,0.3949177135368544,315.8779607556272,140.85876027142714,273.92455169660883,0.1922446604541426,0.2309744709908039,18.533092,0.5091208565486084,86.747996,Vata
444.6374691442045,507.5905349212302,0.4957767555532514,368.35886170173046,152.9905522099736,291.1667330002291,0.5803106682076642,0.3976482001407242,16.924024,0.3825634012159971,171.448644,Pitta
462.5667809220772,484.63153632999945,0.6261533335557207,352.1150955676272,156.60983284138976,305.56829118711994,0.554928797359767,0.1842298372664893,22.9559,0.4360622054354838,172.13048,Kapha
379.28455443842216,521.1387992214744,0.2496593873556537,298.08332692668705,162.68578068464134,252.57306363323585,0.4310240952492484,0.3343446187027672,19.262648,0.4396816545837172,135.780132,Vata
330.51308294463126,448.44817954001456,0.2649662134593839,262.9710863609173,127.71327616051742,227.4256794688198,0.6378549486752,0.4867100607159847,38.705232,0.4408537510937181,191.844676,Vata
476.667663294516,506.2897346469295,0.6045952957114605,378.1444312288636,148.86204753078138,320.3442278149287,0.7267973673119053,0.1292134623307637,13.548852,0.2873114378576993,192.516472,Kapha
401.7976901612849,493.1544157994365,0.3940817224134511,330.6413231787199,138.1011408427956,272.1640974310849,0.4383986615828412,0.146016260060583,19.149656,0.2217845530195534,126.188596,Vata
398.6613286385478,479.7594546827426,0.4210069826504479,318.82212896118386,149.5426406865929,272.1929249769243,0.5731190478350011,0.6469849136814037,24.845104,0.3275940280253841,161.549968,Pitta
400.5698290687943,485.902698334368,0.410081052415394,324.7631379556074,140.68406359032633,274.519401859195,0.5111411822695606,0.5356281721500704,16.6074,0.3807811757448256,151.951304,Pitta
488.44404750143366,519.12634078938,0.6036060740932598,377.2230939064976,166.33066641868106,308.47999600341564,0.8359635920481255,0.2353710180255096,18.090168,0.2750343966679933,221.024164,Kapha
373.9522053288037,463.9716948542431,0.379515676053204,304.8725087846735,111.86624195143204,253.54374508691868,0.1862453492957513,0.2821139448707639,26.641008,0.6955406684891814,89.275184,Vata
468.5299964426735,456.3855484167832,0.745973800771367,360.9510930094521,146.9304717131477,319.70441431593355,0.4538998050904126,0.013929050975122,60.484956,0.205192499122527,131.811136,Kapha
388.3110253211715,469.4423696111176,0.4147189141873952,290.8784172052249,158.62237026052054,272.15548879698383,0.3869789270814362,0.2905077098826603,12.253396,0.5952180157241526,136.5239,Pitta
444.1230547136446,525.4002257341303,0.4448309123238892,345.6280425395622,169.96124321310603,306.5231185487575,0.6575875477792563,0.5023569631035504,41.631648,0.1934348516709528,172.503944,Pitta
461.4986157387092,514.8206689209252,0.5297423481765074,357.4508185241865,148.71806844830238,306.5297440675872,0.7802253536252919,0.1560449558325911,26.065724,0.2964146537908518,210.120748,Pitta
397.3924480709349,475.3331233944938,0.4294255979348329,328.3710953212648,139.18378169627633,274.89159112949284,0.6788425695124419,0.242674206080732,20.440532,0.1062319888472146,166.54674,Pitta
434.578567292453,490.8257156190288,0.5114335884484992,341.01705990861177,155.30563092235786,290.4141907343279,0.4350852868906507,0.4520504160792633,12.75118,0.5629262023337066,150.47052,Pitta
415.2943115594254,386.0096185422807,0.8277849285561019,329.2922106127927,116.17592603585966,267.2657964770676,0.489591002903457,0.2433589896700145,17.842984,0.4237394505743379,160.891428,Kapha
380.8290929457142,508.45813378184965,0.2848529613769739,307.1259023958169,149.7947990000828,265.2896849742525,0.7478451827280391,0.3912455039254344,17.2931,0.3202903405594246,204.658692,Vata
420.6580122148021,441.3173274010593,0.6240208106221579,321.47881482298266,141.32516989320897,279.9603458585013,0.7830033349662084,0.3351241380360322,10.026168,0.3690658657703455,224.750964,Kapha
451.3007090686195,478.00680289559176,0.6089776688956421,346.9290429523095,154.97721020983664,291.71402868658447,0.6461774748793946,0.2590083269935047,10.294648,0.5222917451913202,201.584296,Kapha
446.47775467559273,451.42223099845256,0.6835826244829004,331.9989815575556,164.6440849344376,316.6581886620018,0.8980966516534727,0.2372304980572234,37.083004,0.2206073753370623,229.135852,Kapha
452.8642575106248,465.4176820615128,0.6569751391197347,364.9413763251923,124.64568136532137,300.49720639922253,0.5553864130929028,0.1530607640351435,80.726704,0.4504563736944763,170.749652,Kapha
422.4414677142559,512.6928588683514,0.4093887010951481,332.7087628568728,157.65639698765673,276.7511080785506,0.6198806334292698,0.3153229609365985,12.273368,0.4059142923354851,178.682364,Kapha
408.9784869398534,476.5361906169738,0.4663030186104449,322.58393164328487,138.07823266426976,275.14407439830546,0.6274723389800635,0.2823336947542759,15.810412,0.6819645858820788,201.437732,Kapha
445.9563691772545,516.424883742058,0.4751289380050391,359.7482058268534,146.33158661886904,292.3010385588526,0.3605676265152489,0.412951263522838,16.513284,0.5806874323326248,128.703044,Pitta
421.2615112427221,508.8765354946343,0.4158010141090825,333.66345464384915,155.2531586400194,284.43461869678,0.6053981038153815,0.3677463539106881,15.987828,0.4907631711756192,178.054468,Kapha
437.7152106818584,510.63780504021486,0.4645778867662219,357.3743732498985,152.269766041537,278.4854730341833,0.4074003677942228,0.6319441886851674,20.478552,0.5351385867007383,139.69842,Pitta
399.77731284100673,492.9641948070854,0.3877965629662854,309.05566431260286,158.02931926144322,271.56053400881467,0.3412260425471665,0.4951334063314451,12.602132,0.5539712688562142,118.221284,Vata
382.5203992706304,524.4001473422273,0.2523904077612773,302.8157726076129,154.93824077878176,265.6075439227547,0.6863094215183299,0.4890603563296452,42.717312,0.2964244278734824,186.8697,Vata
334.4422346641052,470.0741279300343,0.2225316759569333,272.126588830164,142.61075670597847,222.961633834994,0.1413927667778322,0.1574060570033962,12.4978,0.7812913457200051,81.551112,Vata
415.181183452256,373.2534886860702,0.8883523451972839,313.5940497921767,128.4791792229215,281.8883041988007,0.7966908513053275,0.1747161602978397,13.837192,0.2780951869378552,214.849288,Kapha
447.5004622362125,465.4711356486345,0.6376496112513391,335.4547760794296,157.76837247785335,297.8474612931957,0.5651947406276968,0.4236890277141934,96.8204,0.5087252847381025,199.638808,Kapha
423.09795287198347,521.0466878441284,0.3895392634096468,340.3871754707269,151.9742657559326,281.4849002295546,0.7541488820932244,0.2071158109674459,50.426752,0.259989990259004,207.420608,Vata
412.0637166380315,451.85594191201534,0.5555040580065681,325.58043210681234,147.07851073482826,288.1343197401191,0.6352345693499839,0.3254240811070694,35.315728,0.4276523078921784,190.177524,Kapha
390.1190627171489,447.8737824410477,0.4875885367303499,316.69119228771086,129.66073969720102,289.07646979383253,0.6650465337308848,0.31605127520428,15.492848,0.522975205093678,202.061164,Kapha
466.7775405697715,486.24212036083367,0.6352858226143625,348.90253954529817,167.8135054677998,310.00540539216,0.6420849795526736,0.2628154847397939,25.824516,0.3221756243629965,186.359164,Kapha
440.4630098877505,515.1051880847177,0.4610902116926841,343.7136761784664,155.1241684899473,287.6672568371398,0.7147878087717261,0.4194113884690309,15.241656,0.3299904001289976,195.662572,Pitta
399.66300982188,475.8991417656665,0.4356986599353322,320.4420066654309,141.18137971896877,271.31811543949783,0.4647993469890711,0.518947188804106,0.0,0.0,118.394012,Pitta
508.8931685829496,514.8318462685573,0.6826158228559152,404.62559538308426,157.06003661522976,325.9079039222781,0.5975405376704939,0.124664350793923,15.187408,0.4900288657864163,185.357008,Kapha
430.7394967276769,493.74265499319466,0.4898306497564287,344.7904284137493,133.1736195189588,281.00452735390115,0.6518467328223233,0.3557220622604949,28.834124,0.4134685103028622,196.753476,Kapha
414.3672360234851,484.47209286473856,0.461427503337986,329.87034374042014,134.00334382499457,299.2535492090512,0.7004084809870645,0.2121513005856449,12.45368,0.3140672040937842,194.05606,Pitta
433.84786897712894,517.6573427798768,0.4328624516426999,338.37135577944235,154.65799047538536,285.0075531762423,0.5396439904107982,0.7178804622509076,21.169036,0.3317341876275442,151.81754,Pitta
416.3368473862604,513.3803956323669,0.3878052505467602,341.7992533295191,147.08065472779876,266.97640721009816,0.4695600555985558,0.6004377722727363,26.54058,0.3590463000488738,138.03192,Vata
416.20845129321486,509.725735579762,0.3970446370150369,327.42561600253663,159.68075931494977,291.19753694407115,0.5889720166725034,0.4017142803164076,9.931472,0.3922792276131643,171.898508,Vata
474.8169858030535,504.3192223800985,0.6046102605242668,371.86775822461175,146.0525153577562,323.69413578762,0.6357450000188625,0.2943187039504767,14.404688,0.359073799151819,183.995416,Kapha
410.4497984969761,481.3501108946946,0.4571238023901773,331.2896172339266,145.65467671551954,263.67820786776264,0.5463468117637966,0.5617338168300255,18.815004,0.450875545103458,172.562564,Pitta
451.8206027099162,476.5273153203476,0.6156585296433815,348.4911914539149,145.13391839971672,305.2319730770733,0.8994764418497525,0.1172546088390903,83.059108,0.1216122421887354,220.7454,Kapha
406.65113558174727,501.8697975217064,0.3866437771009396,322.1353245543545,147.10385057108985,276.4475354336754,0.373604347263179,0.4280497917651245,28.24164,0.4240024392328908,126.572856,Vata
372.383979529137,492.9630117928117,0.2955019674070787,282.2517728791533,148.74836986816132,248.7328594261792,0.5370430956230465,0.7123547741398742,45.028972,0.3148267971786359,153.009056,Vata
422.222723923268,527.1513649399863,0.3711625849925192,330.6251816475753,154.9770995735697,294.579806439677,0.3602154600554139,0.2628981538770684,20.713916,0.6437045555800592,141.79082,Vata
428.5985729349284,486.1781329125988,0.5050620130988899,342.8811808401509,143.90513036827105,295.0326349231006,0.5988933585378836,0.5142477434034814,17.263352,0.4977158019535201,178.74314,Pitta
453.41450235671095,472.8325197797027,0.633563733456174,355.0982382933223,152.69742001424342,314.8308662189578,0.5974210820046592,0.2679841785525893,52.687376,0.2600272296826364,169.27742,Kapha
406.7754818864789,507.79001981090977,0.3713596876210311,320.4672045572449,157.2365466607994,269.19049367455386,0.5804771396008717,0.4190411012391425,15.464964,0.5481249494414897,180.515276,Vata
413.1045941955603,486.23455658986,0.4519650017087174,343.5716493986819,129.3252268135163,275.77264088657523,0.4634511012756894,0.4698037566303361,28.00096,0.4444259504020845,142.485608,Pitta
402.1340724889535,489.4948631809891,0.4053404593717389,327.1974772017759,144.23173677225236,265.4158603484451,0.79483494409523,0.4415083474204445,24.64004,0.1565029487006176,194.93782,Pitta
355.9054166397566,336.9795751318629,0.795060530630303,276.46620009206805,114.38403347385297,239.92338822308605,0.4208424110676347,0.3732191850152156,22.020368,0.6504994505581322,168.636044,Kapha
391.26779419680463,514.6804945765242,0.3035003416287788,298.7931634480684,153.76807514637835,274.0213665334176,0.471062813092036,0.393283521776,22.953516,0.4930102310842972,161.162072,Vata
468.4833092994676,494.75638169378647,0.6135729742188419,364.6771725892996,144.4291619042278,319.33933630442715,0.5626953018867213,0.3508869436138823,13.881928,0.4809682743068774,169.832332,Kapha
442.8528184441304,511.55450581364346,0.4787078086468085,369.490346627443,148.1811944530974,283.7612687131636,0.3757218208438719,0.3266980521275598,53.743128,0.2971426288156567,121.08466,Pitta
427.5133823788362,507.0648630365303,0.4411926093886911,352.4649239721388,150.7821674071636,281.97130798366123,0.3574327630952346,0.4688841748132452,19.188008,0.5271372255542259,122.305248,Pitta
390.38825828063335,461.8674469392715,0.4447220655577891,312.33268418334376,142.26754517728963,274.0549986319076,0.6945168665460485,0.3852893343766321,46.3757,0.3448126191881009,189.037308,Pitta
403.3144503566622,459.000334772803,0.5002670190984855,317.0537122694565,140.575544374699,284.1317206703048,0.8902871647586,0.2438121537970883,12.492312,0.299031862766613,231.326928,Pitta
404.7278190108953,496.80290531761534,0.3939397020753754,333.2513522152405,125.31791025057554,282.21541540119046,0.3699823904730204,0.4293912801886911,81.585336,0.0977519846283222,100.649312,Vata
367.7638604422848,433.4153821191012,0.4501807173294368,295.3851872139094,129.2508632486167,254.2140508506372,0.508895403711991,0.4563567916304145,54.762688,0.429514701098087,156.899024,Pitta
425.506587952692,510.2106567134057,0.4260252707352251,334.8585249498855,156.72807178125834,293.64221964026854,0.4669874946593104,0.5293920864340336,18.12244,0.5030394527215976,159.045532,Pitta
395.2330152481479,512.9171819185054,0.3206817128552512,327.72327000371416,148.49375271601542,275.1454883842526,0.4405991501290234,0.5456153957766626,12.82376,0.5348256472468418,155.160728,Vata
424.6852689436906,521.6190879995615,0.3931136448165575,339.233094115611,154.40899429378467,285.03289580473063,0.5662059700622791,0.4794085831987361,46.004436,0.2378305074811739,159.057708,Vata
345.92105738137985,358.2717281689948,0.6445170072561006,264.426692747633,116.53564664333332,239.83791168148355,0.7417826421385971,0.3189393097689644,13.544,0.2865559637299493,195.555252,Kapha
388.4597886196181,481.4817404995298,0.3808777046544906,302.2390750053398,155.62586795365084,265.3597865183109,0.3115088320137493,0.2974193104438192,14.56624,0.6216965119996025,117.249748,Vata
396.3840882200156,528.456985834648,0.2866636505406524,313.67102700244186,155.51055283808816,264.5144205203089,0.5526013282233947,0.4387273435204879,24.121656,0.5184950458399411,175.089144,Vata
428.70097963456783,508.806997118636,0.4402745852442729,339.05704175877423,146.7130957692429,301.76724297296334,0.5317859627372168,0.1862807756612215,10.168424,0.4650293114440699,171.181888,Pitta
430.2453245174388,492.5509335820031,0.4916701081582374,346.6188494392015,142.02133552505398,279.5744590124861,0.6800462564123392,0.7090656844915261,0.0,0.0,161.300804,Vata
396.7355444977532,506.1704264239906,0.3426716221851468,318.9586837881589,148.74859727415682,259.2386369572642,0.6096455724508948,0.5980075760601364,27.162896,0.2582755081273776,166.411816,Vata
362.2078917444853,445.8952755237616,0.3900385854601339,271.6845119157472,149.5519351069222,282.76518341456267,0.3613001327517055,0.4578410081869358,38.15464,0.5016919966772846,130.095976,Vata
428.6096876024969,495.4072586954104,0.4778211577690212,354.184128050341,145.56820074190105,283.1480064354229,0.58438590637453,0.3254136597201166,18.015388,0.4042624386089701,166.452012,Pitta
382.4822947405814,516.062081105244,0.2718434135921894,306.12664245067003,159.0704794503756,264.2222411127571,0.5110119943682263,0.6014674984714289,15.633156,0.5963003729884466,172.008292,Vata
439.20183816719566,515.4644356503431,0.4560365226544673,344.86737065350667,161.48539493500593,293.90647516951435,0.5147664700929006,0.5683441941135853,17.206176,0.4660357212165589,161.582864,Pitta
417.760945575448,505.66012176226593,0.4130486144187821,317.3508407871023,163.74526026549051,282.3925808335157,0.4907286310007459,0.3086900451704131,15.080292,0.611489888230411,172.841168,Pitta
448.5659819320887,502.2562825420532,0.524220991442131,367.0830297508618,152.48289325593746,298.8870630989685,0.5328824545813626,0.5743857285320493,11.003316,0.4449131014842155,162.590524,Pitta
442.1827150637053,502.6405540192197,0.5019935231749572,363.0916897929453,145.106882562901,298.89038639611647,0.5318340419872318,0.1140080555016147,21.80728,0.2501904004801218,151.999372,Pitta
407.841621370246,488.9402120031394,0.4262773505121097,323.6355496958124,153.36977478816465,279.8400883044048,0.5318511586818323,0.5701060365703334,13.536268,0.3307732551928907,159.509016,Pitta
448.2546483840092,448.8868994362865,0.6994359231122913,341.5737355754009,155.65689182121997,314.34072793206184,0.4384365872015927,0.3430084236590292,50.366168,0.3833719659998322,134.925656,Kapha
486.1509438702487,490.9780556340618,0.6854453711954442,387.288492407112,134.75870434284013,332.5924126243473,0.6936361895324168,0.3642777126151229,48.12854,0.3031050555539274,193.609364,Kapha
415.4113223987444,466.6890777511102,0.5192756097877136,337.0930179173586,116.6117750864288,296.3921427236017,0.189890763783434,0.2369403512230243,19.895196,0.4953390455390546,81.699208,Pitta
419.3535595592903,502.0065883715818,0.4283049946877376,329.0657106373245,155.0227714965103,283.368811179958,0.6503977333884384,0.1525008652930805,12.386764,0.6050037799871895,203.948684,Kapha
412.7671633529888,518.2476198619931,0.3637139465385862,338.34501946452093,149.79187408270957,263.75731463971897,0.5188885233224898,0.1305249699821062,15.592444,0.4839898500794148,168.628372,Vata
405.841595809596,503.8503566568164,0.3786848173593545,314.03795417463016,147.10335635957446,279.04947465482246,0.2686414248731217,0.6002102873889115,21.126544,0.6221965432631621,103.074896,Vata
438.4361234863021,487.5533320688874,0.534445884038155,359.21833350118186,146.0103466184888,290.1034555958039,0.4964325437286398,0.2786917513884741,14.466136,0.5517105522414081,174.972576,Pitta
387.5193689295668,490.6970401486924,0.3525279436805793,311.57022997192524,155.9648413471541,274.27413229774874,0.4534016149651522,0.6271996620304742,53.6708,0.2750354939311556,133.239824,Vata
347.1273103640213,430.7623672593194,0.3792888744081472,271.9292906007221,134.93014863345806,228.1838127977008,0.3524955297936036,0.5772883628996032,0.0,0.0,96.007644,Vata
410.19066577254296,484.8225889213909,0.4460918615601184,344.8299625247915,123.88915286960956,286.4720509962896,0.5697957201761965,0.4209170418609813,29.653756,0.4680205521104118,176.093168,Pitta
402.8963162794675,476.3315921629359,0.4457068008924219,302.5784535908687,160.39505746927605,287.99618174135753,0.5748411117238964,0.6575092805735593,22.729492,0.363708250487151,162.985428,Pitta
385.61355490896767,477.7957316525101,0.381321423400407,307.88616218358584,152.13429690219664,267.1768173852764,0.4410842769856028,0.5065731352371846,55.078332,0.3350689391875823,138.563664,Vata
430.033758337363,512.9516233124758,0.4332825767115901,343.6941530911425,156.80690259207424,289.83807199768734,0.490899476883312,0.4669645084763765,14.699208,0.4222409773569449,152.055196,Pitta
458.1215449967871,484.3345410740949,0.6118810722406041,368.9436908391942,138.41417181575977,308.69884903649336,0.7224348977657756,0.4160347651984076,21.332356,0.4035394603517968,203.407768,Kapha
366.0291281057074,479.289065483556,0.309275309772698,282.6917552452743,145.88077873448543,255.03376747919413,0.1812029877842585,0.2401150651594822,15.105588,0.4677585763101626,77.201636,Vata
354.66208226647257,501.6146087652568,0.2151801783974314,272.9424473530258,148.37115191809283,233.19281100350764,0.7451260563288146,0.576390177145949,69.028268,0.1910778122314659,190.96786,Vata
458.5709438360152,532.0561258396501,0.4723701708279301,352.22491246773814,164.3211173162567,308.0563691762774,0.6666494028179899,0.2773679794027884,14.492684,0.3284383298263677,181.692144,Pitta
476.4487271330862,464.18085545250585,0.7456731900575527,364.9425361050176,144.19430892010757,324.9184056005607,0.6995296099552784,0.3664634731915686,19.106204,0.4496742107504241,216.458084,Kapha
406.7807412904602,506.44578921102834,0.3749085435222992,318.5162028772941,146.48702182345176,276.56015281022565,0.574661556995543,0.5919248604725703,12.792664,0.3167153896526665,164.639268,Vata
457.13614976184016,517.3964561396317,0.5083253339326141,354.3365282408752,157.68750671214102,291.13363779447525,0.6113413091377785,0.3848350150492749,14.570108,0.368661583378428,178.112124,Pitta
400.9937101253864,500.0089095908015,0.3728593285134206,333.93124377349,139.91871719848643,268.94784921194304,0.7360372720941211,0.6237423047470524,16.32214,0.2959414632723399,195.95558,Vata
418.34667103821977,522.8795402204547,0.3697187418744629,351.21702463622626,155.68609641290183,270.5106832474742,0.6258758510288118,0.2369573933898862,11.441092,0.4765022106645336,187.576288,Kapha
465.2125143030372,514.8364299965721,0.5416785562727064,363.4482093845746,145.79877830018737,316.2263455751036,0.6900705793758317,0.2884443252483593,17.70758,0.4179351647792165,196.380576,Kapha
387.3231809514687,490.8144900875861,0.3515501342097092,309.2300828044798,155.05740153080632,257.7582052228913,0.4869448381707829,0.480365350325488,36.41292,0.4016779280754463,147.221856,Vata
402.7969094062993,491.981228821395,0.4006822024548596,312.36760566506774,161.4663017933663,276.3757363113691,0.4193097144084523,0.525392719821255,22.963748,0.4719029899171982,137.378912,Pitta
484.8717651351132,472.3797540143132,0.7456993859225733,383.7151523996579,132.56759489876362,317.8258573234254,0.6730096093484683,0.727980121776345,13.189724,0.2493599073140118,180.637056,Kapha
389.38788464792793,524.9646905515192,0.2728159233752538,318.373481129422,152.42226493473262,258.23658827025463,0.5765770415400707,0.4181050993409194,16.4766,0.3440373436805137,164.892764,Vata
400.8244894159444,476.2203600266458,0.4388088058748244,316.95047687040403,150.56090452278946,289.00647138600425,0.4662921314494722,0.646479177833208,14.332496,0.5765528265701634,157.791228,Pitta
513.6143141186932,478.2665989082949,0.8245340575356195,414.92027408075455,123.50954772017442,336.4086952003443,0.628538871592042,0.3356721007380081,80.915504,0.2527874366946679,174.940608,Kapha
419.5468427628427,472.1652477220621,0.5166761497801459,333.7634854425698,149.00765667714867,292.41654964078805,0.6666527137847063,0.4339430816275074,10.993568,0.3680594559978565,187.044944,Pitta
390.9171075831636,456.8290594034872,0.4621287099857324,318.9736531537868,130.7957784813042,271.59806457073864,0.4702427568690119,0.3757877084706522,11.211,0.5442571136752482,154.384308,Pitta
414.7455927963332,513.8462241485934,0.3814405246532664,333.49791889730545,164.24616779914012,267.98041714607143,0.4955195396399772,0.2955311915859515,12.96168,0.4915365897763163,158.842028,Vata
430.51809218261593,529.8990368011816,0.3902661385082914,346.187274335656,153.17749171837323,268.352295219518,0.5443971540294625,0.4992076683611056,18.878276,0.5993607243530436,167.364688,Vata
390.7591350679211,430.3259299928423,0.5490559436112146,295.62245197879287,153.45508925044916,281.83173594304515,0.5165324193406369,0.6985264939075557,21.052784,0.6367082030853825,168.145736,Pitta
412.6618120312492,505.6658172360341,0.3962839717518179,320.7418590042116,153.65494593068198,284.567025562766,0.345378737268731,0.3940969960088922,13.671168,0.527405295385269,117.537388,Vata
383.8355662106447,510.8963878636024,0.2886900523717944,305.00719657904847,150.6000506851531,254.07571200647843,0.5861919082863023,0.6102431286263614,26.747956,0.2237243117188921,157.666588,Vata
487.3422870321485,503.2605832921653,0.6492384529844177,398.6130190604175,146.82734241007304,312.89308528510264,0.8067581165038086,0.1313125587367505,11.352628,0.2245424817756405,207.689836,Kapha
416.6719231550938,489.16642127161685,0.4556199852659337,341.98140209926777,129.59336772222127,276.07025517512585,0.3645194759891503,0.2398880335606782,25.06904,0.6052379021840871,123.467976,Pitta
436.2109356695884,498.832079330845,0.4932650523288243,352.7846585602048,144.21748315310649,292.7688848644676,0.3509567730620069,0.3320171097864463,18.153708,0.4777258279002488,118.100912,Pitta
488.0074054375111,492.09201089556495,0.6879885320976027,388.4009977622349,148.34280247694662,313.137698430741,0.7784255723176534,0.3636730977855858,18.25532,0.2707337159056702,207.592528,Kapha
458.3394043581748,506.8763583009741,0.5427261986938006,368.1802498046539,165.04926409160805,317.31456996837176,0.6305365483769962,0.3452628419621183,13.162776,0.4166445469667122,183.867176,Kapha
442.4535450026819,480.1446098841568,0.571390476366765,328.0181721756945,145.38259216390102,302.2432703281678,0.4493035812941056,0.2912415208557667,36.282492,0.5456848218591569,150.002936,Pitta
427.0339313813075,511.1093970598658,0.4285529420243444,338.3564360935365,159.71782572822318,288.667932222235,0.0847792893533678,0.0463704663065272,12.876648,0.8033563288181012,75.472948,Pitta
474.3723877617619,484.7155197936703,0.6663327309053971,371.5001260763913,146.0911798019073,316.5292596312999,0.6127280222644653,0.4769440949919752,17.258452,0.6678612430040188,195.621468,Kapha
376.005420306928,503.1893213380646,0.2819567878765785,292.91335627744974,158.68492505530642,259.5129500977669,0.376438755503529,0.1980858908084323,13.457948,0.5110063935667563,130.134696,Vata
412.5997226134261,484.4289774814384,0.4554936501231938,332.0524588501368,143.3830473719999,267.7280241721499,0.7206537983370037,0.347073280286893,15.612036,0.4057850853778779,200.966244,Kapha
398.1737991380524,496.5744627780927,0.3726399835733396,323.0715022051667,151.80775409364136,272.5428310648174,0.6228953187907115,0.5124651303025496,30.927152,0.259145469005388,163.186252,Vata
407.57248187782574,498.3957271415149,0.3990954318686613,332.6078849520954,147.3054583503569,276.147194361441,0.4492028677065323,0.5584415790509036,18.824712,0.4673045625755339,145.022464,Vata
442.96678264127945,523.3107296303349,0.4467669888550409,341.5815154978038,163.53802842135292,282.6858389487891,0.8495198335735556,0.2305936979463594,21.724676,0.3037187801620762,221.573804,Pitta
508.5826142046829,491.2108440094861,0.7605157942161413,401.1811041820431,154.4620407160876,326.416217864223,0.5752600192461479,0.2112771847720521,7.481632,0.4599996765605817,182.828816,Kapha
360.4022734993135,472.6203368280084,0.3073986273516157,300.94128797240546,124.95119733102511,237.08289367093312,0.5750874075146665,0.5657983897693917,44.34252,0.3081720817897935,170.234748,Vata
423.8690961601157,502.29402469834815,0.4424428081309006,327.71900379353286,156.5789343384677,275.27114266584533,0.432879199800748,0.3117064488856489,13.374424,0.390638751661594,132.937176,Pitta
455.2711373687527,518.4191713889848,0.4994549535637113,370.60334118808464,145.8944604246278,303.3002143146542,0.4917970297939648,0.4242469705323267,24.045416,0.4331549982464047,153.661628,Pitta
449.5939935110039,465.6767250356767,0.6444117964191534,344.1247074527169,144.13320242773617,308.6458972122453,0.429952465755173,0.2628959399808649,28.74768,0.5665693017233312,146.254128,Kapha
485.1928113973181,502.121865956078,0.6457758262268497,392.8849543590144,147.13639612505858,321.1946018910581,0.8047073438526023,0.125267750797136,12.30316,0.2960723920890635,216.451688,Kapha
486.5119394175021,481.18582258306327,0.7201601673608257,397.59357241218135,139.35654014807804,344.10917027022936,0.3492794172570154,0.1999189374788027,60.450872,0.5554332285317592,140.98818,Kapha
427.9347005192394,479.7411736040208,0.5224102621969389,352.2864749781231,137.57089849036905,287.0684623072859,0.3885906053466534,0.2723484329116559,33.78942,0.5305057559386921,139.476256,Pitta
404.20432716464506,498.6523092719318,0.3871774984018296,321.49756666707816,159.60299419151943,281.6185753406652,0.5676127496539137,0.6322178071815312,12.625712,0.4357066415279737,164.6786,Vata
396.4534651127217,499.36427192702735,0.3594773021003959,320.2962822210001,143.89443051543418,263.4374496935288,0.6045628974113216,0.3747550782945082,12.534156,0.4205938165405703,177.152028,Kapha
480.5101257166369,506.67250582122495,0.6160102229682676,371.9039718309464,135.52651220301894,320.4777276351569,0.4633049170785442,0.3516906989237121,18.986056,0.5049823006387625,151.443328,Kapha
362.0898559045583,449.2541260582627,0.379514663581826,289.2137270736221,132.97380671104273,250.0434602213268,0.2953910661047949,0.464586098412358,34.311564,0.621020108343427,118.590628,Vata
441.4131851164965,503.7733140888636,0.4961707940838193,350.22895784867944,153.60764661013516,289.49668577108866,0.5930478167003879,0.3549751758407179,18.8861,0.3426778683843303,172.852568,Pitta
476.2598827780281,482.2730584291442,0.6810657666680799,372.4016037773674,151.5498259425611,321.229867734682,0.5351996898206115,0.3870611835599858,23.21932,0.3254643077511885,152.49146,Kapha
400.3955441346876,476.0193513543832,0.4379024274185968,309.7893251682085,153.6999164131594,281.44961847520943,0.2820578232043303,0.5614547610080044,20.343524,0.567257538940688,102.485772,Pitta
405.78775268145466,472.8728908773046,0.4661387244218378,331.3735421578544,139.0273599955146,277.872982383986,0.3786226290167344,0.5627437305888624,14.319324,0.7450795174797061,151.19644,Pitta
397.7574048936289,476.6466057347856,0.4268707854264951,299.6162825870731,152.4147376357283,289.11108214721514,0.2431525195011926,0.2025753233687629,0.0,0.0,74.211476,Vata
399.9491353118534,467.671976029512,0.4612534010974121,310.63368139427723,153.82699861106815,286.6851176692172,0.6594659896294904,0.3783583765306839,65.095084,0.2923189586682236,180.594092,Pitta
433.0207377947641,464.48259737964304,0.5892693225156126,329.8796434761498,149.77441347673468,299.25570333478555,0.9176625786996724,0.2510771937515496,19.916832,0.1709507140448469,222.43326,Pitta
485.8146852488752,474.059802921102,0.742961037541541,374.4886954205677,149.79947506251514,344.68016059702444,0.5506501253712597,0.1999047669343012,29.226832,0.4513284109320092,170.74006,Kapha
437.675288158692,517.0929574605173,0.4466759653663802,353.5202755431297,134.46129984400352,289.94005091115474,0.890586957744921,0.2024025979712142,13.613832,0.2036703587827712,224.424068,Pitta
424.97181435456713,536.3736352903813,0.3568018195022466,355.1078224395042,151.92642158951884,269.42338860152154,0.55011320696865,0.5222537370473678,69.060388,0.2457541823957934,151.645728,Vata
357.9147085713855,341.1385268099753,0.7834567934984897,279.3868866630771,94.54100402495872,241.9404720575697,0.6680602759684738,0.4288911766188406,10.947124,0.4377733788966516,198.427728,Kapha
471.9308698233768,508.4370368301856,0.5825166939229838,380.7635737615979,128.86520869454765,309.1490961309746,0.2932220819085809,0.2732573312622549,14.86998,0.5033991355862093,114.691344,Pitta
333.9550585399469,438.0189218651046,0.3071654445868719,270.70514963132257,138.4814705121464,227.9425310861611,0.4651036950629353,0.3385584166142894,13.88618,0.5242652658341151,147.12534,Vata
389.1965146313891,485.9913532088967,0.3709608305028727,311.6094636355401,144.0897057639408,259.1632606711999,0.4172213773348637,0.1520988576741395,14.621124,0.6091492739764155,149.985848,Vata
398.97337044941327,505.7483570859752,0.3511074991278248,311.31310572987803,158.21408225484222,271.49643587224995,0.7721650359185709,0.3934923736935639,16.801404,0.2463618804970352,199.142264,Vata
341.6189682177139,440.5702185432989,0.3287253383387858,260.8944332061107,139.38724546378612,227.9458725160921,0.4083398796830815,0.683443425054079,48.267848,0.3629731685732486,132.222328,Vata
441.0833994886872,494.6569395306978,0.5218853096193485,360.3123158999173,155.05528882980056,286.0220130115762,0.283017000228838,0.299269616618487,12.871516,0.6178970779308034,111.638572,Pitta
415.89037939931313,515.2239272990389,0.3815462256676947,334.4885181595778,140.05806252988705,275.6289562046285,0.5266383526170724,0.334198424264449,6.923064,0.3704793432950873,163.303384,Vata
444.6013411655193,515.3468636664322,0.4737620326798559,357.26210623354854,163.05314319482363,295.3581700667612,0.7116264977509105,0.590672340361324,19.852076,0.3619178377446914,198.632668,Pitta
456.20243445024585,471.9268345847588,0.6464326714356429,350.85545677525084,142.8391368228959,309.7823575721096,0.7276491686824769,0.4128037229662833,19.338236,0.2434124708786356,194.396336,Kapha
369.4033800864535,459.2705656771869,0.3767678128437751,293.5212825211847,144.1179135752426,268.0709543962766,0.6938117510342456,0.443185880578585,87.9979,0.2336627137282949,187.1561,Vata
371.2951198816992,478.9893567228847,0.3283296114923921,296.3932444899483,137.37198084798854,253.32891933602104,0.3312300734986452,0.2652616359652553,16.810172,0.4283769236036094,106.311716,Vata
345.9794548972835,348.66690636893946,0.6889729884031597,263.4934761580865,111.30647287320136,224.7121470646634,0.6523422942406758,0.2900850255068763,14.438476,0.5843886697888812,204.075016,Kapha
455.9077679349611,479.0526331603391,0.6215277155125564,383.97265759359175,136.92492605609874,297.8189674573331,0.5939793220697323,0.5639172942319092,39.313388,0.393392527698636,181.863724,Pitta
402.9046434828208,483.1796582441624,0.4258239186760847,319.7962312614653,149.9289257622377,279.1583593080459,0.6966446944226545,0.2237890901687911,12.470176,0.4789024147487294,205.010192,Kapha
428.6537749079484,467.6303654524924,0.5633352171451809,346.44851433333696,142.05981350083158,289.10103941679046,0.6688348214489962,0.6102752528907509,37.124636,0.296523991844735,176.956344,Pitta
420.48197563078025,517.9632276235636,0.3891795970589222,341.69954013252527,148.25484428513275,283.3748191363936,0.3300256040066149,0.6676653226509354,16.165492,0.3691447336702596,104.277068,Vata
370.6334705882782,491.0549798640175,0.2944561737456577,294.1086734942926,139.9512524509776,263.9631580709165,0.1814714369523309,0.3821556406454641,10.717156,0.4942541392480297,82.398948,Vata
484.2690201714252,473.1140869321396,0.740937116544864,388.2204453564999,148.36532544225065,324.28027327491503,0.8097495648988405,0.1529891544730193,20.801448,0.2633321525656308,216.201632,Kapha
470.5854571632995,527.3194472114471,0.5230729355075345,388.6462367406869,139.61282132149762,306.71755352760425,0.1772019955376998,0.1924171194179774,11.968888,0.8202533374693964,109.6623,Pitta
410.1113673733713,498.0154833341659,0.4086001252839843,330.16566192272626,162.02166259028627,278.2779420417918,0.4121198398182396,0.4450091074330481,70.412252,0.2852088621860426,131.055584,Pitta
412.871776628909,407.4287821279878,0.7239648519532083,303.94271383787526,144.29365021333825,293.8376049198989,0.6120017968315373,0.5715391793571823,35.255224,0.3178632450872659,169.372876,Kapha
365.3285095601301,367.0554492964277,0.6939607776379496,274.4743440870748,135.3284093394522,245.90698824076185,0.6218213214537721,0.3904340539753368,65.728756,0.5265222855161128,210.525004,Kapha
394.401412841054,488.2692526720247,0.3824610627576933,297.2986026538376,154.6665774141312,277.26030417567216,0.2763786524277172,0.2338154710467923,28.652284,0.5270974708658062,103.003648,Vata
482.9494234526037,469.8709517494196,0.7480070156630589,394.5934738681437,123.54656953019938,319.08577442646174,0.7941766436461505,0.2039773803886192,66.764448,0.214645353742113,207.262032,Kapha
451.5400023029616,512.3925818349372,0.5045162513087661,357.02521726166583,164.4320840055294,298.758410857016,0.730421551479673,0.2347494674933054,9.374508,0.3493915490074191,209.532096,Pitta
366.1889110442162,380.83307977669017,0.6379062430661259,269.4220088013797,134.75531028347743,262.0058352251117,0.5575797981104936,0.3661255594310781,17.984044,0.4184420834792412,156.871356,Kapha
436.7297283195359,498.8748835837883,0.4948677107246202,346.2754780242697,144.35486971267702,285.92314470852705,0.6783457037738679,0.3527905613063535,23.706888,0.4017277944659313,199.407004,Kapha
399.7199889306802,491.6392621085794,0.3912329346428531,316.0719453304948,153.8603172748713,268.27385957134675,0.4271104322581427,0.3692734710850117,16.517772,0.4996305768147011,135.636524,Vata
474.80836578591794,497.5607947023112,0.6258227891321805,362.5670874158343,140.31222609684843,321.6326891947775,0.4482020728337228,0.3004698200126413,28.883164,0.4814887146652564,145.858736,Kapha
462.4520815896327,513.474760996707,0.5367293376199287,382.2784922386667,158.13714339168,303.0226338810776,0.49667875925355,0.3616832166793171,12.646704,0.5004430748649489,159.572256,Pitta
417.1263138799961,500.9088770230169,0.423960271361161,318.40410309668107,160.97704027863446,282.1230835577286,0.8867658011572249,0.3541639645556828,13.057872,0.207623679789844,220.169772,Pitta
370.3636673375756,465.4227837106451,0.3625353619008172,276.2476612221734,149.15278994412142,267.31544232444577,0.3169424695252604,0.1848928842610348,10.065968,0.6379141965866135,129.850804,Vata
458.7441121533057,508.20518002555946,0.5401217890016475,357.0929590458764,146.13010194264663,308.65652460798674,0.636424109392093,0.3049170744259802,17.58618,0.3659648481448555,182.469476,Pitta
405.4277999865173,500.9345411267852,0.3851002245132283,324.87616765472274,138.07590151368603,265.6226281083288,0.1244562489660753,0.2079869682173059,14.719728,1.0,86.231048,Vata
431.055380896111,458.4521999616397,0.6025170305128522,330.0117844333208,146.5346124864251,304.04819759072274,0.7317232429943756,0.2791161259105504,13.679032,0.3406459564603276,206.281608,Kapha
486.53432332016746,501.1529781559775,0.653324897997809,391.97115363434847,144.53067974396174,316.99100972144765,0.5195031792103076,0.2016258609089359,13.072348,0.5341817563422149,175.11232,Kapha
419.8287311163798,489.71705689603886,0.4647360807973728,339.7016936909108,148.75541742677015,294.47598837619523,0.5193100394851845,0.4826467356106086,22.093372,0.3509227037860778,158.521912,Pitta
452.8253721321664,456.8994257150351,0.6869649627994696,362.7249167625599,147.3137018043077,307.68673505920924,0.6172040078028049,0.313080153183745,21.293116,0.4173740919218878,186.719728,Kapha
456.8352533510193,485.41559068644096,0.6039808421114579,370.6733785646387,132.270369208547,311.628737099954,0.5581050177640388,0.2007115519462906,14.418004,0.6333679314475893,183.839968,Kapha
389.4418140247544,510.9720527763658,0.3067289455389799,311.1964669080302,157.2685967070986,260.06408233856376,0.4773920972000298,0.5207608693034643,19.728676,0.4804003984179423,152.775896,Vata
373.6826526465016,413.0123073894373,0.5436075718453877,276.69851502925934,149.6058718275668,283.98567320837645,0.3916213238135883,0.3906542335842389,127.500088,0.6057365660889368,154.863792,Pitta
387.3020024622441,473.6339910777596,0.3990214234283833,305.81694587046235,153.2224652273222,272.2383988943315,0.5256303538833466,0.4694609599618883,16.752992,0.2891412507881726,144.46472,Vata
413.2408975315257,484.701344785424,0.456895866711644,334.05544886379465,146.65209044704827,282.26060392658724,0.4219747215517125,0.4438411998913184,11.799896,0.4914918889631802,136.683048,Pitta
435.8023088664371,506.4974066476483,0.4699435719357749,345.3869839904289,161.53167762970182,283.4231449593008,0.5735287047169116,0.5007028573218888,21.563156,0.3103027305174342,167.625012,Pitta
447.8282000078143,524.3926193928295,0.4592644198429721,366.6833393155586,141.9338414330536,301.4080900236144,0.3523031124612186,0.2266605684863168,16.271932,0.4970529874795859,127.918304,Pitta
387.1786405800975,490.6703825255639,0.3514458096184326,309.4358459755261,152.24993376815345,265.1414953712092,0.5318999603245856,0.4772628784435899,14.721464,0.4476600407277076,161.424088,Vata
443.2478139021535,506.8538081258405,0.4933376752722871,354.0136427613449,157.6873651561291,295.27690186978737,0.5630668726181608,0.3710880838422082,10.5934,0.5406028222013678,180.083184,Pitta
435.5391839953716,444.7194744460232,0.6674882361831184,331.55036663351217,147.96322206856448,291.1318779011304,0.668043600736102,0.5329949331484741,31.720664,0.2026158720028003,170.106908,Kapha
417.0442216970006,480.2463963661308,0.4831861013832028,320.502697313803,158.49249350562835,286.6993174379255,0.6169544411782483,0.3988835639312341,15.730152,0.4930086780348982,185.893412,Kapha
397.4881370140304,477.2125897237253,0.4242896842603232,311.0983914802368,149.6511386742706,285.82905152344773,0.3904235364543856,0.548339333671111,12.66346,0.4616186292731985,129.900048,Pitta
410.14027957094,521.2900882566037,0.3476229746536662,325.85350879189065,154.1791091763195,286.02163339948726,0.4912379580140525,0.3461963381599828,10.368584,0.5779336562955828,165.398728,Vata
395.45016838752775,498.5091960105382,0.3583963176925245,303.74107890425336,160.3352588570261,265.2377412921106,0.5702120591909347,0.5680890298829367,41.498124,0.323427787321904,163.331728,Vata
455.4584237540958,461.9011073312281,0.6786078954365079,357.03815424446844,150.8450259173949,309.47703768466334,0.6558140334742347,0.5678143778948611,39.77868,0.3563157691099015,180.494428,Kapha
419.4760659679548,418.3350412935867,0.7063057217035147,322.04799909116167,128.51279330040862,278.76311883445123,0.6779726280575573,0.3392362350971293,29.386128,0.3613003317988755,193.828516,Kapha
422.4681050699601,506.2959160605268,0.4267678105450193,339.9392915419443,143.18718815728917,287.8771772489539,0.2325244166738839,0.1102927069950682,135.286488,0.295068801438853,87.529448,Vata
400.364124460009,493.2279519470947,0.389052365465778,309.4558120300824,151.52611906402277,272.78747897366844,0.5922484690691898,0.3525797655986278,21.952864,0.4536666787309344,186.87512,Vata
402.2476204671776,524.1241793743576,0.3155445555374358,304.4117100772006,157.89028731487116,261.4030932717567,0.5518717316243555,0.5895857264077525,13.697352,0.4318694278444471,163.546616,Vata
439.94066187767015,508.55373878259394,0.4776809854887983,350.3172809897578,142.13490592426948,301.0166361801346,0.2565446374098143,0.2318021661027248,55.004316,0.4183767878805967,97.15438,Pitta
406.8886737201318,493.3208953829383,0.4107659173492163,334.1185689529963,143.4964801649786,261.7940310354543,0.6135064807056525,0.4689022253646391,26.546956,0.3434641165235408,171.274168,Pitta
381.8999708374092,456.3376679589801,0.4308388546189058,297.7656056875856,141.7137700239224,275.52914965573785,0.4836900174233102,0.338371353230254,19.948696,0.3761642130962038,144.33722,Pitta
447.3616748061275,502.416673946674,0.5197660424369596,353.37726866242195,144.18302636663253,289.4247180787148,0.6787372205714656,0.3891299869652913,35.436568,0.4368247189284445,215.186536,Kapha
419.4367210016847,487.61573617055217,0.4695370179079932,341.85451563369804,149.7943661519054,269.8844793457501,0.3750909913853061,0.3500944276954315,14.44562,0.6342795039209095,152.161384,Pitta
392.6619432267684,485.13334168729233,0.3851780506371534,314.4340208972161,154.12496199769572,278.877592236445,0.4174820808474663,0.5401445082704948,17.099848,0.5414218025447592,139.89288,Vata
490.3601467152298,527.349703702348,0.5852712322575302,380.79715975144313,143.71745297189324,323.4670347257724,0.7405969749242229,0.2871946985049637,22.855788,0.3261878599614006,205.248268,Pitta
400.7865338493439,493.5731190576289,0.389530994756607,317.10094089603825,140.99302435558232,275.48607982460624,0.5040326972611764,0.7205842931781808,120.261784,0.0574218576442509,128.118224,Vata
396.4855626057603,499.9620641866023,0.3580072364622716,310.67140521302565,154.0091113237514,274.8738595598521,0.7237706420714949,0.5670849351258204,25.953516,0.409913006275535,201.4049,Vata
414.8097981172932,461.90303989061874,0.5324318061045374,320.4227016949113,144.4494771214989,284.99527232739183,0.5856869356958894,0.5924859940804703,20.338456,0.3325298384680072,165.52744,Pitta
298.82722985904815,442.9687050225347,0.1612988277139598,233.50289910533223,131.16811030117734,190.49884110040503,0.7068431742354295,0.2129369342662406,18.486928,0.4327142023126391,191.646744,Kapha
432.3189392308073,516.2190883171354,0.4318214714670321,352.28320876070444,130.65249571304594,297.987187235664,0.5553926136305718,0.5411662955821293,24.642056,0.3713464006459605,156.877648,Pitta
416.111488983827,487.6864302799895,0.4580048076835933,334.2781626381471,144.10469884744356,279.5437034828295,0.8355228923449406,0.2538583205539017,16.540796,0.2568960288796963,210.55538,Pitta
420.04821591933074,537.5626301833227,0.3386780850308544,336.142117221414,151.09160112008024,274.9886310093243,0.3871051050130284,0.1936077194220103,16.480896,0.4521875511071418,128.434952,Vata
393.4730013833481,474.7762076417583,0.4173425832330685,317.2365829757452,145.0064735262285,254.1868901570413,0.5195875586954133,0.7234666501519426,47.965656,0.3846865547921905,150.658452,Pitta
482.9289608563744,492.8623286367036,0.6682995057133941,382.5196644968667,138.3200405350057,311.1366431086787,0.592294180476341,0.3933257331840568,15.99284,0.3824401701223817,177.228124,Kapha
428.3488707320669,521.5592826324413,0.4049358786291995,346.3763269374127,161.20390439048927,290.9547411236272,0.2142956586524149,0.3887379158661606,17.198316,0.5144643762204099,85.780584,Pitta
396.0820579570967,496.4694466460982,0.3659236614319779,323.4129108026087,154.67342746980856,279.8460198621829,0.5434643443398965,0.669006159728734,8.64984,0.427140645639098,163.28718,Vata
380.3473382701796,481.1194001856689,0.3538803541140035,298.57485668695864,136.24543515689288,257.3513173360407,0.3365507769454298,0.485199647575703,18.408512,0.329259302124423,106.175284,Vata
477.5221816398179,506.2303523977824,0.607582449099075,368.8717300536076,151.4757532737586,319.9052101141789,0.6646348300695495,0.4150302442732279,16.885568,0.4678755445632669,200.852188,Kapha
419.348992671159,473.32444024819273,0.5123673990936354,319.1761576279631,151.29949629534283,279.87201045538444,0.6726607538553498,0.3561703552692151,16.28858,0.5756042003638997,206.71466,Kapha
422.7867435499173,517.330179856377,0.3982293804355089,329.1371863922518,159.0326619544239,297.3936460203383,0.5935565417197459,0.3346171883237163,10.295644,0.4149073936900548,175.904848,Vata
459.0251593802234,523.9233547335216,0.4960320271836136,370.26209657555216,149.99672798768853,288.8332209896539,0.4930753639434682,0.4452276527764315,20.578908,0.4515016603448553,152.043492,Pitta
362.1526503224459,512.7429605177772,0.2139568847196815,283.0456974026235,159.6292020858572,252.71383238434785,0.5490068223572847,0.503360937673054,16.564296,0.4577094857691383,156.182368,Vata
469.35560221898425,451.3047850124773,0.7682089837508758,365.3135512355381,156.29419251300553,331.8110137999175,0.7352163329466391,0.3124847164073236,36.788904,0.3241932718658889,197.255332,Kapha
387.3195536521401,496.279300091892,0.3371046837309069,311.9070956430778,150.08277200903527,265.77532905283914,0.6560037017009218,0.3822976166671247,36.611196,0.5388007278264723,174.560884,Kapha
402.6763374697505,495.3422041511227,0.3910509466689257,330.62014886050054,144.9497774008848,257.7115173963844,0.3343375060610758,0.4116863062752983,21.641928,0.5962775330336983,114.4507,Vata
515.6746417263537,514.003764675558,0.7071746927684761,407.39936273687374,148.53168451939484,346.22100511952885,0.717250846945286,0.2071308738165063,8.644108,0.3102661494516993,196.961428,Kapha
414.6132077150546,474.8147116411647,0.4911822863832152,325.70577072659256,150.53849406628626,287.10892555714526,0.5933343457533782,0.6429710918299423,16.026848,0.3461834891402008,164.205104,Pitta
425.2454647685549,475.9045751300036,0.5249687150251142,322.07532494450885,153.78720987126792,293.2139738157273,0.5639306336018414,0.2253303351920614,22.753356,0.575936654221114,190.523912,Pitta
485.84125703481993,503.0714283225298,0.6448873444272447,369.7589482361698,166.11190178459273,324.7188172964961,0.6050689134579119,0.2520171058505095,12.31548,0.5177059110545651,192.306724,Kapha
419.8685077379275,496.5455826067153,0.4452871966836807,338.1653623465046,160.24638297099733,284.96851307428744,0.2019746886427099,0.4143862769454448,21.763172,0.6558840247531765,83.437076,Pitta
379.8307562424144,458.7283973659042,0.4161022855460236,301.04410970810034,133.30966879492698,275.15266066387085,0.3322371491749833,0.2888829995662422,96.712964,0.210589767808311,104.263488,Pitta
478.0265302824466,475.3810746629533,0.7110185119050023,377.0629909464633,141.07576514904736,318.8785784445122,0.8783076457164478,0.1003850810362198,21.423648,0.1015568206080742,213.129124,Kapha
374.1724924413441,493.25638854620206,0.3007782550583283,301.6706542772429,146.04862054915148,265.241366210436,0.4162223683774345,0.658690769351949,26.320748,0.4090932325264724,131.913212,Vata
458.931598122996,498.7630104249321,0.569129908472294,382.7270358579676,121.87736445046492,306.1691195986738,0.6036479268090943,0.2859791467786175,13.341288,0.4599145795821001,179.019076,Kapha
488.4196399165608,464.2719987802463,0.7881653087001226,390.2124871863232,132.3086033017556,327.33630522111963,0.6699470052687313,0.4092433092986651,26.50406,0.4283335732682115,194.727532,Kapha
415.9870831059625,489.3313269175172,0.4528185972461706,336.38477273628007,135.8338993209095,283.7539349887624,0.5458744070459941,0.4981352163012443,19.442684,0.4053707756887537,158.556588,Pitta
430.5511155061882,458.0892046869507,0.6019261515578923,329.47683633360805,158.2636868083694,304.728114540731,0.4736182573366808,0.2072013397472511,24.907412,0.2929394694270071,138.668012,Kapha
374.1047112806772,504.6490717875695,0.2721107754616651,306.26814465525075,139.06453481911942,254.6084602389197,0.6144788213311659,0.4364684742081783,20.022388,0.3209625408536397,168.12462,Vata
450.8075198687324,507.96595447385727,0.5148765110048695,337.4967572839068,146.4900515192873,308.2713393771464,0.7241729345607696,0.2593594542934245,19.51332,0.415802642263714,210.083888,Kapha
469.65617641599175,507.8516237272138,0.5768543038767283,370.2289074118044,148.13589029981918,316.02824555757644,0.7612951522551055,0.2512039398603479,12.827132,0.4125988870442864,218.556844,Kapha
419.0499985695777,396.86254647101015,0.7946352806338703,331.89080106713766,109.51848976865918,286.37259293281915,0.6926222109921365,0.1538645857998352,17.853996,0.2141528682729159,181.442868,Kapha
425.0494260728783,495.42951587643785,0.465820540901164,356.46274450046496,142.5802807359707,256.94418537786623,0.5977150757826102,0.2862051230360733,27.465224,0.4070683599676803,186.953844,Pitta
402.638609215833,468.2590122582511,0.4690125131485377,326.94159727188946,139.99068062379447,259.0922201902058,0.6311601940411107,0.3291812357310149,44.126016,0.4155597926044327,182.802544,Kapha
385.70524387821183,483.47762914052026,0.3658825210849215,301.76199688083506,151.07852434671673,271.5593875021385,0.3049002026472162,0.2811072534932723,11.88824,0.8247249043085236,132.976672,Vata
396.8887595191529,484.9021964418247,0.4002972765231,324.6183312261825,128.21230603803087,256.6713759477667,0.1870583220566489,0.4873671220866526,57.677404,0.2774551280138105,71.6895,Pitta
374.33925228715066,457.7633412429346,0.3990760863687029,301.77690828001226,133.26130814514573,264.81907456892293,0.4039176923372672,0.4520823552801787,104.65684,0.0423489223930411,108.770416,Vata
391.4468568555029,520.0451020733104,0.2910467520787973,302.6081804903505,155.76319035506745,275.11565626009593,0.7728421386453065,0.2143480730567332,47.583128,0.3752106745271674,216.527056,Vata
444.9070056968956,484.5646594510757,0.5658388313205444,354.8165948621999,139.50065601420206,306.66380952014856,0.3236210505886016,0.3412244859502821,10.133692,0.5740028545047954,122.524776,Pitta
409.7851808632822,505.3377287779273,0.3877089681226859,332.34101208507326,145.61355574044276,260.9518268768487,0.5561977805366047,0.7037213885489927,35.72974,0.3414564119129962,157.95174,Vata
485.5728101876674,482.268083939091,0.7131570921394411,384.5262634242764,133.04336868925012,311.14222486915656,0.6634410560033366,0.2659544178401783,9.821652,0.386578388412793,196.355708,Kapha
408.7834624254912,525.1038367921142,0.3338400066253629,323.6885035222622,141.01197266798206,275.8888225703781,0.4997578981004041,0.404127132646122,23.891844,0.4033071781808173,159.383524,Vata
398.9281625222029,500.10998668331786,0.3657300054494881,321.15612612337526,154.88459269260505,258.42862238284926,0.4056692338631709,0.3707419051595063,7.329664,0.5940625638522756,151.932076,Vata
491.9781512239021,515.3643551225381,0.6264040230387621,398.1523146721146,142.63762263145844,315.48066497241064,0.8944894236485859,0.1671599668083866,13.449964,0.2306736507073059,228.608788,Kapha
374.3773296676703,494.63753813218347,0.2979479427879468,296.54571685604697,153.62244620409683,257.5750277772437,0.4227206923861492,0.664286274233681,49.748472,0.3448434269615048,128.313708,Vata
403.7974798597066,468.6087235037723,0.4720542547107517,336.27226551373974,119.0621354595133,278.0656804088322,0.585346929513813,0.4923270823566025,22.002536,0.3748471259200298,163.797568,Pitta
366.6094576609189,496.4213048139828,0.2674403476548408,296.9329203897199,140.68906294562282,241.77161306240257,0.4142327181784594,0.7071280726830642,20.61526,0.5822594053009222,135.21364,Vata
425.5984103626583,458.9911411551939,0.580935970208308,329.47548844357016,153.27656665212953,288.61182495177485,0.7378825240113313,0.255542623946333,45.160048,0.4236132146677547,223.039436,Kapha
438.65344916182,518.1829022761937,0.4468542326954489,349.6518575114949,123.95190320439316,299.3405746905568,0.8171692005127063,0.3252534649237907,53.022212,0.2422032193498611,216.286664,Pitta
368.8010237078605,468.92517714338265,0.347128413362248,295.86765784349365,139.9784979130622,248.34626326390105,0.4306367522763599,0.5491938367807593,14.585576,0.5395764422393243,146.32996,Vata
404.096350405748,486.03261726282375,0.4217665648964295,322.30544744164985,136.64434427139412,285.95818359547485,0.6711216158609191,0.3579500425784438,19.280728,0.4882651249792871,194.501148,Kapha
388.06915939118863,487.10779657653393,0.3640680253304682,308.79171652857,151.1854571537408,253.8528602009305,0.4566979532286019,0.3157533395654869,15.531656,0.809855452290525,160.901324,Vata
416.58682280104046,498.3345313776187,0.4293073494314271,324.4092310787564,155.9372424713505,277.75457408203846,0.6825922493519936,0.4364280703548513,32.162168,0.4147572036845894,206.880384,Pitta
465.7133342009225,517.7050945355983,0.5349688538695084,384.9909285201418,150.1635523950822,293.1459903429332,0.4765731847655077,0.3690773340808698,10.531184,0.7343484187998925,182.30236,Pitta
393.5791103429032,506.9038572320977,0.330445322359375,314.2558694586726,133.7774395378528,267.0613210980265,0.4695167722336633,0.3347308401996541,12.841992,0.3555124205463303,141.54938,Vata
412.78778899280576,513.9310157959221,0.3748919388166107,323.83240515779016,145.94470483576424,278.4531155203925,0.7680934097153957,0.2495319517894653,13.413072,0.35798826826484,210.129996,Vata
416.9198241839738,502.1963739620873,0.4197312961692121,327.68104785019244,142.13626559395553,283.1834838610806,0.4992487316188171,0.3227298462428764,18.235388,0.4972101155644315,160.807076,Pitta
435.8150215323038,496.241473314222,0.4995223731624904,351.6096393426958,150.39992217856036,272.1687024342058,0.5232489059562647,0.4274432468840737,15.69398,0.436384294376057,157.546172,Pitta
442.7144351020787,498.5196066570573,0.5158438014616797,356.8509128658153,148.76238886303338,307.9694662211224,0.4843203251537874,0.5366286151518795,12.257824,0.5616451391512005,161.507748,Pitta
458.11147164553273,510.1087167765176,0.5324669648667686,353.8262250148353,142.7138578666616,310.3036230435813,0.9038226174263444,0.2522226869138496,0.0,0.0,205.907836,Pitta
436.7313548325728,464.9293475318978,0.6010376405145134,343.474669492254,132.9324059078928,296.4793274120877,0.7809133123095643,0.1936100085113427,19.253112,0.3080802830655358,208.312536,Kapha
471.8179017927823,498.2355018933847,0.6137070695043129,363.3930265955773,155.6425627378601,320.1283156964016,0.5955418174293623,0.2577799323003406,10.314616,0.3366081124278119,172.138404,Kapha
368.3372584851826,477.5348998966832,0.3219630282080236,300.9488736226839,134.60584197057307,246.04576949583745,0.5112771325695823,0.5840909698127363,15.746796,0.2929470489833131,141.735088,Vata
335.89820519525193,474.2422108913159,0.2172449237910051,261.1391656567575,143.61570807877155,241.47803215614152,0.4818061375610753,0.6703449341942832,25.5964,0.3900006002873546,147.4117,Vata
479.2544855471867,485.526176623413,0.6803201534668655,385.56856780187314,147.31667377199847,315.1866754235272,0.71435334973914,0.339125661102152,15.12628,0.2158913720273115,184.734748,Kapha
457.6680985710873,451.9806278577782,0.7226760457618364,356.1968408374093,142.63626504040286,317.23709929598334,0.50120264344372,0.2715659694907116,11.16556,0.3714383175370203,155.678668,Kapha
470.9070151434734,490.3805205867106,0.6358167065789645,368.5696832225834,144.54366388299934,320.4409964548715,0.8241884098185374,0.207900624816331,9.725532,0.3059020468785935,224.719296,Kapha
490.6180311202876,473.9096831843843,0.760335074527489,389.4019422661113,153.48049256877576,333.0041047630332,0.701288455674423,0.0890795497542483,14.963372,0.2349387295002543,187.930288,Kapha
414.4491696487172,525.8814842153445,0.3498227497948624,331.46490728238865,154.24057819541423,279.0312727866074,0.5424133431717874,0.3965719060424246,13.140328,0.4107787469106133,160.116244,Vata
396.2072655161157,493.5853915285758,0.3740877408751856,319.6265322868045,147.3197730914503,257.18924540007106,0.635253351561175,0.5962243603896539,29.095544,0.37691359319316,174.544536,Vata
487.4311201520548,481.2653248787645,0.7230550701242521,383.0858161184447,143.66400862348016,334.7002801256066,0.5096004188914691,0.1557519184775254,30.433576,0.5227726334329401,171.557684,Kapha
410.7794689457277,510.3303748803907,0.3777681190264723,338.590061786668,143.30309186319502,268.0916039747688,0.4468735524553849,0.4333519414285094,14.355512,0.6403197350578754,152.3785,Vata
491.2080470895689,458.2357768961445,0.8212899246212586,395.2195315326193,125.53927094677142,326.51278212967924,0.7073739723662303,0.326453486931849,26.519088,0.4188281513026641,201.984408,Kapha
427.1899632155039,509.5294116521114,0.4333647926776015,321.7985173689442,148.61524314816165,292.1934057556504,0.5908333217616719,0.5998918335580873,40.839128,0.3705036181324324,173.028176,Pitta
442.8551690981871,489.5277540011001,0.5434153808212543,364.0994994128197,137.071164956111,302.7993090524074,0.4817035577922618,0.466905225085543,12.036092,0.5305723682531314,159.149732,Pitta
433.10465116996266,497.3580871520476,0.4871959325137222,353.1584204704323,128.91472340633865,278.3342846013818,0.3843781526924742,0.3159093725446727,30.198444,0.517880662873895,141.603684,Pitta
356.7537544080593,464.330572507992,0.3169600560310158,292.7834383838132,131.7092368767626,238.6546314852848,0.5620219114560011,0.4018691338002627,19.698928,0.0102073496509757,138.50178,Vata
431.3445867824693,540.0403480405064,0.3674669374762838,336.4218809517022,162.06548214462993,284.5494869497928,0.5016561254850767,0.3126643632520078,18.350312,0.5064453744584415,167.909644,Vata
431.638864787008,511.6033161770658,0.442163502254364,346.6441233130267,155.2077839281439,297.4337786702131,0.4170043384499876,0.5752161652681524,14.131456,0.5193267037931003,132.16868,Pitta
401.10749954535817,513.3405726631432,0.3386336088514068,318.8973600627625,155.45464021406084,277.8238470581616,0.3887829424131787,0.5605819019351683,38.564952,0.5167029112383651,134.71616,Vata
401.0820616956192,505.7196171933235,0.358107670242105,334.69669502976933,145.43130169629163,261.4015542508791,0.6667362504782841,0.3744772843802277,25.527784,0.3444594861405196,190.29934,Vata
436.74935359320006,483.7453829523589,0.5404118860883311,327.236564772685,156.0573399035874,300.345092043596,0.4332354598194323,0.4363928087979391,14.047752,0.4853449363229489,144.332028,Pitta
392.3329756571628,513.949718624378,0.3087381608197622,323.66025243687966,151.39673870369072,265.4132192994313,0.4198631475117142,0.4261386730129317,11.673888,0.4970506579054874,142.3863,Vata
404.23743460696426,501.7954709028594,0.3788536596703867,318.109862501293,143.84828708136382,267.7145484805612,0.5737910536796399,0.5276988601665346,16.2565,0.3550308401848696,167.9572,Vata
481.951350884496,475.5090001935375,0.7242786898655038,375.6115387976714,155.40674517097742,313.2149302552243,0.873973008357201,0.1912857793690498,21.934364,0.2117810411021951,224.569548,Kapha
379.3528429177481,488.93776089052267,0.3295052844435735,302.89027818715294,142.852273132241,249.6138659690557,0.2160639155436202,0.1228567325317528,30.834344,0.4385342718163264,84.847,Vata
367.38258177970624,511.9789037374844,0.2326746364880497,285.3581894770806,152.06037843064735,247.4534517513416,0.6471492335774245,0.5532802325594391,12.886192,0.3296350050312048,175.58702,Vata
392.2091377960045,488.2370694764042,0.3750914518054949,314.03628407564673,155.15595186016782,284.7897792518683,0.5831566146653593,0.4230477870746629,0.0,0.0,141.98706,Vata
413.8849736882042,509.426509122222,0.3902656468185715,325.69983753236284,147.12221048468788,281.5570507589342,0.7485892071153758,0.4472142609294871,17.888616,0.2442291047669568,189.814524,Vata
455.7996220964368,505.6475644925551,0.5380333117645999,350.34319913622187,152.34144952092396,309.55502396366984,0.6022753404737307,0.3112389276022784,11.1459,0.4823207439997936,184.25576,Kapha
484.7401444814839,519.9178402186632,0.5893941882922502,379.4814451627837,144.456668737183,328.3457314157527,0.6110633685317858,0.3126043283092946,24.973844,0.424883592195157,186.603368,Kapha
391.09262039133824,498.1842229227427,0.344727555405994,316.9215567795006,151.3522183535024,258.1254959359309,0.7322024502437956,0.3428741540738749,33.43298,0.4075873823244342,212.539612,Kapha
414.1087834544879,488.1785567019144,0.4497621946443161,329.589538033697,142.66601658990157,277.4299178933574,0.300412177229908,0.3511051346824476,16.790228,0.6309342692774282,107.24552,Pitta
486.8047196889056,495.40305788425,0.6729472219570167,388.1694341012802,132.29423404349248,318.3982746681211,0.6392647783695067,0.2729197758033596,14.814956,0.3941132270246261,185.74586,Kapha
437.0291941060854,521.9124734787314,0.43163754183933,359.658950234086,144.6787424839144,288.2187871878101,0.2631911923950987,0.3571657939955177,23.893704,0.3960635700932383,88.632916,Vata
464.5282487518221,489.8272704097026,0.6159883285805834,363.3687452830451,157.71875346190166,301.1205711266582,0.5385761334121331,0.2622763883434011,16.386268,0.6847695787873439,197.11602,Kapha
404.1203277235415,520.5133885296138,0.3303632122596024,317.4319922137828,165.08044716907835,269.5436584175497,0.4828694796051273,0.7393391506634402,20.398712,0.4315715799792756,145.69984,Vata
422.14566576930326,470.78014208487633,0.5301873206948017,343.4250030447324,127.9670340581495,286.03090471267484,0.5357421867004768,0.6544125774298079,15.09052,0.4912226712260596,161.57402,Pitta
403.27537783594056,512.2009657368986,0.3485511693061377,329.5795329709386,140.82989293757322,282.9067805704871,0.7148894253502219,0.2610707810590113,31.626012,0.2817138933233326,192.638392,Vata
444.71278923357295,503.6062480697957,0.5075361698113297,348.8264777230509,147.56423267236536,288.3765057518936,0.6330064292151035,0.3604654437654119,24.2857,0.4106534394574753,190.627528,Kapha
402.94729050768507,482.0708414119944,0.429156548250629,319.4143853614326,150.5070315151557,277.3885965049847,0.4838048778686718,0.3472979692977063,38.3915,0.1440351356494116,130.168332,Pitta
475.787611419622,476.58843174794686,0.6989844189929292,375.6745628383146,134.53250691380893,330.2487105367064,0.5888110234242266,0.0740377649430397,57.007172,0.1182231338997327,151.784696,Kapha
476.3517268100352,465.3560344303317,0.741021621949558,380.3365960540982,138.35241219908187,321.45314786512904,0.5032957964688962,0.262604619296345,10.67696,0.493532916611916,168.172416,Kapha
386.1265319539994,512.4552878588577,0.2923194335100174,305.3342115344971,152.06529599254193,262.5055668720681,0.2667434784189584,0.0959297611229755,17.05882,0.4074431681829605,94.269128,Vata
442.0941507898061,495.4182620842456,0.5229980001588929,358.6659646673376,142.14811437260946,298.11027722410546,0.500798223909161,0.4869644187425663,17.879756,0.3910598137394094,145.825504,Pitta
484.53253280297616,522.6507221843285,0.5806370252126073,373.1448651507496,151.987460126495,324.4323176666944,0.6012173963087498,0.3180369435019377,12.351068,0.4707124256241266,190.11686,Kapha
354.1222103224222,451.18634359387767,0.3444500706014933,282.8350274003683,128.3214634218486,245.2667803931066,0.6144470360506885,0.7461067369806608,8.596428,0.0409803988960114,148.520296,Vata
353.1967548467616,487.80573849275015,0.2434350410198869,275.1496676386639,155.46000140205447,243.7417745624086,0.8588010351406342,0.1719389520843062,45.137544,0.1941032875084725,216.719604,Vata
405.1071049601832,469.48234519609633,0.4740242468023218,310.14767240358464,157.27937393481974,274.3371077285969,0.4122264529465075,0.3599427865988069,14.837212,0.5601428001912817,144.81918,Pitta
433.2315417919892,459.3552601604993,0.6073155260408338,332.2395833159776,145.9504914313533,280.3877494648069,0.6028389673411862,0.5048342676691603,31.87566,0.3414251821152992,179.012676,Kapha
479.341196778809,508.97302527840736,0.6050757850091089,378.07113191403016,140.5634537176159,309.91565107947906,0.7740198194066314,0.3399918783302946,11.662616,0.3787260524846967,220.295052,Kapha
436.3046342816703,493.5068221774936,0.5092533504062204,351.88356422958043,149.54119250141943,273.6032485918004,0.4461488922067228,0.0828204351043151,8.84164,0.4976395674851958,155.468232,Pitta
450.1828265368824,499.8406248921584,0.5367628721560624,366.1737291709795,128.79995884518422,300.41723866759685,0.7576534500634382,0.2948662890810495,23.104752,0.3289549888470796,208.20468,Pitta
488.694553055457,488.8302379326972,0.7013143365675628,375.8379614833128,153.64447457997497,325.9524514104749,0.5337991107666458,0.1996529254207191,20.799936,0.4618009437678625,174.575548,Kapha
460.70727596491247,473.5609804884785,0.6566923172988622,356.7760491147208,159.2681990103355,301.9215099258396,0.7958960988946026,0.1523797491657775,148.799204,0.189159678056911,207.293308,Kapha
438.8922212174912,508.6943769206924,0.4738604122794946,361.1656347409672,134.9659612412354,300.02671968437045,0.4848422739735462,0.5531079393751129,0.0,0.0,122.38932,Pitta
393.6094788850731,509.27920669893945,0.3245293206307362,315.0114663488648,156.58348800347147,265.5556237379859,0.5401895975927307,0.3595565045195296,12.47136,0.4987660009666719,168.80754,Vata
392.985840347707,484.84782834610496,0.3870793023097219,306.9276235438932,148.51027440925327,253.1928218794372,0.5797030957819729,0.6344967145015046,58.505128,0.4328524405901209,169.038352,Vata
434.2510614935928,497.41073461002463,0.4908709653732768,351.6280154506351,154.9953365402434,294.89300081664373,0.3926846457911754,0.514325819710701,18.458196,0.4248007403859152,128.33874,Pitta
458.0282738715727,486.8039527958984,0.6035932494068379,357.14046714792164,149.59421704024183,305.7592123214887,0.8040489029382684,0.1909199345578413,11.348408,0.3261506205377683,219.87788,Kapha
488.1633333903264,494.55025159259145,0.6803246526612139,374.9921014563116,167.6205234260987,320.4180687984623,0.7983613644457719,0.1339571708206323,43.694764,0.2152874721447085,210.67372,Kapha
373.0279355455354,485.58380813077486,0.3167716780977015,302.45036711061863,148.99817519810284,255.68191598561256,0.5406652129449248,0.6113761535625625,27.546288,0.382125559452284,161.287208,Vata
478.7613366477435,483.323021490768,0.6860988856304905,370.79581609717934,146.41857307961553,322.96994511007927,0.5200209742718221,0.2594465951234739,12.381996,0.5645008593765087,173.555628,Kapha
391.9022729876779,482.36274062198106,0.3902840095329639,296.6359554688953,158.97826927373166,279.48571737399834,0.4859390868811312,0.5870865744617687,25.857048,0.3629912312129977,140.157876,Vata
374.6049147379344,474.27427350730136,0.3527210413318906,287.47844293901954,150.2235471550945,279.5610962728468,0.539627576042471,0.548050641159889,58.686596,0.5158082028558013,176.909896,Vata
388.4492125832174,524.6287882679876,0.2706329150511904,299.0010328025612,160.41899309733117,254.1687630706595,0.5540298598630328,0.6867597000900626,52.504636,0.3360456553308015,158.941272,Vata
469.1930092889265,519.7921768962862,0.5400885714239766,385.46769998993216,152.45921361724592,311.40516457245434,0.6280026555157053,0.3599085986510436,20.146284,0.4310176308920162,184.716928,Kapha
467.7168291681351,487.4263636352076,0.6346126506432782,380.97425257126025,132.226924789502,312.5340141955109,0.4490907363004037,0.0734128645378643,17.758564,0.869116761900106,170.62206,Kapha
394.8537628573872,458.5783513720907,0.4709654761569437,319.78707416656147,137.23050473752767,264.08541138718783,0.5725321238017411,0.5100206747289315,31.276924,0.3562598593315378,160.635028,Pitta
503.4099703566155,501.6601610369534,0.7075688858165231,403.2744850298901,157.2108391114823,327.67594776541534,0.5360135856388967,0.2002456432767657,13.365676,0.5728130498554516,178.635712,Kapha
467.2472555433901,487.4500136041295,0.63293526924756,380.4491269290932,142.66861209632623,291.0780772315461,0.7802301695768793,0.2394513215352983,19.869236,0.3759022372959546,213.279768,Kapha
379.88664726720873,489.0496266877172,0.3310234743118246,284.7687166406331,158.90980456274804,257.8920467685274,0.5168880171659779,0.5031019227761897,10.55054,0.5005468590791335,168.714656,Vata
420.813307063074,487.4788378647302,0.4746286320521761,327.9776438477134,153.46327286678087,286.6612899312749,0.7623442069761145,0.2773822307627427,20.100848,0.3703401765641604,207.895552,Pitta
380.74121285799146,483.2648128077847,0.3494048202356384,299.32510386262726,156.1214107371257,250.87894219135987,0.5645533361421033,0.4879873939449606,26.522288,0.2758328328687915,153.665824,Vata
343.50424325548767,483.2665910927397,0.2214181232428931,274.38562980217097,141.7723511151966,235.8844759193036,0.6374973040704343,0.3977466628216983,25.4476,0.326621278910521,171.195348,Vata
419.2561073126053,517.5876074515974,0.3862242497102278,329.8461473013255,151.52340202897977,292.30516051897115,0.3481783903917913,0.3940458623409718,14.91284,0.4637546799117922,123.3282,Vata
413.5210956381782,473.7788579473888,0.4905246231651875,343.5384549881793,131.9402140823839,278.3271434392204,0.4916147460263784,0.2888348211091394,21.419592,0.3981568443494728,155.417124,Pitta
378.62592679081934,499.7614882258572,0.2991790489168813,289.22333833520537,141.5843658225693,272.1580790858617,0.7882470634534531,0.4373208577605945,46.466592,0.4520715957123412,216.61416,Vata
357.6643583797642,529.382878844596,0.1629994479533526,277.19192954217453,161.5272895300957,238.8790058648355,0.7196744143822936,0.4081894109207144,20.5644,0.3219116059651682,189.479992,Vata
375.2020692037916,488.70760519685535,0.3160049907915014,305.1418672250511,139.866746282099,258.81241508636225,0.4893768736559983,0.4587948307687974,16.376708,0.0056300404049434,123.480368,Vata
361.4074536064296,489.5671992046896,0.2669646368494286,285.0352725447147,139.90968549577843,231.4116811849221,0.681207823802311,0.3344767547400932,42.972984,0.47397084143001,207.232484,Kapha
411.6339173214973,480.8225296617741,0.4627683034401944,338.2255214915104,149.7978947253925,269.29051311618053,0.712132734528615,0.2604368940679443,105.239384,0.3436401006538068,211.299056,Pitta
495.8936049803018,513.941300840709,0.6434484339742141,384.7652121721213,156.2719903166284,319.1575527048133,0.6805596167851002,0.4052470527596759,25.857136,0.5103354762263925,203.927212,Kapha
428.8492623118341,511.9479512436919,0.4321695313435944,353.63513520754805,155.3880849133347,280.0317259234329,0.4250820939147482,0.1311770617488477,34.367724,0.5159841363431521,151.836448,Pitta
395.386770082996,536.414883314079,0.2650928495557433,323.5877553179192,153.70274314416915,268.50949436583005,0.6493214083415653,0.2371143851111892,29.533404,0.4381538759994042,195.469548,Kapha
357.0992297142509,478.0244705422315,0.2816027356087798,285.4104516933253,149.90278583347026,246.04262529199715,0.6386911784689722,0.6677462905658075,45.096792,0.2734243739894206,169.493588,Vata
415.5781373949475,486.5392863620262,0.4595254427881985,339.0092653893649,148.94915967363582,277.7983927077548,0.4280010622383886,0.3620841831267028,17.0923,0.3947413342206873,130.63128,Pitta
505.8460948545252,502.0938746469967,0.7141880168400897,388.5356342839342,153.05102039906382,336.6190242177435,0.634414031531801,0.4601425206026474,14.907704,0.5190359121741112,186.64346,Kapha
440.6530163620323,465.15513320481534,0.6142836987418869,347.08433313096805,138.3229893701978,306.1739147866395,0.4004303213275139,0.2921871267250481,17.159848,0.4557330278372626,128.9431,Kapha
476.802826877532,461.7706235713099,0.7558454845837326,384.6469657202359,126.82364748952013,305.53022207558286,0.8384775589097232,0.2965628057932794,117.015332,0.183416096236124,214.688964,Kapha
483.33991976329145,487.2394425021834,0.6884821593259437,398.6439130476208,145.31841926590093,317.56367477334794,0.8732066499943774,0.1365478293714802,12.898612,0.2738686305223904,229.84512,Kapha
414.646231973982,538.5993717091656,0.3195208573962025,333.98195121446213,156.7888806853736,266.2713997119798,0.6108579481301145,0.6638473072537958,30.894936,0.3152349284321075,171.454552,Vata
384.38559743319786,475.16345025869913,0.3844551036977074,300.03052914431163,151.68784039679784,271.9601078733379,0.2901373445180063,0.6887760681384485,20.253684,0.3864535873888067,99.86138,Vata
397.5092183113559,486.95284577653536,0.3966885635428212,307.9646572296059,157.6485758223677,282.95101977497006,0.640972956264658,0.383758842642328,21.176912,0.4741835754357282,193.662356,Kapha
406.64439868467167,518.8160971791068,0.3426626527571318,322.38737098640536,148.40375588375153,276.68818007688327,0.2094561691015449,0.1938927815755055,48.594792,0.3302269025429091,81.897052,Vata
404.8972080599606,485.7644618130513,0.4252672518500446,313.6111178780794,157.71827982627465,275.2666141742914,0.68375014457888,0.4134549724215866,21.337288,0.3499378678954574,189.47368,Pitta
494.58548970589385,505.1311066014179,0.6670993867082721,387.7526055135298,148.9576009615219,333.4808907728315,0.7540230252250716,0.3266723471280046,16.420504,0.288452810999155,202.732096,Kapha
411.906806695508,462.7527067781808,0.5192732553321855,321.54293168066806,141.97684243215755,282.0567961940215,0.3188665023838559,0.3390444074350277,14.197528,0.5483070444835213,114.106648,Pitta
472.4893758852519,481.4949646659766,0.670709661128338,378.5025458280513,152.27846310480172,310.325354225014,0.7443496847999819,0.1666365103512168,11.724992,0.3316159195396168,208.648044,Kapha
412.7388437462175,506.37565269302223,0.3946365439358754,339.6934570478531,151.08072988188263,279.35348182402936,0.2214138959627637,0.2086939661354123,14.069496,0.6141288230167863,92.773512,Vata
410.7407207691152,528.0201619280617,0.3328552736195853,316.68083853299856,172.96593997061566,285.92299774605834,0.5688245835385798,0.2939841567009475,44.332064,0.4619181483545712,186.337956,Vata
490.65973734365866,492.0457152091349,0.6970968166393209,395.1934832203551,119.34555061477928,323.29281869037413,0.8404131299856638,0.2108240474183005,17.081036,0.1664115895568637,203.629404,Kapha
413.4853694959455,506.2470046815454,0.3974298872828522,327.6796143995819,134.69213427776526,264.8434907862599,0.6430468053505543,0.3657552457883181,41.763736,0.3653915028210804,184.480348,Vata
467.7596604266493,479.4817200014052,0.6611691295444473,359.0842360515316,152.94773792188582,318.24516371161866,0.5962356355213995,0.269136755164878,10.906528,0.4952858873590827,183.889932,Kapha
363.8996995006624,470.5533813131399,0.325307527232062,290.88883508745613,146.6933523751616,248.33782910512136,0.3369097860698118,0.519208113457123,18.27512,0.4598217679995386,114.634552,Vata
369.92844088778105,466.5730746673206,0.357727397037626,296.26422711307004,142.17257143835778,260.8539476194908,0.30838546667815,0.3625995352759077,29.931452,0.3315279359149696,101.964244,Vata
437.56344845466776,474.8019311972808,0.5715065653491027,348.6895190131635,146.47777294805047,296.17490573282595,0.670982354594181,0.3270236311190382,29.159604,0.4202350452484318,204.73646,Kapha
382.7688663719984,341.3665920150657,0.903223908390136,306.5754553699608,97.17589722113624,255.06534666275016,0.4316484231731711,0.2647520485175562,29.062964,0.6079667450258867,161.052612,Kapha
488.01754229445777,511.8201714562048,0.6245307119311859,367.11352621767065,158.9358606565996,326.1519476666148,0.8638371359150633,0.1562262544098109,16.873432,0.1990231623137843,222.141124,Kapha
404.2398894547649,497.4942189683277,0.3904303693677102,326.9411809485751,164.4521489654425,295.2937224248375,0.5191526983335283,0.7408005900977812,16.666704,0.5442353034597754,163.705828,Vata
350.9097709241004,485.5728380183112,0.2411423692235914,270.29902271299625,157.0803453899237,243.05841838568904,0.6538791045251725,0.4382290835649338,42.166868,0.3346336633315718,185.806672,Vata
397.8720389089638,527.7529691903524,0.2930085494841078,313.89154088253935,165.62642689054886,269.57086726811383,0.4642014666659497,0.6623630046070625,14.393632,0.5582764905999322,152.031092,Vata
396.84348170498055,525.8794839774057,0.2942209541044699,314.7456947522716,151.51983068625808,260.83081230062675,0.620136079528056,0.5447804275725895,132.40646,0.2338254462957543,165.115352,Vata
384.0731990936644,466.78616455485104,0.4074575572323575,293.7147743812109,150.5002541444578,264.5414567086237,0.4443282819084685,0.3408450078985512,12.31236,0.6594495560777103,161.60838,Pitta
397.8661195293254,498.8290118616066,0.3655960373608221,308.89725783032463,153.03212982143498,279.98456903711974,0.4414697136443213,0.4302322069474354,38.54686,0.3826641806172142,143.327004,Vata
342.4060723244214,477.8977243587428,0.230864725239456,269.89572652619444,132.59338503209986,239.0118052817713,0.3561957658635238,0.5338133320340516,56.22944,0.4401190743231372,124.388844,Vata
388.8501259187146,484.8134223157485,0.373005920807504,305.30532768068963,147.67661199598433,265.50988256290884,0.4586742592283866,0.3986113908980445,29.370748,0.2919062695523855,127.258424,Vata
394.8664427905262,465.141049121601,0.4508326022265999,317.7705921369081,134.43631391426848,270.2868332439172,0.2644556004179283,0.3015192037267996,8.807592,0.6222378510009808,112.4409,Pitta
428.3009603941835,450.6163460828994,0.6195211139094339,321.2766284824708,159.9650737510622,304.9439913112123,0.6994474377813167,0.3097712131588356,30.718624,0.35960168401873,201.218556,Kapha
380.0003539069822,465.6412796681463,0.3962897229026226,303.4956095095323,140.19440205906244,260.7416950983142,0.3606935435827967,0.6087945365840038,66.579676,0.5247358735639526,125.169536,Vata
464.16842065169817,489.7285449588603,0.6150854770250821,353.2231291824232,160.81195247407982,308.7384918281601,0.8882152219868737,0.1031274408958997,17.35484,0.2534484786665707,235.478744,Kapha
473.7870580230093,481.9367959546288,0.6736877810870038,358.578530531301,167.7289673714151,337.955338240963,0.6210767552718818,0.2227569999578481,11.26042,0.5940106717451833,207.365168,Kapha
427.85962849581256,499.55571188078846,0.4633939333219471,339.51058909530406,161.17315599734553,291.98498805286647,0.6137301415239614,0.197731593203827,29.632016,0.4831940641911779,205.207148,Kapha
405.9428321090925,499.3571568645469,0.3910597177727048,322.07490993421845,145.08846964082272,281.86987709314855,0.3414526531358226,0.3823679431225569,37.951688,0.2918745164445648,108.309348,Vata
405.0614362380899,496.02215662161615,0.397186699021228,317.1775454010716,155.81100040854542,286.25161859159226,0.4739593069749347,0.5107574926151912,142.159112,0.3170738570873139,141.260648,Vata
469.38786353306966,499.311789149266,0.6022330699608641,381.93832266342287,149.15958610201585,295.6136548233484,0.5854187273253963,0.4477507440488992,19.2912,0.5264619866850998,188.133728,Kapha
399.9505797724647,484.7092170170836,0.4113305614841231,316.1988899011508,150.86710374688332,276.1636066559367,0.7828281547272137,0.4043587162760916,20.207724,0.2979549918181306,206.916408,Pitta
463.96007142268127,481.32880670781054,0.6418394382397676,353.22978074262204,152.46567675946932,310.62121381332327,0.6113079787395002,0.3589514104757291,28.47576,0.2585428014337212,168.99642,Kapha
423.2722681565841,511.2270793274655,0.4160119193982627,336.85767910036776,159.43216015738173,284.7705454251202,0.5531985463531728,0.3450085779373656,10.812828,0.4156268944670522,168.737036,Pitta
384.48837956306346,499.21729319963936,0.3200560058676494,305.60921497829224,153.00986416195508,261.3836567411544,0.3715067394827845,0.614346804773541,32.18776,0.4568511221187051,120.22904,Vata
382.8897789853764,490.6338753760432,0.3370240398339285,300.92570519216173,151.62471449450413,261.515892617047,0.4951931987205301,0.5649328604504729,13.473652,0.6138691767906356,161.902532,Vata
476.4374869343688,510.7645524679778,0.5901464158205607,365.8920032415101,150.70860135721347,320.82767958729846,0.5314080309363889,0.4172447991779156,26.43012,0.4151621781963478,166.606448,Pitta
385.4992521697023,447.1953257252237,0.4726246636650585,305.20441518037177,127.08985546766846,277.7651084976635,0.1340257855679897,0.1029249951695187,37.11564,0.5387994617535926,75.919552,Pitta
388.07144635360135,522.5199480516167,0.2743955383872798,295.98733176844,152.48836884008244,276.46907667609804,0.35765004277769,0.3038797565150215,14.000724,0.5110251145644027,121.274312,Vata
432.1667864817811,501.6223797870988,0.4717947442185947,352.71224451007294,148.94799918095222,282.1423703153315,0.3411357033219712,0.3486038185286323,13.138596,0.3705196381746024,108.841932,Pitta
410.9927572899738,516.7866103176087,0.3617509464525312,316.78957043907764,153.64650024684624,277.74669188988327,0.5646890857774757,0.4529802638690556,117.21432,0.1155104967907922,147.071284,Vata
419.09595159580255,484.8848688350971,0.4764163025092773,332.3239150310358,148.77998602939402,269.7118554853711,0.6591254617193252,0.3712701515543071,35.76888,0.4008623914502875,193.482936,Kapha
436.3298895710313,497.13735406138034,0.4986138619398017,353.86276236718135,133.15642540429155,298.6341435641898,0.2652124673428316,0.3019921358802745,24.326644,0.3884592831637156,94.798672,Vata
482.3343312503267,483.3479681642153,0.6982921315684254,377.26853576826136,151.20334544260814,324.284651140679,0.6284459437928686,0.3640412033405803,37.47286,0.3558537875566171,187.413184,Kapha
383.0928488771781,492.00043666414376,0.334109275242645,301.73207235512444,155.72169175256792,259.42178052128736,0.4682444981565741,0.6922988941335942,19.43878,0.5425471556440449,145.409532,Vata
505.6898770790008,538.0767326679752,0.6018017317953142,387.4574112192734,156.41596112537005,357.75443404902546,0.7617580053355927,0.3124873428790013,26.97882,0.3089603894075549,212.0562,Kapha
445.9869378159273,503.5082681650044,0.5120247321116989,363.2183504449891,148.8603917490764,293.06818942574824,0.431994088098363,0.2301383051020839,113.651808,0.2978012905705458,134.092464,Pitta
489.31102606351607,485.5721000282272,0.7145648872212484,388.7417561672344,147.9097632366198,327.90604227539694,0.6066422045756839,0.4008375247436119,34.431772,0.2996280311641645,175.94606,Kapha
379.6421886018873,478.51812182421264,0.3585707405259938,306.57752994433287,132.328118189895,253.2132649317516,0.4558471953142075,0.4169570582277702,38.695916,0.2949703516117344,130.779164,Vata
407.5107556470628,511.2201434241569,0.3648210381677005,327.3067868092056,151.07565951461814,270.109638684691,0.4316747503751827,0.6841504865353214,18.901576,0.506198946033154,143.623816,Vata
470.7841514974395,493.6405567283838,0.6248697608759165,381.6805816111973,132.02316434754155,321.39941260132355,0.5791893942793078,0.3249962873132629,17.1137,0.2923602664060424,163.722612,Kapha
482.101703049126,483.3049308479239,0.6976402572718793,376.4051507953578,161.83101805299611,314.2274586092435,0.8009674564479452,0.136286761022945,11.539148,0.3042196217122788,214.43006,Kapha
389.92469402140097,502.9391345229051,0.3285428812324757,321.8609882960371,139.86504070676295,250.14639381135544,0.4207520317095095,0.3014924195234371,57.555928,0.4653810940139129,147.942756,Vata
416.0391832856008,496.8320443427414,0.4316755346276245,331.3554706556961,140.7848772465362,285.51548970960266,0.5013009691219646,0.3645247179839734,28.8928,0.6668106388475455,177.614548,Pitta
392.6395380064722,494.5646574210478,0.3594657671014751,308.9007924143993,150.73420361828735,271.81536942118123,0.6083343694318069,0.521671372318157,12.097408,0.288114381277949,165.26566,Vata
491.6822730923877,491.2124554326982,0.7033639952141512,390.93287541930886,124.53177601880746,328.7279889681182,0.7714740873310213,0.2952633486261674,20.85304,0.2770161214630482,204.501124,Kapha
431.6842146926317,475.8329179016727,0.5476676494819203,328.9972787960834,147.93055716715298,304.57404588360987,0.6067293131000224,0.3420410046921929,15.945672,0.4280474407974193,177.533036,Kapha
470.61427474756977,486.27219721272985,0.6482923876830452,373.7807022998168,152.64705742070657,294.88056394444845,0.806685997628786,0.3869175395600331,108.144216,0.2395417147042852,214.876624,Kapha
424.25086259375297,488.03646440352514,0.484689620634173,351.22981151839645,138.60592940240852,279.45732095942446,0.2957372527580754,0.344507618410007,20.489544,0.3561784424048929,98.083152,Vata
490.5268278106167,484.90909281412206,0.7210178879326156,402.93863544939865,130.4926352307612,327.9253983581958,0.440448812173634,0.1284027088269716,6.491556,0.7029279842890822,183.913048,Kapha
475.5148825002525,492.839213488787,0.6433889112058708,388.4546059015039,133.03530331561552,317.1720563968958,0.6940912969574342,0.1796535216380201,28.251704,0.3353954847046917,196.309412,Kapha
376.9925417820567,502.0425885317932,0.2880575476504199,294.6263833365798,162.08306135351688,260.6576780562371,0.3584813964204797,0.2505036384582942,18.054332,0.5246931478245087,124.870316,Vata
414.5830239177761,506.2723645788414,0.4009630915961095,336.47601653152554,149.42809076468347,284.4542930680953,0.4321831141981718,0.2259873662819731,10.583068,0.4722180226115889,142.103996,Pitta
387.7347790582469,463.5125625758093,0.4302306770113911,305.7456785615369,137.78778610705163,277.3688753778726,0.4296915615779209,0.3466867451104715,17.770424,0.5125893729286204,138.26068,Pitta
491.8356779093177,503.2914685141772,0.6639688756361748,399.038925964246,137.70895497212695,334.43466779305334,0.8946275210603569,0.1499163733238381,24.023092,0.16098511678999,222.347544,Kapha
392.040703216374,485.8879043728432,0.3809666472166158,300.9091906019355,145.2486544462466,276.37464572317566,0.4782878441288373,0.4544055639758982,28.93504,0.3064402460192305,137.581256,Vata
424.76822065380185,445.4829000119707,0.6245414461473855,316.72571501300774,141.2816550291709,300.17309216334905,0.5721204602733357,0.2247756059850366,7.04794,0.5331547686651892,196.10216,Kapha
405.1834893708893,486.9698801171989,0.4228166936796826,339.35706281045384,120.5928953939695,272.5969121165537,0.116824430551851,0.2098113331583419,15.50494,0.4735671329911313,61.028964,Pitta
451.0479252753725,482.6943824397962,0.5928789057559006,371.3527766391522,149.82847061747603,295.5096824658662,0.540897181279722,0.5127822634078094,10.183676,0.4491225405943479,169.679024,Pitta
401.383467774968,492.1534600654373,0.395436090313222,306.8312280711408,162.4648194745571,277.1784421391902,0.5173828762580571,0.4470857628295324,29.234476,0.3563550173691694,150.669504,Vata
411.4239838296079,505.5479879144044,0.3925330385680701,327.1356009090347,159.2952816613434,277.3831776852534,0.4567085884550243,0.6242342261401601,34.327652,0.3821117339364387,139.13218,Vata
437.84724650799046,510.823832839758,0.4644887101412184,338.13713959901725,163.11143726065467,293.3511752543418,0.6854379349456443,0.7028928079735131,141.967916,0.2111442064437505,175.957672,Vata
475.1916519056584,483.2916988414851,0.6739373013026513,363.5273195176776,143.9100623736868,326.3683220475225,0.659442652330756,0.2481426268723763,9.1158,0.4335600065201065,200.225832,Kapha
481.8296267156903,473.48692272339673,0.7310411302004102,383.4423885567144,145.97579059774586,317.77892938198374,0.7461211523255789,0.4080381937375512,73.189492,0.1877062263911169,188.915484,Kapha
385.1473353413664,488.2671201095,0.3509867875706737,317.70497180555253,135.99648717575704,270.0852375660831,0.4541653847539976,0.2372345197713468,29.676436,0.596130128388568,151.985548,Vata
379.4593932638429,451.2958565219129,0.4373856731508496,294.8890708075116,136.10749339386456,264.805101795357,0.5993045204046651,0.4771849097874756,14.277324,0.4137359386569796,169.490584,Pitta
439.7030232922539,438.0302518397504,0.7081183533971698,348.8213337776253,139.50352590035837,297.6891515699628,0.5637463632542251,0.3421779315248297,11.879256,0.4301781908108903,173.263616,Kapha
441.67684169785207,509.0135044772797,0.4820484772944802,367.8376649654936,144.88071504242762,280.9324797598497,0.4188793690011805,0.5253398144718624,19.483728,0.5836485742263755,153.024364,Pitta
437.9773279302996,497.6952072652225,0.5024778714096151,355.97295139958175,150.06775554595873,285.75766500986526,0.395172867378245,0.2962554791063282,22.130168,0.4924657184602339,134.830624,Pitta
503.2109258105699,491.1516039534631,0.742557346972471,401.8844827296197,140.40626296670413,335.33698518377565,0.7865599152135669,0.0906335089585617,24.35014,0.3162048753056637,220.93876,Kapha
458.8906707032969,483.2300412665285,0.6181156627103829,377.4638950304988,127.86465171218389,313.6597561958556,0.2473469123369189,0.4322368135944682,65.02446,0.59187657929931,101.067892,Kapha
396.5055121123172,480.6717064546421,0.4109380981113718,310.22990321191185,156.8678434436956,263.8034028954054,0.7222437646871473,0.2272557879703573,18.564172,0.5399130656965555,207.591584,Kapha
411.9238650278685,456.40978428457663,0.539882190788573,329.629419351683,133.49195229891714,276.82462508495223,0.5538807459620053,0.5864197814434232,20.079104,0.3004340638022403,153.169908,Pitta
396.8239132256897,464.6079768953417,0.4594483343770171,303.8411652542665,141.01314357074463,287.5417334890377,0.2203857504982302,0.3649286277117599,105.69524,0.3899264590595246,86.54678,Vata
423.597612901966,535.0895314141557,0.355694283439285,341.2769327336434,149.7281856676043,260.5102251675345,0.4130086036172452,0.3950412545101338,14.773272,0.488802024285101,135.60196,Vata
474.66290982061696,483.88126476955847,0.6701325248796438,378.9384658128274,153.55242414355897,311.0352629828636,0.4243000837092652,0.353260292864447,18.2791,0.4827622151724283,141.574404,Kapha
461.2041205817945,471.2051976816966,0.6665222457177993,358.07395783423823,144.85326166122232,304.7543798448329,0.8126491088844113,0.381002843205375,14.9847,0.1490258598930664,196.677556,Kapha
386.7920504331657,487.8666164042475,0.3576618666678923,315.5062710606577,147.16267135899307,256.19638723701985,0.510179677535119,0.7635529057559376,13.828912,0.3544784779089527,151.151088,Vata
467.76747597744696,485.6837081229377,0.6405044974600218,375.8249251158946,137.8708564875942,314.2740444094308,0.631580345684189,0.3341325610248412,11.697544,0.3350369835081009,177.314456,Kapha
410.7431330476504,484.5211543861355,0.4488600186301992,334.13018315842174,146.62448943618483,270.05096156980693,0.2741968056274715,0.3054704651690491,51.607552,0.4685457360218464,106.496224,Pitta
383.3381594837969,473.46547862031673,0.3855992504706198,301.8205887151302,148.64436565153085,263.40096742350994,0.4132083452093362,0.7053597855930565,18.312988,0.3961123392205609,132.90042,Vata
437.9665350098284,525.9337254283942,0.4239636065509126,359.1954734752858,151.21726080285072,283.59547216365206,0.3747057553912371,0.4624926099649197,16.600592,0.5221850405690265,120.20488,Pitta
492.5183416500486,507.4872662193773,0.6527832349185332,380.1867099447204,149.95763734407475,328.82125263020714,0.6244938535213878,0.2643657073579633,11.481292,0.396214857361866,183.290248,Kapha
464.0294813328911,482.5244887951577,0.638111054838331,360.7498245161193,150.3713063250587,307.24786265355385,0.6315830145240272,0.6096452952390203,51.336336,0.3185042493457273,177.501284,Kapha
455.0287947747887,490.4898555370624,0.5816920684826943,370.30091555784026,124.60068956086091,313.9311743504906,0.4812780484030425,0.7851445313724345,49.262592,0.0963841701321051,122.886812,Pitta
425.93317218053545,504.1066404436142,0.4442038193311928,340.2407905547597,146.9768978999735,290.0003208306868,0.533489986874124,0.4352297558601873,14.091184,0.4273946198587481,166.05884,Pitta
429.760243095397,507.7671350812765,0.4466055441729473,346.790492848924,148.38467267975787,281.4016211417619,0.5212180593047516,0.4544727784860429,9.558604,0.6472216385157332,181.226212,Pitta
389.8548889790003,494.8719719777092,0.3493006088188117,301.67333788346247,156.84283999392423,269.27596596879226,0.6939592194851475,0.3992954096535347,41.446516,0.3796160173142049,192.801692,Vata
406.04028935367455,465.09818998187626,0.4908667718343478,313.63238015598006,155.61287006576515,284.35857556745515,0.7414457462585876,0.4489943645058655,21.596804,0.3519944091572114,208.320328,Pitta
479.0201307136634,492.81224905138737,0.6552906310920462,378.7170600701062,148.4358869949779,324.2994311032051,0.6302228292640014,0.5026067201228923,31.968696,0.3546027556228154,180.751756,Kapha
490.4329021547497,493.84781793254217,0.6902899279301627,380.6514933858352,153.5403101717027,325.5069940326453,0.8091897707261901,0.2294199652502082,12.213716,0.2851994426038183,214.616988,Kapha
420.46369687201343,490.6611671230732,0.4641456785346909,340.51237729325754,146.9118508486528,287.3158555977108,0.5091331511886933,0.4991419113937381,13.536264,0.4236388568638098,151.690692,Pitta
481.586753180544,480.8548095699495,0.7043036486636424,376.8720817127378,159.61671945710674,314.95633543565293,0.6660247136976981,0.3051335903082396,10.690168,0.396180150083993,193.334964,Kapha
392.2954840062752,479.1511631540667,0.4006921134752867,313.6207469416211,136.63827661699182,278.72559977950647,0.120130681648985,0.2343869602668256,21.092328,0.5187104132772489,63.746608,Pitta
393.8385598182116,487.2718845418975,0.3832886114731534,318.45617598294143,142.7608196136148,262.97950550382075,0.3863276298286236,0.2147634832673744,46.5508,0.5486535601901852,146.308152,Vata
385.6842394178549,512.4467433787025,0.2909067214799575,306.8937880891411,146.5485729327558,270.9060364142933,0.3535673599523285,0.378953720451837,43.770948,0.4035527287955751,115.145212,Vata
416.4867286627287,405.19833970639314,0.7480481147062574,311.63238458572386,147.94474965938196,295.00627279740354,0.562815118748925,0.3474888407240129,61.550792,0.4837807117206747,190.886528,Kapha
355.47388003076094,505.2417189228109,0.2094181723189324,284.90577563576323,144.7641537150815,232.9100871926196,0.4910911718229589,0.2123725105771485,25.81996,0.3732843193193808,153.095124,Vata
395.3068218323812,484.2921176060365,0.3965843302254774,324.2254263418612,145.080579804496,266.56995402943284,0.3880961074509433,0.2733059801567448,18.5029,0.4521892729662582,122.647444,Vata
446.06959710924247,507.9169751886713,0.4995249207415625,347.25524261462465,140.67247608258342,301.8072679860595,0.7604655443947661,0.2876282930791284,17.674104,0.4214519776193428,211.30426,Kapha
411.1158359480708,489.11706438976427,0.4368951318506332,332.8054464930021,143.0943498723053,267.3995803621536,0.3483915765153973,0.3781947481556534,0.0,0.0,95.189572,Pitta
440.7493941944548,503.021090768056,0.4961553329308767,353.989502692264,153.27594163352464,295.538546134103,0.4271746248795109,0.501683751421771,15.222608,0.664854539367574,149.084328,Pitta
411.42715779304433,472.4637303020006,0.4871986545641582,334.82590060767984,140.26442113284023,263.52418904670446,0.5603453382431426,0.2179415270273194,49.30478,0.2641818393965957,162.8056,Pitta
471.0388832762537,482.6699501860284,0.6617504747000612,362.7467534927722,146.26177766010582,329.96174600902685,0.6882227589511082,0.3308153593721567,27.66606,0.3288965469229567,194.94672,Kapha
415.422672414151,485.41859045391385,0.462268905812838,339.8052328089298,127.56650274122234,269.100074934953,0.2529340181723511,0.1863655709656844,33.464208,0.2900543425489484,89.414464,Vata
379.5175208892747,475.4387252102114,0.3666702978874021,288.6095728748986,152.77804880097136,276.4800780819341,0.3733129621256712,0.4047600716579561,15.900396,0.5653598813848393,124.985016,Vata
380.4975791550606,504.37199376143735,0.2938397924592835,296.5224764797398,153.55497162911396,251.7751611389008,0.546288879879492,0.5383413806048644,37.452704,0.2486453526617308,149.640916,Vata
426.6616729622368,478.9747901407103,0.5203663520398445,336.25799053811886,142.10863339211195,296.5458583805085,0.3101591013819614,0.5412071969485232,16.37628,0.6373584749973228,122.741112,Pitta
375.0203029595552,349.456360960708,0.8232808357518319,297.0456446365155,103.88542883217757,253.0441317009307,0.4226786932750132,0.3940916454224484,15.863312,0.6345464427268468,169.0475,Kapha
405.7102702003472,490.348965579944,0.415077393392212,326.6671143145619,136.037411692817,284.36343247033034,0.2863270037549172,0.0759640321027766,17.91232,0.3708097039118073,97.173308,Vata
447.7559906582198,421.6768872269772,0.8044998146085999,343.51769629280017,141.4308251973275,300.67856661221776,0.5775268475254477,0.3112636075438798,16.749004,0.4741805030988738,170.141704,Kapha
385.28873130593854,494.6397554508716,0.3345820536548259,307.7396652292619,149.39957763570953,266.343924671295,0.5252822809823611,0.4649570230344148,31.855568,0.343883321694466,147.67056,Vata
409.5187166462004,490.2850944417305,0.4281585150267745,326.43258031809194,135.59750973716316,279.044067054799,0.5272082402215916,0.331634148730956,24.13234,0.4444391682029476,152.019916,Pitta
411.7619511763099,484.7879070407182,0.451575889953265,335.6533076466967,136.50565165414162,268.7892797880818,0.5085141208115168,0.4016802595269372,25.459264,0.0422860745352972,129.83684,Pitta
487.2230179637365,495.1684916070829,0.6751234997446586,377.1056526685088,158.5613439727682,317.8767992443536,0.7605534957106326,0.201416236138961,14.591436,0.3329641521086292,217.15676,Kapha
463.6702580489924,522.4111485963319,0.5150131536744089,346.15734573341655,140.08510149521874,315.0927799969516,0.6855944734387025,0.2774865317601382,26.083652,0.4643142841245805,211.891508,Kapha
383.1243131559891,483.9741398455115,0.3556655424770842,305.0727805052759,150.63900681974297,259.8647304475351,0.5045559303346918,0.683826819307468,15.865856,0.4349383716236538,149.905616,Vata
455.4426068593755,512.7697859947691,0.5160808557335401,358.2679424568908,156.0536805356372,298.98922666634536,0.4697537973176274,0.3593284452284065,13.949412,0.6056625430279088,167.598392,Pitta
419.5954138907635,492.60324509878575,0.4556065129856918,325.09817370713444,156.1835509449884,280.76873700980485,0.2814667454128262,0.2540999437896774,13.480296,0.6379967445383642,115.699616,Pitta
465.0883072442856,464.1015051287409,0.7053070250399724,371.6657385591002,139.8607774227403,307.0923362214502,0.5786353792485622,0.2605807364880332,61.559308,0.3670410607354404,176.51808,Kapha
371.6736204199377,471.0440767577798,0.3513813637928084,295.9429199392242,145.58259563332558,249.54245619598927,0.3813283510173738,0.3038757649989432,25.677084,0.4406455243074514,124.123484,Vata
355.42482389335385,485.8580488323928,0.2558730187035374,286.869969840637,142.6209779409734,230.21433182513812,0.4468131323294269,0.3528160212692087,19.20084,0.3828094920218501,136.231752,Vata
393.3543083724479,467.98057243897296,0.4369102275288455,313.5944683063418,149.478145851005,266.911842911119,0.6916964245653021,0.2592643863196007,15.750644,0.3211521141661468,184.282028,Pitta
395.84631122796327,477.3903454352192,0.4180622025027278,313.63498313988373,137.34889045726092,280.0708682167882,0.2442120890498344,0.2646345379077092,21.276928,0.3954543864664844,88.205712,Vata
386.6450909514875,477.1695844463324,0.3866711050787368,308.90331752796214,143.67476143084508,248.0339528763121,0.4578367451808579,0.6551646200567725,43.526044,0.5413514932975114,145.465664,Vata
471.2187728336707,491.4402352504336,0.6334309957624512,383.8464244897425,122.23613859250972,323.433009150938,0.4131534232947739,0.2919934932146701,15.127404,0.4056298986047809,132.084804,Kapha
412.01097530286427,522.5864832500374,0.350326863599975,329.04699147192554,159.72843836978075,278.88106978277125,0.5833780280395939,0.4891509210330813,41.044296,0.5748980355545676,192.018088,Vata
484.2120736448899,508.2890934550074,0.6230974514741368,377.6162593275384,146.67716230630143,320.35150234009376,0.5979571375492764,0.2407740118302996,17.193912,0.3997690615543701,178.413844,Kapha
460.63824967743807,444.8891127537305,0.7605738270347404,359.10666578328033,138.44096328401736,310.8835425844404,0.4776094170154152,0.345389339892742,0.0,0.0,120.94754,Kapha
430.2507831996,480.1776733062438,0.5290749152854383,340.4560479934169,152.67476087482808,302.37705470813273,0.607258285182513,0.3204867509152377,11.778856,0.5792219782959321,192.930628,Kapha
415.9600557087777,490.3650544802971,0.4497504234328808,336.4509621881224,146.79949904530753,290.0670177046355,0.3389345124495158,0.3906085032798896,16.744652,0.5636808830557855,121.254968,Pitta
432.0283220103802,499.2383748529112,0.4781674375300348,346.8236784756078,152.12170437472275,280.05631602851594,0.531845499938717,0.4350143274367613,30.311024,0.392413937767555,163.816428,Pitta
454.967418111174,480.57659720431633,0.613265039320817,355.446641470831,153.53846775080638,303.69876211098176,0.2986310176017412,0.4649257183583748,16.815772,0.5176327826850388,107.782244,Kapha
461.427019928004,479.3343220412118,0.6397238315774285,366.8392724550053,117.39856371985402,305.84227115035867,0.6802223597087216,0.3550634943082104,46.541252,0.2695723388127167,183.0425,Kapha
369.9354973511517,492.5479859771439,0.2883024306704942,298.71048695824555,144.63551976674304,265.6387551645396,0.3172637135626107,0.6620294566269159,20.879836,0.3712215489790591,94.205248,Vata
401.7444253172613,495.0969721175632,0.3885933424334307,320.2499449185204,155.93238114989606,257.2144097690634,0.5816145068341163,0.5454486387755374,21.588956,0.4306954069036692,175.337992,Vata
469.8047925067119,479.3994988931796,0.6685327671587906,367.4957736464211,151.98720840337876,328.5155403762884,0.5933238108592807,0.1983385447892247,11.027088,0.3728711575363342,180.948272,Kapha
423.9235200395646,519.332017544438,0.3966327369828628,340.3797653059892,158.52713441993765,274.95499427311523,0.314501885725977,0.3331710156762842,13.684028,0.4177028994892088,110.165772,Vata
404.7349034824752,515.9551297657212,0.343734362038852,313.5764482105058,163.06550095561116,274.98237335471566,0.4886668619267483,0.4397188389138846,15.78416,0.4784666662255106,161.761484,Vata
394.3020416553021,486.34779908390095,0.3874222667197163,318.7129511296069,132.03156126730727,275.8919395952381,0.2379462952369356,0.4642428769916297,40.069692,0.087051170411789,75.522336,Vata
464.3144647162597,474.8984275929665,0.664757750544644,376.1678226906221,143.96836136447104,298.7608240353334,0.6272336885124385,0.5582845340933382,27.35742,0.3544446484416095,180.232544,Kapha
495.8610411914576,472.2985072340003,0.7846394599196157,404.9146113521489,123.37322834760732,318.6812354857064,0.6628360922180884,0.2857373116900606,12.061124,0.3599062842725928,187.462108,Kapha
461.7412505299969,468.89724184235104,0.6764268255898986,355.0972084350415,148.6691522890426,313.9720126356555,0.3868738992038992,0.2152853146535086,26.52362,0.4730421854133009,120.557528,Kapha
414.8873201530345,490.5595529155581,0.4455596681410094,332.7374562150554,142.144626131271,290.41804272781303,0.5992204619829986,0.2330927864390634,0.0,0.0,145.189188,Pitta
480.43730871533415,499.67373356729,0.6378315231143442,390.8861890616972,149.4883438490311,293.8960045989029,0.6185598787728668,0.3632789112866526,20.857916,0.35441505609817,177.119208,Kapha
432.0528711099153,503.8373687533617,0.4651282516506845,348.3788172950753,161.045634539386,294.53827926737864,0.3903024353384254,0.4442398010708631,17.962084,0.495952668861373,134.422716,Pitta
394.92699727281166,489.41644036212966,0.3810999542359467,323.5356804871234,145.80513693586934,277.1047728504256,0.4184188636970921,0.6128941988151226,0.0,0.0,109.14864,Vata
393.3881360624744,504.5718173401823,0.3357771347397588,321.47910224762666,136.41273322410194,257.0202755177532,0.5966027514976205,0.6935302356216814,63.149156,0.2305570031926644,155.732148,Vata
469.08044373307126,470.2457445863414,0.6976593837844127,371.6788551978371,130.25135183166154,326.6313596663857,0.7453809004336523,0.3458986480271824,129.345876,0.2826668579393303,203.717604,Kapha
446.77199209468097,502.2189646929485,0.5183980339584712,347.919753912675,164.75158793219993,296.7422420547694,0.7169378702914943,0.3730611168484823,13.27948,0.4516824724330356,204.051608,Kapha
447.9885260457861,508.4041382739844,0.504396329556061,362.7849477095447,147.17297359403807,278.64425605654947,0.4248191429580715,0.3756471424936229,13.677328,0.3233087089473336,130.609924,Pitta
419.56149492865126,521.3474465232213,0.3774943565534422,329.88141383827593,155.67935378875927,269.6307786914197,0.7764494669825182,0.2112254843300443,17.04192,0.3338675879535766,215.211508,Vata
447.7929438409122,506.79422307531416,0.5084046556923552,367.58036184585865,141.08079036239388,297.81236994828333,0.5574895391511581,0.3230397732590576,16.123024,0.4160098055487619,163.015472,Pitta
452.6743735130952,516.7454447747004,0.4958327383355674,382.6399473030589,137.92997218026233,291.6186712816261,0.42292047411117,0.3696627395116617,20.502776,0.5150490993191297,144.11946,Pitta
400.85594555068974,479.9497607398452,0.428054648577805,308.1038949643525,144.9328007343878,275.77560321569587,0.5054744727676801,0.7115680247197944,19.280248,0.3618313902884715,142.310496,Pitta
366.4420249156647,515.8015411475624,0.2208128937095456,298.5993501176179,142.40205821838833,251.9866389361779,0.5650555395603535,0.2671696291948334,48.775368,0.3306811357301702,164.219804,Vata
485.101699105095,501.236205721002,0.648309803450644,383.32520805622255,156.14964722972792,316.81938380477374,0.8063976224610203,0.1405091125133318,18.464584,0.2191906735467205,204.02612,Kapha
397.4705979205297,487.5347712508951,0.3949385996382568,315.38633085519166,151.61414359994814,283.3424275684198,0.3833587963395878,0.3190404209659274,22.172152,0.5616736004695342,138.539356,Vata
468.3031912178161,520.398124239038,0.5355027691454534,369.0355731743823,155.09745531292006,313.4342094346132,0.6703934640473562,0.3654563169052411,13.24488,0.485763533778892,198.118872,Kapha
418.5670995911805,504.7597733187559,0.418149038941251,338.459060800985,151.39776470841306,273.1151308311331,0.5385279538297932,0.4414000431121272,109.060252,0.2089676245920375,149.786492,Pitta
458.6632903820634,470.0949411968599,0.6613843998311679,368.1623883234468,143.15585656110062,296.1031011318545,0.7418921649042826,0.2053753176409185,49.081648,0.3143520536107251,207.77398,Kapha
488.4406266167994,466.7670809688139,0.778899573248492,394.33773980842767,142.1086573365376,338.3405723836457,0.6054182304797242,0.1707024404574332,14.650204,0.4826919903300392,188.211244,Kapha
407.1001640868713,485.4726353893645,0.4336365356810778,319.2004897395488,156.0884427400317,281.659482443547,0.4969920770372459,0.5959216486054261,14.311504,0.4336949361271296,149.06798,Pitta
396.9911591953589,476.4343730367791,0.4248169014921584,307.9414222580811,154.82081090633193,271.79165502667416,0.3153461019727984,0.1825912809526836,15.249112,0.5752441292369382,115.242116,Pitta
411.7694622560964,462.5574344016408,0.5194042201591679,321.7684851385632,148.31384920514907,280.0835640295426,0.6308886145045064,0.25099188489869,15.712068,0.5277912788038333,191.246168,Kapha
380.13286204494426,515.0675107875509,0.2666441361297931,297.831887230607,155.10508965089028,246.07959939109872,0.4183182905747734,0.7489797546165945,21.615792,0.4475296521020794,135.124344,Vata
471.2366751603749,443.469745303548,0.8057733272879446,367.9536977473753,142.1184641288468,326.9771905836181,0.6112930091566491,0.388557897305763,33.771748,0.5155549713989073,192.443556,Kapha
366.1054724999124,489.7372907583549,0.2824723273038851,291.25335721908573,144.32391625968148,248.182058242768,0.445284830226068,0.6207403559249889,20.135452,0.3382592402725426,137.029892,Vata
425.9295262027774,514.5816293113375,0.415624087975361,341.401663953413,142.17601296993905,275.5662854373468,0.6682933078259132,0.2925481756001067,0.0,0.0,158.958,Pitta
391.5756373857347,492.75606571748057,0.3607195493388911,318.1784806778478,146.65004994723185,270.72884016243694,0.3410685609302556,0.5048956909424916,21.12758,0.4786592443509854,113.1713,Vata
473.43472725845766,502.4411666287732,0.605886073917409,372.85387989652094,154.94587371683826,302.98424014309575,0.772900070529611,0.2170327494188768,10.20182,0.3868886606731564,219.966696,Kapha
384.3465305006554,483.8465700666389,0.3602078881064665,307.86504452893905,142.35841490114362,259.99625028653435,0.6905948960384545,0.4292993514869748,14.530208,0.3218227107680478,189.435864,Vata
450.0441007380347,464.2625987156552,0.6509066348323735,347.06089298259343,152.11056746171184,318.8931208479355,0.7371679170616081,0.2918630818892371,34.112764,0.3348889036241015,203.390336,Kapha
396.1491837161214,490.2438002572729,0.3829788311149472,311.2358458629323,156.62060934598796,268.96139490072466,0.3185590640743898,0.4853421077183532,12.124892,0.5576208505389824,116.788364,Vata
421.815495330353,506.5822141962657,0.4238447695231557,343.17796283544897,153.33743313941082,270.4489922276376,0.6035686843390151,0.2384223783532892,13.701556,0.59550791265164,192.569692,Kapha
445.52517559563074,509.7088196079359,0.4926228258327092,365.4975839690403,137.2400269145869,293.7769938833267,0.285899929181432,0.1672033170441921,75.536324,0.5288265381570058,122.943412,Pitta
432.6222162810448,457.9402759151918,0.6099458104348264,331.8862491820166,159.8959138422691,296.9131529310584,0.6344375694951848,0.4168643784175206,15.464684,0.7076501997964291,204.195352,Kapha
404.8981425945436,484.99073662434137,0.4274791347797939,315.5709326803526,155.47680805464404,284.8075913490072,0.4333087626158868,0.3576024150276315,36.393368,0.5189547315810704,152.864148,Pitta
416.239168223112,481.26427637823537,0.4773570083820491,334.7539699736951,144.9670016038902,284.0804195919997,0.5779095952778632,0.4266724192997897,23.312336,0.3891695331682059,173.6896,Pitta
403.45704535249854,520.1084721696448,0.3292489673668238,326.7810439453102,153.2505450022661,271.28911065348586,0.6413974021312352,0.148647274597419,48.705592,0.4272797954890532,201.491872,Kapha
399.1304824019343,519.5671460805237,0.3167600892504265,317.2624510113764,156.9446004752404,266.2041971997045,0.7024589927742265,0.3170276404257001,15.811804,0.4048362228380101,202.022896,Kapha
388.3074434562856,491.2099829570607,0.3538229674175308,306.4901827243732,153.90445216341433,258.33510090087543,0.4443118876066061,0.5975653758851768,19.049916,0.4630238182408218,142.511896,Vata
459.5442582531072,534.9935042135006,0.467531990561876,372.5715327565548,145.73881258512685,294.3272640057453,0.6888812600648371,0.6212847574996996,12.996868,0.2970605704120861,186.276792,Pitta
440.00310452265614,504.0080878649035,0.4908459235339896,353.2195211607743,155.60356275834798,284.005947306042,0.2840361358506098,0.2525391417003776,34.428036,0.5362110854775431,118.850616,Pitta
433.0371075711511,490.8686947291245,0.5060889423236317,348.2200233480572,132.2553906950112,291.39692806550084,0.6438583935253706,0.4716053242196281,18.756444,0.3573863772178727,181.361064,Pitta
427.5745817199261,481.7128842627574,0.5151041776592971,350.12240596756874,146.1553986268209,281.072608082068,0.424983286641345,0.4463067066919048,26.864004,0.4595210166072299,134.606848,Pitta
459.7749314588895,487.729450931791,0.6065760217184485,349.48972373010463,144.4594507648896,310.1650585662359,0.8621921673844976,0.17821772116483,16.463612,0.27032823496476,222.84456,Kapha
389.5096723189867,511.6919258633685,0.30516825726435,297.3971410197073,158.58349170949072,264.9764379668763,0.487360795922687,0.6782675678631036,39.685892,0.4360269242045719,156.274812,Vata
444.67212703543913,520.4353493895114,0.4599774388528658,357.28399644078297,155.57529021283952,290.0568149074382,0.714574201252356,0.2654561313761839,13.716448,0.4605247254242424,207.140748,Kapha
400.5561195395513,486.0803818746634,0.4095336774302323,325.96932967933765,148.02374885148197,269.3458161919975,0.4055139796238693,0.5216780745900114,19.88574,0.4975748120776466,132.879296,Pitta
381.3667854909154,497.0052258527688,0.3153174589562393,310.9013657674372,141.9429007731593,263.7860548194955,0.4303565642262929,0.7188259692583083,18.617096,0.3937344686619615,124.864388,Vata
522.0843584752128,508.0366397103813,0.7477027554010671,416.0608510328533,146.54421350808,357.2250632373529,0.3126714428598983,0.0325805418547863,43.85096,0.5660075198651899,130.599528,Kapha
422.6505402421337,505.15886636017007,0.4304872804705942,340.4432970899424,151.91382743696778,291.6376678170609,0.6129377770225652,0.5634540186349475,110.067024,0.3021113065102345,175.897108,Pitta
413.38796411440114,482.3690377690469,0.4642492053342099,333.80729342899355,131.5518265243228,291.7631248640756,0.2302003187036229,0.1428835791058547,11.863256,0.6033987034333331,102.493068,Pitta
394.7301508983404,495.41609831773445,0.3642086082484314,325.36200888030123,135.78462047376664,265.8834178556985,0.417555684640895,0.4656229611556615,22.215504,0.3678523602366955,130.239668,Vata
406.86444855202416,512.4513102163826,0.3595452692772674,315.98716479356165,159.50373148137527,286.5577594194721,0.4285437196499734,0.5351865019969584,42.75172,0.3772403412819302,131.785816,Vata
398.392770859777,506.35493834794,0.3476333366281934,317.29651801106576,156.84577384864912,271.2313418999826,0.2209413106467767,0.3743520280340872,11.15528,0.6928914700719954,99.652776,Vata
464.12711768120295,432.4572932106653,0.8234117177861103,349.75790835573946,141.08457839078147,334.7125202282782,0.6198590619794508,0.2930064244534636,28.425864,0.5445009424308896,202.778588,Kapha
424.7622748853556,496.1115297614057,0.4629001764566752,330.0568095427176,152.5445595528117,292.12711050280217,0.7946803319828067,0.2473151937622043,13.743212,0.2960564902136955,213.193316,Pitta
412.2881602344064,517.6301866753092,0.3637548973855832,330.76571229462775,163.07465079596776,282.5600089094629,0.5930486193589857,0.4879850081378103,20.409208,0.3255430237223569,171.125508,Vata
391.9523140844989,508.6645411216827,0.3206693372210357,317.745057880344,155.68665776233163,263.1547230088581,0.5175550063943798,0.3209406766343055,16.16568,0.4896866040846279,155.013568,Vata
350.9945563733708,369.6944736971239,0.6177602114624996,266.01435019236936,118.15991765215342,237.32168345588323,0.5396039979461572,0.3455301150324295,16.939604,0.4298696572906149,161.397772,Kapha
397.6933188204866,523.0409953379294,0.3037218303919384,319.1681204898456,152.07597565762296,267.85637054398586,0.5866193039232267,0.4125947498817335,20.59774,0.5029334064572013,180.860108,Vata
361.1671086007794,432.0741613396469,0.4291965737673017,284.0464607740244,135.61186019588865,253.4967486983312,0.3709553130260173,0.4531777201972926,19.881928,0.5020079409441487,115.104932,Pitta
338.7933723819305,472.7815848762461,0.2310506853305222,279.590193119831,133.85540044684052,225.78081535355545,0.2392963268656976,0.2840582464769844,14.787252,0.5389856588717542,92.39474,Vata
400.2122358974183,501.13267548294016,0.3672821311736295,320.4730777573778,152.28862068096498,274.81440302046224,0.5173480609413725,0.3368114626040155,19.746116,0.4021923756888618,152.768792,Vata
357.5584832876572,481.60537021043626,0.2739608892229869,291.47817553088765,140.71407864319548,244.7026195335128,0.6857650383907594,0.5685479802112327,0.0,0.0,162.440772,Vata
474.1786976442646,508.32438635123447,0.5902032056956813,380.86705771455456,151.78221809105412,315.14599344729464,0.4493440954868353,0.1933982628965689,90.372424,0.3731229034677162,148.717192,Pitta
458.6367879098468,453.4638760844984,0.7207229330036785,345.73350436876945,162.21041715642724,310.7870122726725,0.7939800725555213,0.1118584298425395,10.488592,0.2366814028546668,206.29926,Kapha
424.7319610687973,507.8317540509963,0.4299806477487369,323.022302070329,162.80564553611455,292.25493439896275,0.4091464311751958,0.2720857943014982,18.553056,0.4110408915205799,128.854712,Pitta
459.655213331824,496.03327407515206,0.5799634859550226,351.58481507196785,158.99116189838196,318.1355009280486,0.4488630220561754,0.2852963748016396,13.408532,0.5654854926954684,160.100244,Pitta
417.44156116351394,516.5018891989864,0.3832171774518644,332.1014907625645,141.58855074252463,273.36776556068,0.5092220456284122,0.2339627442849422,13.537544,0.3975994346630092,152.667964,Vata
468.64304675361785,476.398478369826,0.6747360037324894,371.8261484178278,152.7632336112468,312.18871234827344,0.4700289085520625,0.2308181099069257,10.37916,0.5599846761291041,162.667908,Kapha
386.7313756350546,483.37568426224425,0.3696879570345912,302.2931607266044,148.98392879408763,272.0085082070819,0.4427410445975578,0.141541489847628,13.50228,0.4045299851298896,139.804836,Vata
403.2238264913244,486.3326829368198,0.417934596923865,312.5735877077138,154.2305192677786,283.4063231127111,0.5419737872571044,0.5119836852961239,21.675916,0.4065636020320368,160.42896,Pitta
431.69688796104185,503.95843493759617,0.4636128228872846,348.4190847277245,154.92617820274583,305.96376980413163,0.5389977900400824,0.3964736172107841,11.702812,0.4833836881466003,176.242848,Pitta
406.49928456467,441.5711862689059,0.5698526746910141,332.5615716919353,136.56657543250878,277.0419831470297,0.6157881180360839,0.2767782956662588,20.490144,0.4217043143847352,185.706328,Kapha
375.8994340758881,495.4266248043889,0.3010486500142479,292.93646849116413,154.9185607944802,258.8119680246035,0.4347771061219815,0.3235558179948891,28.748076,0.4253181928122983,136.433448,Vata
400.2967610034858,458.3633288203445,0.4913601155763343,329.0581325438724,143.95549281876754,283.84131157164086,0.2812827961286491,0.1645246301599981,22.317348,0.3398087277864981,98.028204,Vata
421.82656230312864,512.1003763249852,0.4089776925398991,346.18247947021126,146.67509686032503,284.7364360822854,0.6131009173825914,0.3927394204017596,13.303116,0.3912249771667976,179.99056,Pitta
425.0359730073516,480.4658641177317,0.5101546722742752,324.4623221996332,156.5044138594768,277.99301822957966,0.7019395923955161,0.1713177381489597,32.293904,0.3278661999325571,198.96768,Pitta
461.4386574341587,483.7389966923529,0.6252049034977772,355.2708683997805,159.0641096789545,304.1215677530359,0.6752914473435492,0.2510942624791011,17.67106,0.3735774067505251,189.865316,Kapha
484.1228193951239,480.114749618632,0.7156413708466377,388.87416367208937,137.19860239230331,320.9186291012494,0.6542837648573109,0.4523799497116684,75.886612,0.2992535268063754,186.372956,Kapha
397.2013111291257,466.9188096979505,0.4537698444059808,302.9870286278382,149.55512566440035,282.77796949833225,0.3074252060645353,0.4890571139224648,0.0,0.0,87.023436,Pitta
462.2537355889601,502.4063690573226,0.5690298646045266,350.51194272531694,162.11107921708387,302.64711877016424,0.7313296794173533,0.2059390827276158,17.830004,0.399037001334407,214.528968,Pitta
474.4157030132851,484.0415704714116,0.6687446436877682,386.1635174610073,154.58619989088024,308.9715706996379,0.680732088051327,0.3343264582665047,11.294508,0.3068931287287534,187.585808,Kapha
415.7540205342599,470.47403460911096,0.5085912295158872,332.5370593681899,134.9211396873576,278.7697019762454,0.306024827675219,0.3937352736665548,18.059108,0.3792627492188499,98.135532,Pitta
464.18869639425503,481.78036054093695,0.6411270531986235,354.2104784282394,152.47329411309036,312.45537461910715,0.6082906446046855,0.3742557065285443,10.884124,0.4017229327460735,180.206588,Kapha
413.6871297976949,518.1465035819136,0.3669211493490792,324.8992322974567,155.92703557497097,280.9283786753596,0.628081295991836,0.5497577351665915,0.25236,6.80640780079157e-05,150.942236,Vata
463.31785075143085,455.7235219078639,0.7294542758964966,343.9291690691369,161.9213018886476,318.8092331478539,0.5283378417329014,0.3814971904672086,11.340628,0.4917700029724015,166.557292,Kapha
445.5890120274086,397.4902339672449,0.9027626249647246,339.0784559342272,145.14279595148665,304.7007773499328,0.7631288057555758,0.1718448211291331,12.199228,0.3323986564367077,216.232344,Kapha
485.2842318292051,488.486841559395,0.6908857681102907,369.6305650628898,136.99748649528644,340.9956410342074,0.4185299315805784,0.3153995050533281,17.842608,0.5003947446428911,140.61302,Kapha
456.3031637765308,524.040422341114,0.4870794665368669,362.2359339512184,148.25703302631734,303.2269236538287,0.6519437541803462,0.2865044992637664,11.34718,0.4147806007114047,196.943388,Kapha
389.7826106492756,479.4927297263469,0.391018786860712,310.67181047058085,142.7194881815404,254.9505321907004,0.1662062951390112,0.17046628297786,18.490816,0.5123546598977121,79.100308,Vata
398.7501238722713,513.9180107853864,0.3295564096047658,316.9129354066978,160.74184503539877,278.77434525289226,0.4603163181215349,0.5181392194037434,31.40718,0.668283250416251,160.001264,Vata
444.0178150155016,536.3443939194048,0.4158557693078337,343.6904178207924,165.5583507797813,291.3429944737642,0.4852656964504109,0.3781244251923343,11.889212,0.479330668120501,156.121468,Pitta
466.1782269473234,494.4565440514156,0.6067835178115805,390.8188742473436,134.0288253398907,311.374057368349,0.6244770779566914,0.173988564616482,11.500668,0.5403945447721858,200.75204,Kapha
463.2685827559611,484.6535156712153,0.6284865976916335,368.8554896343367,142.1439995032571,305.8838237198317,0.4596284397031223,0.4067461588047976,10.794036,0.4239036011434225,145.390728,Kapha
343.3561833649706,475.6468966149591,0.2398140406099508,268.44612760926793,136.9925316775076,236.0963966108896,0.1442680704737459,0.0173496522253662,17.792852,0.7327577079529769,74.856844,Vata
377.4086273710408,467.2040502741568,0.3825418165145787,294.8463544973889,150.9877261935664,263.19419961190323,0.4672137641180625,0.6567258610591467,32.615008,0.3956138272444569,138.804456,Vata
390.1619879248717,475.7409014209639,0.4029914586723846,313.8503027336209,144.745947742306,291.112634324512,0.3347083744662421,0.474769461150956,15.279524,0.4723336910298703,119.302416,Pitta
470.4513412419319,472.6936881277945,0.6938961392845138,374.62046050407935,140.25495961748354,318.0830456291807,0.5831962058007014,0.358822629855812,14.683528,0.4215268953718723,176.86756,Kapha
356.4207837857987,504.7464713052559,0.2136807612508446,281.7535192759557,139.05734195792863,261.24969726603587,0.4032720738940348,0.6262050726267154,62.86272,0.3889551448272583,128.685888,Vata
500.1009403926805,508.6951615770889,0.673713938465237,403.3920536620786,122.09689558559177,325.0913565984583,0.7315828379391356,0.192309036046435,23.447064,0.3180207614344612,206.070848,Kapha
393.2731975148862,485.11674161896445,0.3873168959341888,303.8289169035928,149.8175807233577,280.85999466715003,0.3680776414872397,0.6035651626749664,48.006096,0.5029860582080213,126.709148,Vata
416.5453611369489,435.8400132143548,0.6282443188039579,330.37070630365554,127.72920300279624,277.3010213144147,0.6085008006920843,0.7302198027219564,42.853536,0.4759067512677947,173.66496,Kapha
455.7888614056021,463.1879767569562,0.6752425493584763,359.14945613157994,137.9300141586381,306.7434697657372,0.7136854173868855,0.5606993884254624,17.20922,0.445676560311593,202.952048,Kapha
433.8649996706307,493.7269481541271,0.5003913776719159,352.85847601899684,141.85532292194495,285.963890675184,0.468463904884314,0.3738481475446106,27.436388,0.4971350458831564,160.281752,Pitta
453.801244904008,498.81920257266864,0.5518747073304935,370.26990279551256,144.015166911967,311.542558484067,0.404960707052327,0.3741720902055745,45.190696,0.3290068303112567,130.70922,Pitta
403.313722915108,505.4036147090302,0.3662654765742196,321.51580954632124,155.59236134814708,276.3721852669688,0.6555875031514382,0.3858875438159189,27.624156,0.3964332633740849,194.018332,Vata
411.8706614882772,490.1926174639269,0.4363895652662706,322.25606073340145,160.03715327952492,284.58885536114417,0.6638614283775292,0.5951007370543296,23.363488,0.2778152160217438,180.424856,Pitta
407.9541729305791,509.5805835485591,0.3705263162976592,314.19848386113847,168.11554177885847,269.5592000246254,0.5789709306754204,0.4849555900999628,14.158712,0.6482585690851067,185.430876,Vata
384.3235291032824,490.6920580919797,0.3417235125015288,303.1571484377557,145.58382305832316,275.6268885589165,0.2642214849713816,0.5356009928555511,18.646376,0.4510066089679554,104.34894,Vata
434.2041488799565,513.9455804805478,0.4440674160213194,347.72964691131074,154.9843035332336,284.6350189275444,0.5799553914457624,0.5034537656043854,9.44646,0.3986181169019447,169.82286,Pitta
329.71139812243337,357.01257804569263,0.5747592544294874,260.2704675189529,107.79118531223747,219.91653024607032,0.833264792977893,0.4234126184163901,24.374488,0.3089643733168827,223.978104,Pitta
418.7451159971353,481.792130099662,0.4844223136652504,337.32824162044864,142.4776120024379,288.96969868933,0.4657879013182625,0.3369938283246773,28.787516,0.3474740056668747,135.998152,Pitta
424.7607850313873,496.8785143865532,0.4607000472297128,343.099930562878,135.89763598816432,295.25230537659155,0.3729192380169292,0.370296760699824,132.943928,0.1595107496002248,109.520056,Pitta
448.9612420888042,499.2021152651446,0.5346117796088613,357.00710153812565,148.3025737633413,299.1438413325605,0.605268996179907,0.50334089662853,10.813032,0.5018933191461146,187.84346,Pitta
452.85467563276046,481.9432198443501,0.6015247569553348,354.4746253879461,150.08253186248675,298.6153892010903,0.621060882698108,0.393961790745129,42.777676,0.398686653647161,188.648452,Kapha
421.6320384214548,525.6926726885089,0.3729877350723616,317.30094780839306,160.84000711294078,295.7501594524,0.6711796280110834,0.3598363070346107,27.877756,0.3761066152206674,198.787188,Vata
403.03975235453777,471.3232095330578,0.4611410293508345,310.70169306954705,154.1663905162031,284.10784329430044,0.6892741012491215,0.5877663717218395,35.246268,0.231110749708263,179.043192,Pitta
388.672268439657,480.2167729274809,0.3851425823901188,298.9243446870585,154.06526917254772,266.42065804860334,0.6002559116407731,0.735895672437069,34.662128,0.2847713918037075,167.310664,Vata
395.7591292705406,492.5471571055695,0.3753869400551107,312.0069120338746,159.01911824535787,275.3720286535272,0.4332466569068732,0.7093104270705759,39.380984,0.4491662623111239,138.676292,Vata
470.2243316909659,516.2475760328074,0.5537009184154337,381.7000908248048,150.28519645191022,301.8023628084819,0.6150475651471832,0.1768357047284479,24.632436,0.4543420357668627,200.06246,Kapha
460.7292602707928,532.5082263562999,0.4778868594759393,373.6172898594679,147.45263145617866,322.9697770236927,0.5161906473096449,0.3967129172562544,22.64174,0.4721213621674736,163.377508,Pitta
464.5979929734138,539.0838398813522,0.4722776491115413,390.3965086313788,138.8558944884406,296.5817290801929,0.2974083478260033,0.3982028551678395,73.961832,0.3805982197732359,104.895152,Vata
421.0500090628032,523.3625164494817,0.3770718143875766,337.5562836327281,152.39764285682722,279.17490043388455,0.8716021956565414,0.318907732055168,16.251056,0.2197037706823977,223.039912,Vata
513.2120076054038,508.09326900520256,0.7185086275846988,403.31728465950926,145.0228559081029,343.7410517291829,0.8517753844995548,0.1952875442405519,30.960532,0.2185215624703317,222.1388,Kapha
400.2197045993335,520.5198647182636,0.3179003706254623,322.3726340909235,160.09492122325975,280.8198911735555,0.4253992243267842,0.3788122584960163,30.980496,0.4519876804018806,134.820504,Vata
440.0429747984765,503.868790835407,0.4913782229993163,344.80429779119254,161.44529052675634,300.097283923713,0.442762917044351,0.521930230850216,36.632168,0.5036039692971587,144.558044,Pitta
413.5226905031122,484.8310656161496,0.4574823653084337,336.34579903601707,138.56486841423754,285.9656066545424,0.7288507686700196,0.5134398600957395,36.267044,0.0150205535959373,171.690104,Pitta
389.3798725807357,444.2742842882224,0.4965467669967395,297.8099161303281,150.76965461981203,279.6719553331215,0.5737403457227166,0.5184519835729846,49.254472,0.2379827232032467,147.808396,Pitta
469.10800141471816,471.3275058089833,0.6939537980246455,373.1708007685712,144.61967308141055,326.68166917161045,0.6902583412883488,0.2774968509503546,22.196508,0.2996202827981413,187.944616,Kapha
349.67637373865654,489.9206996413073,0.2263083018882739,282.3407925426961,151.39885696168258,248.69430840944293,0.6351370262638723,0.550423309446629,29.70864,0.416671944783827,179.192752,Vata
429.0217511782262,514.3160262789564,0.4263203091358414,330.7192000321222,158.67891997242603,299.91563901589507,0.5805804216959582,0.4526216552652074,19.059412,0.511260384667378,180.953836,Pitta
501.6535421297577,533.9074212289997,0.6014347173871822,393.8993678021013,152.39756508432134,327.41614258546656,0.5581890761857053,0.1933762803366504,9.851456,0.4790189778585123,176.340296,Kapha
402.4395627447229,508.90499256455377,0.3542929546581075,313.63513840820826,154.84448682735544,266.415345073604,0.4143877918195765,0.1897491570834769,19.757776,0.5172109272015523,142.165728,Vata
489.7661994930229,520.3660573229746,0.604103079328972,385.22234107489953,153.16081298830431,324.65061877029143,0.7864046810407304,0.2075736022767496,53.565876,0.1931371050916117,204.227148,Kapha
414.3889980664442,516.337413700045,0.3738252327497555,329.1293581967867,154.726455104198,294.85050079193326,0.4912294698993795,0.4828289186642184,17.635792,0.4396769447926051,153.912252,Vata
411.4790509956082,470.3431534463106,0.4939030661172148,327.3022061395103,141.50355964269502,282.9477080796342,0.4648206776413107,0.5463173752046456,12.64448,0.5183614329487128,151.626768,Pitta
447.6245920183456,499.980163589187,0.5278467465644854,353.2629033455869,147.97375956860017,294.06111050589044,0.3657555501634735,0.2236702609871946,16.903888,0.4520164118157619,125.444952,Pitta
411.3918697536715,473.7403496494539,0.4831772497225337,310.90201446962914,154.03183605534034,298.9753700944592,0.6096875916284956,0.4486308846970043,35.508792,0.3596226333046447,179.64594,Pitta
423.31647048348015,497.92370019547127,0.4529016460656359,334.0611800548986,152.6141797242358,307.31996490762646,0.4987242142915451,0.5754572722588096,16.788748,0.4953385053479593,151.952168,Pitta
456.0736827616004,516.1267615582717,0.5085163251006461,362.7927281686876,151.78002324309193,308.36175449397507,0.7068566990328043,0.266428921570459,13.19848,0.3691045569575465,196.145896,Pitta
423.3657273545989,518.0578270701898,0.3981790953506975,352.6916973241837,144.73410535857602,271.6892424943402,0.7164004301607957,0.2217270586695465,24.81844,0.4393958766133313,207.10218,Kapha
482.4780449733405,512.5255918250889,0.6043988185504674,374.35368959160496,155.8225634571914,304.84537975985296,0.5144938270336541,0.386700836186595,21.193156,0.4211779656862513,150.947104,Kapha
386.15991939847805,474.8967948929621,0.3914153113272081,308.09495711643297,151.75319031907483,255.059580032638,0.3626048944355452,0.5032874483911606,10.7019,0.44632914491666,122.419392,Vata
414.0530548543992,511.39722040856304,0.3856113138790777,326.7510853633531,156.85812818051977,279.8248014162664,0.5839244579465891,0.2385358255203127,28.157972,0.2827964362783157,161.483132,Vata
368.9698287539413,491.991323447598,0.2864537997666767,300.2990083168376,143.7339366345509,247.5912014443678,0.2951195467675854,0.4558481912406057,22.416468,0.6698136286702102,129.188056,Vata
443.7190309537602,457.2484269628298,0.65262949124632,332.5530624931992,156.11928748991866,294.44118733793744,0.6597560905132416,0.1942716134088689,27.668464,0.372925446741412,193.022544,Kapha
390.41345989946336,487.4908156773401,0.3710157901393757,293.6947752974455,156.4523090651241,273.9873125563932,0.5010331420143055,0.2125125836530179,38.633912,0.5321657294126084,177.373568,Vata
434.1432036511678,495.3192378342568,0.4966322041296029,340.4020092485725,150.6695085266975,296.193849595933,0.3467262806558395,0.1650245866867281,28.459224,0.4014116307464347,119.529248,Pitta
418.3207009311635,485.5273893556736,0.4718644008168285,327.55829193716494,155.75475784287408,282.5481120767149,0.3868351508600848,0.7222112483567165,17.507228,0.0219352190684215,103.259344,Pitta
447.7774244341746,520.9014589650832,0.4686092202156299,367.46894872374526,150.3806524594819,282.63289201314785,0.6771012016842667,0.3111185789856981,17.26302,0.4016974255977923,188.307052,Kapha
451.508442165432,447.5979498555451,0.7162866038773814,360.8128781445295,130.64301030101163,302.63419915939704,0.8868449834279093,0.1031137355771004,13.77516,0.3148604915982053,235.554664,Kapha
501.35992192505006,475.41553621672455,0.7924176801775129,402.4145191727012,152.6847087304712,335.5972158966915,0.6666503860747723,0.144844934757419,20.781276,0.3311826694002137,189.481092,Kapha
399.8156220970015,467.4565565085555,0.4614335900810511,317.2779860002431,143.1998879961042,278.1375298351713,0.3138047566672234,0.3310967542658484,97.244396,0.2398256188868093,99.41744,Pitta
366.4926635070637,465.0536906802928,0.3497588404381738,285.49103861080386,155.67103922167294,243.2741500971359,0.6236714093890348,0.5049965156443241,43.36174,0.3225140709651743,174.339884,Vata
406.1094149065019,470.885818781857,0.4732880242257565,318.2785045780629,152.19956309660887,275.20882606911783,0.4765887563423073,0.690954643501556,22.395956,0.3136192675089777,137.579836,Pitta
466.3503792638188,472.4695448123511,0.6802634449191114,360.9524550273177,138.4226854322674,310.2448314589982,0.8770388632042596,0.2118748875708114,24.497472,0.2775377603704199,230.803916,Kapha
438.931479644788,444.712364091245,0.6801842099026595,330.9138842682453,138.68356916988708,300.3949929920556,0.8836051523297527,0.3530518925321191,39.56936,0.2170730906911974,221.683356,Kapha
423.80026128566914,523.8121637193367,0.3846455796282865,335.01730694677354,166.25397479612184,297.4609697945579,0.4267853153930576,0.3879036008898414,15.329544,0.4820825872506528,137.670716,Vata
393.7766147423857,468.9221336954096,0.4356028071928582,304.0830558045647,149.77575260635967,273.5546090394653,0.8176105222763045,0.5718379351630294,27.041516,0.2687926573715085,212.688448,Pitta
421.5601330984745,409.6810212613717,0.749936767200192,322.1249258986569,121.10108617693396,288.6599769117804,0.4578287386613437,0.3093688597527458,19.164836,0.4389372206114774,135.336708,Kapha
406.67077014464985,495.87184382779503,0.402988462300424,335.6708315963649,153.60217238146194,258.79524935157565,0.5978249396781998,0.4471853276841437,10.694968,0.4966221344381682,185.949252,Pitta
421.9342572093889,461.08240605080096,0.5607511820102921,333.28800419776144,148.6261920158896,293.8685136809495,0.3915042961900125,0.4680797738256493,29.391396,0.3404705462831003,123.870024,Pitta
414.36092869192186,482.243233101021,0.4679716780182184,320.7380484903773,152.71924613553958,270.4866015477199,0.3801351588786442,0.1727775477424322,9.523204,0.512963218928512,139.676176,Pitta
400.86738026117183,499.25138222000544,0.3744601956966971,311.6836083081675,156.37633829587864,283.192846285651,0.2870050897384352,0.4360788704368537,13.389908,0.6411804451633788,116.347572,Vata
491.5153067113859,515.688167398119,0.6239176278343824,401.21823520574605,140.72948928261488,314.491196880306,0.3570003107091433,0.2782420717094646,18.455984,0.7112009602707006,123.597536,Kapha
443.8214534086454,499.0802659710978,0.517870987159073,356.5642144328233,144.5203850641654,282.21474459692087,0.3432497254706931,0.3203239479669505,12.908488,0.5692376262814852,124.898328,Pitta
376.3502718163075,508.9595154497168,0.2690110060432408,308.02718812411536,137.05065472736445,268.0266570225519,0.4768315806346413,0.4275119787985305,16.648136,0.228821031584028,134.831568,Vata
438.7426723742372,494.2723698545659,0.5151718194615162,343.8038808117726,155.19533477243425,296.08758231437315,0.5680905723172521,0.3387821704470048,28.639488,0.3475390311699715,170.282552,Pitta
430.7860369977009,487.0083045439597,0.5100264529276675,336.7531852727045,150.59777728792696,284.41998861698346,0.5401922463661037,0.6799289710312331,20.074948,0.4930804896886298,167.552788,Pitta
424.64971090903737,407.1346926795581,0.773230502489962,343.47366587533344,136.50267968328444,273.4548182360197,0.6860097689972634,0.3707224747832073,16.941612,0.2844752995595957,188.853612,Kapha
437.9343527103373,482.4654592510985,0.5484697102769736,348.0096673637825,143.72880594706805,289.5366996255559,0.6035858612330104,0.3912599748767146,12.515512,0.4417891426181469,182.505896,Kapha
376.3352206026972,480.5692489797302,0.3415166708454736,287.3191021615333,144.1646340017188,285.97409956732673,0.6349372044059215,0.3692196476602831,30.659972,0.3264381710101857,178.940316,Vata
502.4504779118082,525.2392916274098,0.6297101970684742,406.48496820482734,147.9832589491018,329.4107632919378,0.4197566146493061,0.2962476102564034,11.954468,0.6846659633828766,151.919824,Kapha
481.0781632205364,499.2936732159675,0.6411790582038184,381.0202336815061,135.18585012126587,322.4097111476664,0.7368334090909274,0.1896724438164211,16.274472,0.3551456139116493,207.433284,Kapha
428.2165311156241,478.6099698836136,0.5268901197981358,349.5914436380856,135.92046591444625,287.0547560842315,0.6061184096411499,0.2527043664208095,33.25872,0.5018534631718643,182.407824,Kapha
480.0227599431021,498.8126131944051,0.6392081467258832,358.1823120918046,173.11154884037322,329.63023028211893,0.853009512226778,0.1801820612175766,12.158036,0.2489134900166608,221.137396,Kapha
408.77750384449774,505.8632230538628,0.3830011611331913,332.52111680085625,145.40789710576942,265.54839481228896,0.3212253354049417,0.3117057879110895,20.409836,0.5973391435837385,120.844788,Vata
398.9007104275672,498.4908901525848,0.3699418749371068,309.3083653104227,153.29722418278385,280.14435771435274,0.450315191991522,0.4295045406527911,34.982692,0.3741639023512763,145.092728,Vata
411.1247183544657,511.0052833441376,0.377124529817946,322.42102589177466,151.64852198282523,274.03000130130107,0.3962391391261793,0.0944642995798538,15.69676,0.380088330022187,127.584316,Vata
425.10480680823616,500.2674597931395,0.4522235300140078,345.4306109453452,136.27370605400463,284.02468464533763,0.4103359511508399,0.5918747085579569,23.948376,0.4889319571244925,130.518288,Pitta
414.6398010086644,523.6948176044117,0.3558930978043929,333.1485274438061,163.47876805728643,267.87928041455507,0.7680581128035525,0.3072507142365459,12.727024,0.3157192435109882,205.7022,Vata
329.5928428756223,479.5521904725569,0.1823793762618171,253.70580857477492,140.59719054042176,221.7635650132152,0.1442638765825718,0.3924459738779869,15.77372,0.5098462656657106,75.387224,Vata
396.7874325234527,470.4220765898386,0.4417860981452048,313.14149884104296,151.0202206597696,265.05107363082493,0.4610068453133206,0.3955531414779486,30.503052,0.4095635363988187,146.142072,Pitta
475.7173460176558,459.0264957529051,0.7621704630868904,378.4711642547858,152.34362385861277,315.9085019559327,0.4052552626912967,0.2873983498744978,34.034944,0.3408694942879518,126.322816,Kapha
402.3163323982563,482.59486506018857,0.4254774217342946,311.6419796192221,156.38018614479822,277.393757767562,0.4733903022948731,0.5137616051377656,12.991036,0.4458915057246076,148.698684,Pitta
438.2743204723948,508.611046241064,0.4720773298832897,361.5579711858337,144.7079821441002,289.5325017152883,0.6304348515326405,0.378979799695168,14.144828,0.4447190884761439,182.096228,Kapha
413.7033879473209,498.25612192008725,0.419913750980852,332.8769838769567,149.21999091661297,287.2155098994148,0.4107668784855952,0.5552812454116344,30.668072,0.4769333506824706,132.710988,Pitta
427.7715624444823,508.8714101395809,0.4370638038378113,341.69985287953955,150.04161597186388,293.4264743651247,0.3396204444208285,0.1824955684677439,16.4891,0.4616950494322119,118.24152,Pitta
364.9671743422363,458.3982830409013,0.3632357897165097,270.95234703854334,149.8092430678184,257.57905407450346,0.6448477505131598,0.3687993522621566,11.947612,0.4859732967335859,192.873364,Kapha
419.7458059864319,489.2670514496425,0.4657642293718236,334.84076598009693,146.8483492184598,289.9113143039654,0.2651494185099655,0.3578397857373285,22.249764,0.4812672869590982,100.071056,Pitta
416.2343020825513,513.6697375214914,0.3867149256922031,329.1612498411199,142.22996068287904,283.1672785272548,0.4624284540225516,0.6257792400696132,0.0,0.0,117.921404,Vata
460.6393836028101,502.6407007925645,0.5629828101797212,363.3899576107677,146.24160045541893,311.59607845304146,0.6075348211359595,0.6285305074342757,17.854192,0.28247139316769,158.852724,Pitta
423.0925628121982,505.6691330440029,0.430536874306927,318.57692709710835,161.58765130853624,295.1626213440906,0.6438127222511492,0.524042334375383,21.96114,0.3061523410464069,177.37308,Pitta
376.9803146645946,524.3756241754029,0.2348987777588783,308.03061068361365,140.93104795318132,240.8097701067846,0.3764562735274285,0.3603134555861416,23.377492,0.4687543848324064,128.015208,Vata
410.0123601406627,507.1743969911829,0.383575337148215,323.7533749321303,149.68040433120456,286.1280388200932,0.2553283086369999,0.3183589908056637,14.252204,0.8803061452003954,118.180788,Vata
393.4135991040012,479.8180219364324,0.4026726596387832,327.4068186407728,134.24839026859118,279.88719724506825,0.3062886816228184,0.2499700599012029,15.070412,0.350128032041975,105.04376,Pitta
378.7689223614053,446.7283633202474,0.4490975037285047,293.758438904441,143.71246214995452,270.3570845741358,0.1700064220714419,0.3857909392736613,84.624168,0.4005820660337698,74.963204,Pitta
475.74938907410007,504.5245561414201,0.6070434216662784,373.4625442947201,141.80592409631333,324.7340942440417,0.5060453636954466,0.2254382775188152,12.616984,0.5318325496736098,162.913176,Kapha
423.42441221020295,458.9321044892694,0.5732659584806555,335.8610719711692,139.5512647829725,280.72545614457664,0.5159510135852377,0.74656816952967,42.90566,0.4053870658264714,157.519432,Pitta
386.2234341726669,478.1950423364288,0.3823204050896274,315.28797558071847,145.7902431279763,258.1771010238186,0.4507169426862431,0.3804342654427876,13.666012,0.4707555227449486,140.175648,Vata
444.5408665929091,455.083057918764,0.6632983758524377,358.8601976681272,121.54884490662394,289.2798149812095,0.6129234696330575,0.4218269946187916,41.40278,0.3988141556266237,183.3509,Kapha
444.2135754350813,518.1014133675659,0.4649004330034463,350.1238327209349,149.16572210805447,284.2473563474758,0.6059902651959929,0.4290104228229583,30.759052,0.4645486764170259,184.774036,Pitta
442.1395187455776,493.6488245145232,0.5284634162000769,356.5212115870086,139.48644254333877,286.30107100625327,0.681739625256359,0.4572390572826825,12.062364,0.4887974664227343,203.229272,Pitta
408.0958686279934,509.7280235773335,0.3706034127593071,324.6624106068551,165.5618942046383,273.29600556366296,0.3307516287748933,0.5326854422755135,57.184672,0.5286887219038171,118.614764,Vata
391.2014335970418,490.644240576822,0.3651339107403334,315.9184432565784,151.6666589728968,262.02644291209555,0.5198467973560748,0.2402891214376595,20.066944,0.5069051277234579,168.53308,Vata
395.30680644442,483.1786957935848,0.3997084842503463,309.76752965970337,153.304067995706,274.23611208773684,0.4431845536058355,0.7838263841153423,42.469524,0.4953192610401892,131.91764,Vata
351.14822853486555,482.0587612557018,0.2507140965603475,282.5506882918854,149.8055061083695,241.77384666282143,0.4784427171053049,0.5661766287023674,44.54588,0.3698381702269086,144.344424,Vata
407.40488281424734,509.8206238819937,0.3681106853364742,321.6230657603222,156.40580147725336,289.7101034587376,0.7204584111678064,0.27462110250521,10.620256,0.4391409401782927,209.836684,Kapha
410.79662590676855,511.69721403461097,0.3742525411174228,329.4230213883421,160.9376126201979,288.1416776976354,0.5580423903269366,0.6907322359908273,26.838752,0.3283486074616326,159.488884,Vata
457.8796464443178,513.1832946215533,0.5227798342910884,355.4822838998161,144.80006328792743,307.0650983688787,0.849069401634871,0.1783595747523331,13.266176,0.3695905938955435,229.059656,Pitta
400.10792708854,523.3736917922256,0.3105819712807209,318.086775515847,153.2647393132453,273.7802902721557,0.674180888907475,0.5271018473732064,11.50824,0.3338028663079708,185.645148,Vata
443.7705971090508,529.7137422276998,0.4322926429637203,344.12184327163874,149.41074341466071,303.79908380299514,0.2972874072417625,0.3531532730474005,25.964332,0.4432889325513347,104.448036,Pitta
385.86164996550536,472.01314321342494,0.3986169404327236,309.9701808270236,138.8950796381885,256.74136406926,0.4316970843506697,0.2812879656712516,22.334308,0.4174877515045335,126.687168,Vata
402.1872968053863,501.2427500598635,0.3735355871144524,321.887538663679,146.37393140610058,270.80487375211345,0.4653375095125077,0.0334919927355828,14.0435,0.3544905984466535,137.568424,Vata
422.166677396084,484.9396828384274,0.4867715738375991,346.7684192190643,141.84117285887356,271.5797027470611,0.2949854024494091,0.266403871854335,22.198092,0.4005209906780573,106.068644,Pitta
429.5225586706551,474.4771127170525,0.5444063088621249,342.28129305059724,143.77704859521947,289.1289993017303,0.400666142423581,0.2465339969977685,13.863472,0.5576572965569436,141.957188,Pitta
451.25415276012495,475.74716428269136,0.6162634018847086,366.1379998158043,141.88626941452105,291.1274898258484,0.5964804263272985,0.2959535983289978,19.368312,0.2879272219443989,169.842472,Kapha
413.58689024566,475.5069232854052,0.4854859556533745,308.9165478040932,166.27346711343574,289.8402001737167,0.2373343081889558,0.2675502102739445,16.403244,0.6288669073127964,96.45104,Pitta
376.13707037024,497.22921148491247,0.2972737594136201,307.1929325875305,141.13150209081786,252.34744870111493,0.615888490493753,0.575343526924337,41.090144,0.3270079713298978,175.05822,Vata
397.8554297062356,482.9003368653245,0.4092579502623015,316.6172161910956,149.9534419537599,267.1819319950942,0.3327660209251491,0.2647875641913958,34.832256,0.5986485330368044,126.854296,Pitta
467.1049478396801,450.9240721541497,0.7613771938402506,368.2232576404196,130.47898719709386,309.98934320937417,0.7756304742821363,0.1997804998245929,37.526716,0.2016415023146513,201.972928,Kapha
412.8445749335725,495.6506685236197,0.4242852456401241,326.7259039358579,155.15176123736893,283.0268747730395,0.6003972196869358,0.3158062775284278,13.168856,0.5321964359001818,185.611184,Kapha
421.0523682399808,496.56360045958434,0.4491961566220562,339.45127204886734,148.91146808668998,288.9561275791163,0.37470848443047,0.4584450458255778,35.92788,0.3137906600149336,116.27102,Pitta
415.7498273238164,525.608387272118,0.3546130783755856,337.2543234670201,163.66213128708503,271.0744508901644,0.3384065436902727,0.4595784877653086,19.721444,0.6345279749437762,127.201244,Vata
482.31007332757054,518.6534316862973,0.5853872302051341,375.6309228740696,142.90660228594177,311.6891098290946,0.5231239320125695,0.2546887983974348,18.474312,0.4192287874046884,162.521324,Pitta
459.719821439844,464.4414856735758,0.6848894403026855,356.0361118752001,159.94327154397465,314.7401504862808,0.5201467308076504,0.2707820916517351,13.926104,0.4480003104748321,163.84086,Kapha
402.4756297052108,498.16939760463055,0.382718911121925,315.77029154561126,144.52865142896988,280.23077423317807,0.8059526887337314,0.3628108367262492,11.65646,0.2723977914557164,214.047604,Vata
499.49203249846346,502.1459307047946,0.6929969744193742,403.2201408688927,144.363573735454,328.80982988485937,0.5633332950732736,0.224732563625216,23.27876,0.427699338279413,172.929184,Kapha
384.3257040963301,470.9358599364988,0.3963057747134464,301.7246430716473,155.6340652945837,272.6651291412173,0.6144282939724273,0.6732659134174335,15.012008,0.3756681488610003,175.505148,Vata
420.0369848241679,445.9467133269124,0.605272368880094,316.53340167641016,155.6394774844114,295.7390951479309,0.5155623863585924,0.3044492135460243,34.928576,0.3229963096845324,154.358476,Kapha
414.8227076082057,509.9504544958613,0.3919334619590079,328.8396825296569,151.24525799886965,270.7368693157485,0.8077671386272467,0.4696407121934737,31.851572,0.1823225975304894,201.944304,Vata
405.4748093298881,489.7704146146437,0.4159022530187146,322.33397310009434,147.41368077412244,283.1079532301157,0.6296313501431983,0.3473470759853179,41.245324,0.1776949998696789,161.435944,Pitta
390.2457709949185,454.8977873609721,0.4657116862512277,313.8665171716408,140.58241753216734,271.08320795002624,0.3268547012155542,0.2933307751531514,17.386512,0.3076812844177692,105.515556,Pitta
382.9626964365369,452.2784417498255,0.4472172584059997,280.0516044829746,158.7293590110562,284.7009233185901,0.4101472862474001,0.7327798603493583,70.001452,0.3297262635643672,121.440264,Pitta
494.3178990658597,518.1782949951602,0.6252933498421867,388.0619115663597,158.8162333238532,321.45633016561453,0.5936316304315807,0.2231359611798753,15.089284,0.392056128690805,174.285344,Kapha
408.1693878641988,493.916418945054,0.4134209854909844,311.6961339228968,156.25333792840974,294.79861244878987,0.3029466319522175,0.3116258360732285,56.289128,0.3670398790674194,107.914672,Pitta
394.2332374524936,454.415841614219,0.4817977783798622,305.0401281111721,155.4067006660457,259.80078052217726,0.3411244059022055,0.5156216274942284,11.922616,0.5318267595003071,116.48968,Pitta
460.8769955593822,464.8196812685659,0.6876867478425218,357.86146404484737,148.2538927966809,307.331938467907,0.7117247230968302,0.5398948470156945,19.27522,0.369595472496373,203.766456,Kapha
445.4936038292903,510.5677773587055,0.4900776462138129,372.72089272740766,140.95344169549168,284.08288863178274,0.8061068593839258,0.4373044599722646,26.501036,0.384527249061992,212.372568,Pitta
451.81924350088855,502.4783279717644,0.5343192862745311,369.3963041029535,130.16681426836118,320.7276983507357,0.6096512311940101,0.2781696028746737,16.706976,0.467255371423918,182.615552,Kapha
381.0400543344024,478.2058375655519,0.364286531976361,300.14195696397496,143.05794591301458,265.40882200668875,0.4033040197062318,0.2303269315172516,31.08302,0.5077027198756696,135.045744,Vata
444.3502868631999,502.20621542756,0.5104261420911651,363.2761840506562,147.71576701424016,285.4112156516259,0.6045725493809616,0.24435631755247,17.94756,0.5226347665368363,187.340868,Kapha
381.220033219975,501.0928456825898,0.3044343297961592,304.1809203910764,154.8474939380871,257.0313438740426,0.6727687917026292,0.5887278640203134,127.094352,0.1892848842242187,177.223624,Vata
470.06320717062334,489.9239764630789,0.6344423190342653,357.6322848712288,154.29002387887914,313.77150863761096,0.3825798161703119,0.3400511753701664,167.386392,0.63567245418403,162.499084,Kapha
379.1561148936023,534.7457639667366,0.2185004246619198,287.3700239348256,168.4653431711106,256.9762240278536,0.6212465576982705,0.7861811864847335,19.713436,0.4169614196870214,173.649584,Vata
377.99544316312944,452.1479500959265,0.429375934902591,290.4201080578304,154.46801478529878,259.24015078260953,0.5642027749994643,0.375380603966898,37.606644,0.4902127333304793,168.351032,Pitta
443.4641010277255,517.0381223722856,0.4654214234510095,352.303153667395,166.0258231327094,298.65696640763207,0.527923890627492,0.418395040998454,9.971092,0.546975321504859,173.426292,Pitta
420.9097665289741,480.40085416939735,0.4960873168127449,347.3255149385777,142.60282117451987,264.62855993876707,0.5051884253098483,0.6929041360226699,21.782128,0.584489769928561,164.728204,Pitta
418.9189825981254,503.1577960183591,0.423695875428432,322.2024103809029,156.29485971280764,298.968743177597,0.4758571932297032,0.5446953627620169,17.888796,0.4182324724532927,150.007996,Pitta
386.24449586307713,499.9711611683651,0.3239611653850927,303.5578313574044,149.698797238913,263.1511305727699,0.564477665502785,0.6260155147389684,27.885752,0.379110415329975,165.634136,Vata
480.93703425753176,477.26321895042594,0.7145609476918121,389.65986404837577,132.33398991804836,323.9039358945065,0.58603884129168,0.36683939313545,13.851528,0.6116605379736109,196.714236,Kapha
420.8397033481183,477.3579698210405,0.5051201022016754,322.4970917964493,142.7422648799212,286.37166130785783,0.8530415383048348,0.2359167796638771,10.26476,0.3408995255366562,233.674372,Pitta
426.0009632660275,523.0638805175295,0.3935562759264067,338.1773298770493,157.30666998644878,293.0116340905206,0.6868755566939038,0.3569849078259756,19.213632,0.3088752417861581,187.507764,Vata
444.621478021796,453.3037478577096,0.6699623516666654,358.05735963376105,139.04381035860777,302.6928331382045,0.442081319429467,0.4097856830817131,21.413376,0.6263792597950488,163.150256,Kapha
402.4172499366771,490.5102371119857,0.4034747251869956,315.6970662939654,157.24045320535777,280.3452609822496,0.4803704020605209,0.2807181951421542,26.815788,0.4776411867080039,157.310492,Pitta
459.6088483853238,483.6866549678657,0.6190928433599518,358.8115916497162,152.43382416111103,300.58276800079483,0.7170492592384199,0.2690689226406899,12.512216,0.3254865906338697,203.150108,Kapha
415.0468406476178,480.8660101868288,0.4744283593215332,329.24755707299795,132.96116201415637,282.6947698863653,0.4530090547113772,0.7499768482957133,132.713224,0.221407584039892,123.647552,Pitta
414.87475898387066,489.7580719810441,0.4478159198411279,336.76416562183545,138.74417878977223,286.5132396324607,0.3698303067351806,0.5843435302643539,15.149064,0.7059060915594196,134.094464,Pitta
425.3529689835461,523.197018215883,0.3911548886696913,336.59679288869205,166.50968535341238,302.4140391325558,0.3290386750610843,0.3449834462930325,63.035524,0.4205744878279416,117.682196,Vata
417.5459098857334,470.74847834156657,0.5140579383552611,337.7446212638286,139.9449683103336,280.1886222625985,0.4096112708357129,0.3174521176627776,28.607304,0.4139532474060362,125.118216,Pitta
407.94837709755046,475.45822811123344,0.4659363224933091,316.7269857564206,136.34314934221828,289.7887080738581,0.4247547898049836,0.2493360920808118,58.21094,0.2868682110640049,131.337668,Pitta
403.62098586206633,478.3666759024241,0.4422462058768762,313.8412098678005,154.49847126895637,282.9763686497943,0.4819259544232789,0.6213713647128217,16.138568,0.3991983665431565,144.764764,Pitta
416.8399971041596,475.1592390927308,0.4979146179781221,328.645736946937,145.2134960995126,276.8205613158646,0.6948641367884361,0.3119917592003079,90.711192,0.4858948170960218,227.286944,Kapha
378.2247800151422,453.9280689632709,0.4247697117996479,301.4614680743492,134.66354455356907,271.54444351289806,0.2261042515461412,0.3810317486796751,23.105216,0.2841258803257946,81.528108,Vata
417.8116958565767,489.33175808046417,0.459010740349162,340.297190092756,147.40490140312434,271.2212165802726,0.5638092114224419,0.3612964415498468,19.972856,0.0620260920401896,140.09358,Pitta
452.8182117482805,449.0855405999784,0.7155808545731522,356.7259820376265,139.67710129141622,293.1846542493,0.5370315172727717,0.4896733168895523,11.113536,0.4567598973474862,164.678196,Kapha
411.26117594939234,501.4846808219322,0.4029462237799339,329.5380979170972,148.19193429904922,278.6371246244689,0.5657579260329233,0.1010589716652263,25.994416,0.3152387266507463,167.958904,Pitta
398.8940686293205,470.1746447341191,0.4499653970147615,319.8640429388566,149.1671602587605,280.78621056873897,0.3745473105840088,0.4632061749524493,11.610228,0.4803535537213967,126.469652,Pitta
389.6507264780885,496.40785163773046,0.3445690291024889,313.91234853923424,147.5223937882216,262.77471509510093,0.4753023153409649,0.484126870873994,14.731324,0.3002273731844008,136.691852,Vata
465.6246498426616,469.5059522522293,0.6880445254775066,365.2409211294146,145.0768854362821,330.1718710035888,0.3376876023841208,0.2070205987450238,35.496228,0.5194633890211832,129.708204,Kapha
478.9161125729194,494.83508335432685,0.648341648815639,368.0078070056683,158.45763743078442,326.68972566814006,0.8852465891624876,0.206274582706088,13.528892,0.2265792554195009,228.712476,Kapha
474.4997153358792,473.07024993630057,0.7067942766554398,369.9164641794527,153.225231866547,306.38143341121565,0.7118871611305833,0.3981832082646319,11.394116,0.4006687160616504,202.224392,Kapha
406.2935247017314,489.1718649086177,0.4203647354912105,322.22847887242665,145.25642109043008,284.6266507093572,0.2877027204588125,0.3847093833754727,43.858796,0.6284329650535525,124.011916,Pitta
383.3329064428784,509.61690597838816,0.2901847840048421,298.6815267748514,147.3403400492874,263.9262065182671,0.6651049672768129,0.3184423838901693,13.926924,0.4613567378778079,192.121788,Kapha
355.23966469251496,485.03876189899137,0.2572913447218223,274.06664390469496,158.57394654107705,251.71287016138444,0.3934561411690257,0.4034849782955463,62.696884,0.3599974077579814,125.292584,Vata
388.6787336506627,530.4230990517535,0.2579171090978158,330.0395038361873,141.22103961846577,245.65986867528056,0.4851441538722217,0.5314267340401817,40.56924,0.2953802047243222,137.861204,Vata
483.7041502397292,482.3593483062552,0.7064060924102705,383.4840077860105,146.8682119664854,317.30512124432795,0.6506952789306854,0.3247036982707403,15.869784,0.3930446783952057,179.811256,Kapha
401.999703995994,474.2088138052728,0.4488552962231898,311.47090402140867,152.69865894327992,278.6633768451097,0.5963379544261687,0.3720726606313084,25.930208,0.4549465940073631,180.849324,Pitta
396.2912303846168,493.69133683182656,0.3740841114709724,328.6144562125316,137.8205145729371,259.66291404503073,0.5635584809429185,0.3397992717220109,12.13614,0.5999333944379494,184.816708,Vata
376.5188510817465,447.6284811353427,0.4379165363737274,280.11841822277256,162.66076273556516,280.643451894463,0.3491334136580548,0.4818215191220357,14.592208,0.488002457059197,115.554124,Pitta
460.7792976009848,513.5748786161403,0.5310277219535541,380.0446051426982,137.35263450003336,303.1090751041151,0.0,0.0365138466746548,31.716616,0.3658431363386955,27.85414,Vata
416.8384539007464,503.1011124242737,0.4169829069041009,332.0638815945859,132.33258408110888,305.9981331890579,0.5590009252245658,0.4159350762655265,27.605524,0.3766390073070299,164.472436,Pitta
391.9976922653902,491.7044082567369,0.3649682671339044,301.91119603331384,155.11146659430366,272.4993421825904,0.2276390551841431,0.3397160126214402,11.004184,0.6795538311905529,105.338476,Vata
400.123959624432,414.47330042989273,0.6442716011395913,319.3342335916745,139.24222711017015,282.33914751764223,0.4649920653184303,0.7411254797782546,0.0,0.0,118.432428,Vata
427.8872502443231,458.1599192405784,0.592027893077457,356.67923607864304,132.99172676211228,274.5626488094776,0.3968117357034664,0.3976605887147091,18.786592,0.497271494777635,130.959316,Pitta
489.9122752522298,482.2649184649722,0.7281136038112564,380.6306056719667,146.62419307307383,328.06852577687374,0.829483287724934,0.3837729531418701,16.221872,0.266832641506096,221.13154,Kapha
375.3076687556019,495.98554669099127,0.2976467802517694,299.4780980378515,154.1035455788386,256.0067023864743,0.573641317718199,0.6024026274167652,59.948428,0.3589503654865427,171.316168,Vata
391.2597081202786,471.5115563387815,0.4190767864398275,314.8084669819525,137.31591828561943,268.40551266148736,0.5154902273506399,0.2685807670783225,65.760356,0.3978555527660687,168.485644,Pitta
464.95542588591474,498.7756407743147,0.5891510832542157,361.9941046067105,150.77635480558968,304.24918424348635,0.718214137595108,0.0873127182614943,12.796344,0.428105578864051,206.899292,Kapha
434.2977390966886,482.8324681982388,0.5348135877809378,369.6227816700113,119.23777248749056,294.90060188757286,0.4279247093392619,0.2612154689097051,31.503212,0.3958254302250693,143.085088,Pitta
416.8076949185729,510.1008386789738,0.3979985570312588,322.6796105115091,164.1713497395868,282.3046096267279,0.4977003831169754,0.6744717683743238,17.028192,0.3469027704645657,148.73222,Vata
383.8946289915729,492.4154450584362,0.3357237645612451,313.0550865106176,150.84467376919616,252.96808633080545,0.3010972864761578,0.1873581594779329,17.581556,0.4520679663034196,103.218228,Vata
470.897712853408,486.8401672220594,0.6473840376238096,380.0715211787256,132.96502686375365,327.35875187737327,0.8338654224067124,0.2414787444002692,12.058476,0.2824372091999405,221.519808,Kapha
427.99718638460735,507.5160761423188,0.441530944992907,342.62795885170766,155.26543945990895,285.5386736853876,0.4417855798690656,0.2567363010009624,30.450816,0.437436535986788,144.936772,Pitta
349.6162947143345,514.5605451556244,0.1693464573427887,277.93613784589775,155.39586104898748,228.0351755559664,0.615730727946333,0.3538074437715498,13.066224,0.4605699157855588,180.333696,Kapha
422.0186761291308,477.9386200142247,0.5074383535153294,332.34884667404566,149.53369321734368,290.93183049970446,0.4895703745774906,0.468626115379298,76.415472,0.4012369970939069,153.150264,Pitta
390.1722059161685,481.2112921221199,0.38754148773104,309.6488549062656,147.03207172276362,275.77031158514563,0.3404317717316003,0.4324057104918635,18.966636,0.5172646255726194,119.348276,Vata
470.4435234006052,527.8949686687387,0.5210103620224306,379.48206540719286,144.29976639090995,311.3711351145195,0.6242497249088321,0.2235737260815976,12.976848,0.4402423391786961,183.854312,Kapha
408.7461424446511,510.3819697893634,0.3710157880668295,333.35846652426466,145.3970058404734,270.4097962074007,0.5986124280286135,0.4472061363000234,30.007708,0.3081725038140868,168.749596,Vata
418.8890416241099,514.2113278875001,0.3938724968751358,335.19285297749747,158.56604156125695,271.460972531143,0.5057568079294965,0.6027222757967393,49.059768,0.1447144259517525,134.365928,Vata
449.291623471545,450.6337964705242,0.6968283291667768,357.71839360510035,138.3115276340202,293.90912378867125,0.7719937887067059,0.4526648340069709,45.738908,0.3661223982539943,227.927928,Kapha
409.3695733645094,516.5689475812579,0.3570883847670597,329.1259410652956,157.77325770834517,269.85556343666485,0.4755889246598153,0.2544973615148687,0.0,0.0,120.54478,Vata
459.8056502349609,446.7738761316377,0.7502234671217684,357.5093924430496,152.22092408634853,304.8209705652704,0.7337699622196624,0.393795452369372,14.608936,0.323765288589665,208.068584,Kapha
375.45425272733297,511.0554636091518,0.2610617585049726,295.4871922816287,151.57572843657613,248.5544490982082,0.431262063457065,0.2603005385597096,12.097244,0.5693311975077744,145.300792,Vata
400.7901106052928,483.8488054217857,0.4166496729659206,324.31921031921894,143.482778564458,262.28086779477854,0.3261157937767792,0.3789908126429388,18.79576,0.3771317291098313,106.037208,Pitta
434.6650647926249,537.3895330301073,0.3842739809366568,345.58121860454816,162.28704276401115,298.64366876838056,0.6110925652382849,0.2003501124981571,12.19416,0.507736042913861,188.335888,Kapha
385.1789640022227,469.4155441660946,0.4037150308211411,306.0599226070637,140.6130917544934,278.35666526291686,0.4097364253775927,0.402624597203217,18.550548,0.4173331386844753,129.291556,Pitta
389.9384201029201,443.4005854977236,0.5015075306157306,301.3629928661883,127.5458270930612,277.38856074582264,0.3585217099485601,0.655540316654658,51.074708,0.444969517691731,123.892752,Pitta
392.2769680333738,505.4381577390216,0.3299059977738726,309.51631891688623,152.99830267694128,267.2407636673088,0.6581714417763092,0.5798280269001579,46.51784,0.3568265704334237,183.53062,Vata
397.957297189302,458.9747223586344,0.4809616575955303,306.0850558546604,152.9575183740803,280.8742752799715,0.6471263578073839,0.3531000725954152,37.831288,0.5581983992247177,206.913184,Kapha
398.6479645157951,503.6027538575132,0.3556167934367396,316.39350212113493,144.75555068076923,246.43532785125976,0.6849021803980015,0.3469999498674352,82.978908,0.2181118444055176,183.468004,Vata
456.4588184934086,518.1788949850044,0.5039383031354923,377.9354607837758,150.01418544248656,307.101069591347,0.6775471788677327,0.5639027368285042,15.13602,0.395791668281613,185.804876,Pitta
451.2727882800767,457.5498139978079,0.6789889330888316,350.57575638901454,146.90588568895814,304.20790380877816,0.7799424365359919,0.1847338155222196,27.919548,0.1832458685172173,197.203576,Kapha
403.522673499212,483.8897356466532,0.425912904331213,326.293528751202,144.76717441821717,271.6752804326208,0.5131868781051351,0.4456641681079957,12.281344,0.4998217538195224,166.580452,Pitta
415.82943246738415,512.4695618685178,0.3885547403147404,333.44068930276575,154.71116458095747,270.64118089537965,0.5589021580840925,0.2645649241562543,11.252692,0.4992954557639538,174.497384,Vata
437.49425067149554,507.2849621216626,0.4732646560159028,349.8251424708415,151.21904949546138,297.3030235943362,0.4773014569778603,0.456953165037929,9.364016,0.4949974421951637,153.342368,Pitta
475.63050994832486,430.8577773853287,0.87437529519924,376.4157203465925,122.24653409223168,336.63390346415315,0.9025896334876232,0.1795780816930353,71.000344,0.1676908464753949,227.759516,Kapha
420.88949667531074,495.92303029225553,0.4504698356770881,341.1135044954341,152.35717367299,288.7583725716531,0.4980313593898254,0.4035624716664904,14.008092,0.4899076097664929,152.483488,Pitta
428.19479019736144,481.33896905440565,0.5183896111532754,348.7295042769944,128.52972745781108,287.7682877688728,0.1108250391276,0.1587227287422715,17.589612,0.3956743792900458,59.680092,Vata
421.79053693590896,504.3992894454608,0.4297480465448543,329.8846704322036,143.70931918798178,285.68334939313934,0.5915246315455907,0.3862460462430248,33.449928,0.383882801085298,174.727672,Pitta
398.07216301423057,491.6749188426226,0.3855683468425584,316.92709123253155,161.61383187518345,284.21971051948395,0.4062306935524121,0.6538208384708747,28.570344,0.4108945672576402,135.017008,Vata
391.81837824314255,495.0294171311554,0.3554725140057213,308.9301250633092,150.33082043973548,273.99704973337776,0.297650891187828,0.5008178641388511,22.62696,0.3226938870760226,99.128548,Vata
351.40938339606606,457.9591424804866,0.3153312797195186,271.9903998575127,152.44353417547157,246.68915328607645,0.3216297750059658,0.5576691867669267,14.394276,0.3982492001457975,102.7127,Vata
410.856434607461,504.57153324786606,0.3932806376598903,335.7605492088566,148.11395177927938,274.05606809375814,0.481520310834358,0.3056613583053295,15.425224,0.5713460765313033,162.355952,Vata
437.4932602688166,492.0025039431711,0.5177559013920361,342.7641317366442,156.73267585658542,286.10807245112005,0.4618223263823366,0.3640682287801088,16.167664,0.3715040182789863,144.958928,Pitta
285.0006642868603,493.5163532127885,0.0,218.7493447747553,149.33844744606463,176.32588650009518,0.173041675559455,0.3500945995731157,24.410416,0.5362221087520815,72.618196,Vata
425.38219493572734,482.9376091194271,0.5038251059949055,332.8467621993593,144.24297206486787,283.1414854457921,0.5410510308664773,0.4939470369138778,26.277504,0.4268976440510713,166.800636,Pitta
400.9107245167992,487.41981127612416,0.4069807990726681,320.3304328673589,140.2998613290342,271.1249603213755,0.486015339447933,0.4079634602716,0.0,0.0,122.623156,Pitta
391.8426555266403,479.8186072546794,0.3972329328254024,303.78603486349203,154.2691202016191,266.39477712213125,0.6227298908536812,0.4494071547534523,30.0884,0.2796857120940818,169.320772,Vata
425.6121013682896,499.3626850257178,0.4564681642843124,340.08299562593385,160.92554667302088,287.621187212744,0.573496999702294,0.4076028701978236,22.681064,0.3771130081121847,171.001772,Pitta
407.039054082822,483.62364723344746,0.4387517127665074,332.28674246335555,145.93582455017497,273.1066043749296,0.4083237061123335,0.2771388345063192,21.104268,0.494412719096444,139.383156,Pitta
402.3823361272859,463.7176910830158,0.4820813943515836,319.4225224147557,142.238561323839,278.4749751180876,0.5882161530708475,0.4806421448339729,17.051268,0.496133497830525,172.780408,Pitta
395.67653751188107,477.039455923821,0.4184841284727971,309.16602361956416,145.04387492503128,271.93147449505625,0.2333540646671531,0.2157112201757499,30.49082,0.3989643793940325,88.386636,Vata
387.1935242096681,498.6631265653126,0.3304880414299102,311.8603220007435,152.52847684879652,260.18467513138245,0.6066612877838493,0.2271602847277189,125.377532,0.310572370278848,179.799284,Vata
421.617260492616,517.3614785197426,0.3943926859987819,333.1989113853041,151.85856723241113,280.7411971794081,0.3966648090471182,0.3762017974021128,15.3747,0.5217230252537987,137.515252,Vata
356.0604256241505,358.4426188420581,0.6907366632342616,278.678349085114,123.44677040297135,240.71051530464985,0.7226665049042038,0.4199688715459322,30.345752,0.3816263384753673,199.707096,Kapha
458.8816175097028,501.1153278125128,0.5617900554983671,358.1511770002928,145.77802760547922,304.73638697596994,0.7823766391994219,0.1668212190933025,111.019828,0.2180146606512787,204.34608,Pitta
386.8193708563696,507.48262552853794,0.3068502224954455,295.457587796771,157.18445569755448,257.4927116034559,0.8365443958095763,0.6601504622132672,37.516792,0.2106937883560999,207.212188,Vata
411.64447321125056,494.6429705493853,0.4230738618773973,326.6601260823289,142.5078332494237,285.8256248142487,0.5287596388261054,0.4476882792579889,18.409444,0.4413147535506423,162.385112,Pitta
413.90479452434914,492.22400586985486,0.4374940631855166,319.94688851042,151.5585959979803,291.84925492084665,0.662918986784788,0.3576452633310134,29.18698,0.4250729629360034,196.50208,Kapha
480.0527240810224,490.61498537709855,0.6660170581661575,382.1931525068603,131.97950624676517,312.7693715073509,0.7386370030269058,0.2864767815339124,42.847604,0.3007709911169626,207.921604,Kapha
490.277942955364,506.8922833931288,0.6473340880520537,395.73886082642935,143.6713186659579,319.868253177107,0.7553895916209505,0.2620734370639943,14.76292,0.2781188034173029,202.50618,Kapha
410.1905615743028,508.3964974533172,0.3809297462466308,324.9778969596693,160.10402743581682,283.0275868632815,0.3970260254826446,0.6236137649633726,59.569988,0.4210251928921116,123.591312,Vata
391.8986592279509,526.0366338146559,0.2782331718290901,306.3194433671628,163.01467580774764,261.5432885373508,0.6089649380263285,0.2148829958702064,12.394284,0.5488475731982567,191.154768,Kapha
467.6329145800421,463.1169442407712,0.7179718782936209,352.6919282789467,158.30955071328884,318.7032919716729,0.7044163560311004,0.195386056467008,15.423736,0.4473015564120886,201.647232,Kapha
419.54260840777897,488.3748927172769,0.4676762485356304,334.91855568608975,140.42949304708898,282.25165573904087,0.4075183786745811,0.4662076951304999,14.20154,0.4734298906909814,132.226112,Pitta
393.7623073774077,493.065297477154,0.3672578876748255,311.0640184837112,152.35442025220738,272.8228723288372,0.5160853184351336,0.5677230599043583,24.980148,0.2475986817716701,142.369944,Vata
399.8030406175819,490.3482033386819,0.3950698472788172,319.731009648158,153.19063799187305,275.68875698616176,0.4862075360492036,0.6599976401326443,148.08636,0.2171368670023864,137.464256,Vata
462.7349983486051,472.5614001234627,0.6672373703124991,352.2636483536182,135.30106314318763,325.58889074192695,0.4122178444330449,0.3708058221925316,19.278776,0.4854353339265532,137.615904,Kapha
508.9287675565868,482.0623537558577,0.7943447651207205,404.063177783602,136.7848588189755,343.19924128732293,0.5341737516672224,0.2736133241618987,11.1975,0.5411348766682958,173.71474,Kapha
457.77510423826976,503.58447926755855,0.5506828521646939,357.67439812443155,153.12851557812536,301.5810203943025,0.6592558335420914,0.2793223700915844,80.856972,0.3473853299223867,194.178636,Pitta
479.9815885099904,475.7633582177015,0.7165018953197745,371.86031091773566,143.15128073508157,325.38411084335826,0.715355087735802,0.4216663005151126,28.351216,0.4031787308669379,211.420916,Kapha
411.93237039713614,507.90721798711246,0.3879168102647934,322.1024811375536,157.20875603629602,293.7889687547076,0.8460982605023664,0.2912659861269991,14.604448,0.1989165927392645,210.841584,Vata
433.6122101271543,508.5953850677036,0.4568959203322135,343.1588863387188,151.88988537937743,292.0847235934407,0.2162104810035994,0.1937351756234839,15.273244,0.6788039277834731,100.528976,Pitta
455.7092704113488,490.22722238532543,0.5848231358638851,360.76335643348216,148.57906959457145,299.2449070735785,0.8520438537340923,0.1047670170949496,21.671132,0.2418155984770392,222.017212,Pitta
457.7676988196068,483.3124458305163,0.6139874920947267,338.193876459544,148.10253381706048,321.4846919107387,0.4750135187774354,0.3012063500127266,21.90448,0.6936010448376165,160.046552,Kapha
444.29599359273817,509.9293156256816,0.4879913022308229,349.1986282461118,160.00330729644642,287.53222881726856,0.4906181049118132,0.293635260617679,11.261968,0.5820837756710625,165.97908,Pitta
412.1423412087507,512.5489075746274,0.376397707704377,328.9441268555169,147.9196882900928,284.8103656389671,0.5330706780225736,0.515780618875671,14.266248,0.4912480602075387,166.54826,Vata
344.2894686696158,482.2388596234923,0.2266387369662564,269.39416804820274,152.25903583977754,242.47068874181937,0.5532668325333905,0.6224087560790994,34.373156,0.4253669281776774,163.221092,Vata
368.1650649055189,466.0903346519646,0.352807364823153,288.04564298788614,144.90310381402094,262.5645514786471,0.3160194522705887,0.4111043768321149,0.0,0.0,88.736592,Vata
430.607175947882,497.14538636275023,0.4794706761921437,334.05751930205065,146.43273833220866,291.1869466138749,0.5663537595766202,0.4652282506582062,25.154048,0.4281094108446334,174.019424,Pitta
406.027697586381,482.8299747448482,0.4375705090983342,327.6998491645968,150.181125410514,280.25796482467223,0.4382736876391459,0.3085437357925222,28.718832,0.7360806765947489,174.647344,Pitta
468.6135435671407,471.6110944576511,0.6912182999593012,368.82890682292776,141.08187801257722,298.69061459355873,0.5552788769072473,0.237789876122224,7.592616,0.562930152481091,190.475264,Kapha
407.7562620411831,497.01573138092846,0.4034809726350252,318.09459782270426,152.72219670068128,281.7307883440801,0.4055521059072703,0.4405093231190088,13.418144,0.6781020676219317,145.68238,Pitta
483.3703742460867,493.9463504322947,0.6662121077314844,382.53952808686256,129.33509832542526,331.5291514420269,0.659824477025784,0.3799026552838228,7.561512,0.4198469010654864,200.604956,Kapha
474.5398238970848,470.140488214953,0.7173178543006322,371.4552301204296,154.27329847546858,309.49778436023604,0.771714323049377,0.3781386572283065,151.078512,0.2216119619646047,205.824724,Kapha
442.26174026783417,433.4137731508517,0.7356833369569005,346.52445849694016,125.0437291391075,279.29842858644497,0.6484479552553147,0.3457922230171303,14.067236,0.554092001566014,195.511288,Kapha
415.90920398628015,456.87863807735175,0.5528323894015882,339.4987377609979,130.95385342522383,301.33817989512414,0.5917401253126656,0.1963734164339736,13.956804,0.5560204500142948,188.414264,Pitta
495.2173648805998,498.5120808473667,0.6907978775424517,393.1834945209175,127.71463744543698,327.4999084233564,0.7329259265710256,0.2194280120905261,15.555912,0.2292253983808042,191.867592,Kapha
395.0699806186531,491.2026997665821,0.3767094706640716,308.8807950985066,159.02928157443517,269.91063483097724,0.4143792033725788,0.6720502334267187,46.957256,0.4783354504322676,128.182336,Vata
439.01995232956784,503.99124709154376,0.4876542741847633,344.5156043193421,145.29110581774358,301.036339273111,0.4509745960961736,0.3547113777217039,24.050552,0.5456054644110627,152.049552,Pitta
419.7976505179572,492.0105845537806,0.4579934599843214,332.2431974518395,149.47784862962015,278.0992928115951,0.341511006415891,0.4436245296784759,22.755356,0.5368400536031624,121.515512,Pitta
417.7860968494652,513.9640133410952,0.3909592146902131,328.94276789489663,152.72787076554704,292.6776212525868,0.7379811707530151,0.2636778338463216,34.105272,0.4671559256194675,209.763888,Kapha
383.8827414691097,516.0576956226404,0.2763613078647648,305.68518741374515,154.91344243650516,261.03273858744865,0.5572789416015302,0.4032515401724671,18.0654,0.5171831242411159,164.59764,Vata
410.67503308326735,508.5502425068293,0.3821069240703894,331.44953343542903,143.75047306295806,271.7016400071444,0.2756175916116398,0.3340295073180039,33.092964,0.4097915645649226,101.590228,Vata
342.63989991043417,341.48885540766963,0.7073739342972689,265.6537373763427,101.55686967341342,239.9968831551068,0.3919779249621767,0.2255017377789488,25.953216,0.4250785842995889,131.900476,Kapha
374.9911265738609,452.2623439410655,0.41799114125854,311.0612056712532,113.24360195731506,256.227760064672,0.4825113935381328,0.6803293999911547,32.52998,0.5177776214224663,153.780384,Pitta
384.9493620751308,450.19651277377767,0.4610508359898213,297.5437588187136,152.2541438258353,258.472975810547,0.398162369326177,0.5438719272207102,42.089196,0.552169647148527,132.635884,Pitta
378.5343026098138,477.8167479067179,0.3566538596027835,304.7401785608156,142.48397079235244,249.07706974679976,0.1495574301022819,0.3795285136178813,40.050336,0.6693829613194816,73.022148,Vata
416.1616830173359,438.8891691581219,0.6157636838005147,332.3237384772008,136.3126200893863,296.1479895146928,0.5208883873521233,0.2733573404636462,11.586944,0.4622538771203007,164.734456,Kapha
390.1322546808743,478.1363658230948,0.3960636309295715,301.84392376849405,150.35435509607274,277.0053170884187,0.1850798288121848,0.3277577159762037,18.16704,0.56712998631831,80.985464,Vata
365.8403736348938,520.3751382760018,0.2085214017520424,302.73161150578784,141.54965922006832,238.0266989456524,0.7652767602965246,0.1946935345539766,23.043524,0.2877550022708283,195.556928,Vata
424.8312405494587,474.2995104850347,0.5285406356759162,341.7649615165715,146.558909135533,287.1549177082187,0.4254484272988363,0.2933965918431436,12.467924,0.7087642595256285,159.78256,Pitta
403.85515964973496,496.31651748337146,0.3923453330536085,313.69498324993714,151.1625183393956,272.11149994849654,0.5000227754377159,0.5669987406212053,14.069928,0.4646540643235247,152.349312,Vata
360.1467287061684,490.7290454690892,0.2597944338339095,284.5261706083036,143.49569260351765,239.87555433499148,0.3211764735627936,0.1778721979521716,15.08136,0.3979028701298228,110.055432,Vata
420.7129582553741,498.7997840462602,0.4417519638625796,341.72281033042907,150.58000985960496,285.9495930675576,0.222538701588951,0.0608624860826664,37.1354,0.4196504571974859,83.567856,Pitta
377.3075467742619,501.84523900443656,0.2895906035310039,305.31543085309664,146.20227642218867,253.23675735727664,0.380618259022264,0.3434083684015525,44.77642,0.5811292073627505,141.955224,Vata
385.9781348345604,474.9579262099171,0.3906057607200811,304.0428262866845,148.8364488189726,271.1558453504091,0.5419323098740573,0.2869011545620628,26.452808,0.4009266066667414,158.209372,Vata
434.23420084572354,455.9346072227744,0.6227209363813351,348.5425445448486,159.0839260152165,292.22827027541496,0.3865908416493446,0.3940697073400009,34.946096,0.3216411390361397,113.4287,Kapha
448.97065141651154,515.8044684014526,0.4865605893324182,358.6462322238763,150.88290707725966,291.2678047526187,0.4682411470569279,0.5598444234440311,23.4472,0.4892620476456649,156.02068,Pitta
400.6213868386989,470.1883676887882,0.4560261175314714,330.7888548825724,138.30176031045468,288.1279418985403,0.6200551715413863,0.6246422106626589,44.093264,0.0540815522445142,150.714012,Pitta
430.8709366503124,512.3984937783422,0.4374994973553125,359.1217081741869,141.1564383504919,269.2726242222042,0.5630742972101915,0.3364513923698941,25.443664,0.2836509679481665,151.707264,Pitta
413.03970191719367,505.9083890173704,0.3968747159845708,332.65491607740825,143.23389156555135,267.9865135660048,0.5413220084091331,0.3344243816764516,15.0362,0.4628521218773747,171.33952,Vata
432.6834979134792,511.3984486389068,0.4461177437975296,348.04537408006706,152.52691439803317,281.682906182845,0.3352274136485834,0.2715931593317352,20.21516,0.4461572291005805,107.665272,Pitta
466.6311602973743,518.8867687850545,0.5345041435477801,387.6751518425417,133.3299936151527,296.9153134019593,0.6283946539084618,0.35461851669292,16.85246,0.4765616654469602,178.700312,Kapha
417.0333221511378,507.2407564003899,0.4063899059188054,340.0622925038877,159.96180026433265,271.83309907438934,0.4092537466297369,0.4154800160600593,12.834612,0.6270131740453845,149.799752,Pitta
360.6432109379597,466.26249386351634,0.3255278344401453,280.11974413455255,151.47406228241675,252.6827752815069,0.6800465172763835,0.3661191273787221,30.034196,0.3208354777794419,179.753508,Vata
368.9034800886402,452.7566442447602,0.3941546715947234,282.53533526680263,149.35133552550394,269.23810024835456,0.3206709792442921,0.4748982665847657,35.976892,0.4618741396612759,121.802848,Vata
403.8899746180813,461.7158002254925,0.4937539602979473,309.51884580541423,151.60155684189104,287.66713960585616,0.4424379205780555,0.7342988107334241,22.722488,0.2559746654427737,123.449068,Pitta
391.7428534106796,472.2422125640499,0.4186436359468965,303.9341937665528,152.884586471988,271.894240183287,0.2920631030925874,0.3830016233281359,17.404384,0.464502473197406,100.794144,Pitta
499.1523316146539,482.9880607119501,0.7573633221059083,393.6464640235034,150.23805678298152,327.1477743694306,0.4810538457901801,0.2765033639924555,13.368504,0.7043894712974189,178.868796,Kapha
437.6772404484208,515.9741560239601,0.4497306320641487,347.55263987525746,142.8900465493792,299.31799934485883,0.4330823326254152,0.6172394257844386,16.484352,0.4033705324677131,132.830392,Pitta
457.67208398272,441.2610583552045,0.7635487079713389,349.21665106825645,148.39922313703747,315.3051870423398,0.7957006916589404,0.1645964652229259,128.397448,0.1306725804536984,199.684256,Kapha
406.1225383661112,477.1606476325938,0.454496102926812,322.1864390503383,152.43529054761893,269.9542158338737,0.5771983193613215,0.2202733484347211,21.717152,0.4229113207442699,170.041092,Pitta
408.7347557780016,480.4707672370747,0.4537870725532545,334.48694908548765,141.0490493181861,261.18519240569617,0.5790732696466544,0.3783674543576234,35.263036,0.3437355794299012,171.5226,Pitta
398.8082746952547,490.2328260117492,0.3920181910340218,314.1678960486631,143.5740438480993,273.26908265443234,0.3677958681864419,0.6487266206751736,23.552392,0.3510537338886318,114.522472,Vata
469.5677148941714,487.03027894440913,0.6422210913178039,356.25589227295114,139.3452898155708,325.4991617635475,0.4975912014811941,0.3306973819018845,19.655684,0.5222056184735631,159.791568,Kapha
409.0348040709932,503.4252244053429,0.3903500790838249,331.1442015940564,147.12154569888077,275.450121548862,0.552502320285342,0.7183802986175586,52.792656,0.5295879543868041,169.897256,Vata
424.39047569512655,505.421651384249,0.4354826900678905,355.15749710034225,148.38970470828775,260.05253153717115,0.4311287819968813,0.3649533181036955,32.4969,0.504501260468397,146.641464,Pitta
400.3307764882352,497.0346823170389,0.3786148841563643,321.2674718007923,151.29576132713342,260.7680202347361,0.5008453600353234,0.4737640441645752,13.011056,0.4629604808348977,153.9018,Vata
372.6042900309369,503.5173565809242,0.2699287922296624,296.5584782679194,142.80172169439885,251.4858049743661,0.6216672912688322,0.0791308009795682,14.453388,0.6652919591069939,198.331316,Kapha
465.8211443366133,487.569178654281,0.6276879131144035,360.49509464001073,148.40571219830846,315.40321391351284,0.7522500727810684,0.1925376838870197,43.802116,0.3772254860268094,217.063496,Kapha
389.4138608059353,482.6398046887043,0.3809456562953097,309.71250009333147,149.43435723128692,277.9669880811609,0.2948540072369304,0.453070526760877,34.773396,0.627687585746896,122.7414,Vata
374.78188326983707,447.4736155187048,0.4319526500540884,296.1564953257956,149.8930984229474,255.17084872164304,0.6113845523697412,0.4061138481798892,24.407604,0.4827574716193727,187.911768,Pitta
398.32888637971735,516.3760180302949,0.3220668812758064,313.1784590799062,157.81112538338277,273.179851804814,0.5057571891923305,0.2352753890699672,12.71884,0.6065545673359679,169.713732,Vata
392.4199720951324,511.3738830082869,0.3154074028763647,313.1501786680805,139.5286714812656,259.01650746424247,0.487351946611645,0.3843658752518628,14.82314,0.3825607846653793,141.902752,Vata
476.1734817005469,451.9160001724151,0.7909310332453121,371.22411526009006,149.36706108723152,330.7785571552923,0.7887287790109914,0.1660809622094837,28.167824,0.3684087570648555,221.147004,Kapha
427.0834904928556,496.4812230985223,0.4696068231148427,353.3265420128592,147.05675407730146,270.003470519814,0.5655180113780067,0.4358339944637127,25.586312,0.4153955913924331,174.981536,Pitta
389.7244937406264,495.54568047700246,0.3470846187361234,311.01783197860004,149.17532832572346,267.866892600826,0.6406774775683008,0.2162934927950679,23.698328,0.2868501484242558,171.361464,Vata
386.70293255940913,481.3018033021317,0.375315807361612,311.8348773649291,139.96317171156153,249.8367330091228,0.4570048698099795,0.16744856406401,24.560208,0.3573929270349032,130.902932,Vata
490.03507185444647,513.8529122538408,0.6247871141216306,398.2669966337041,141.7771807091185,308.8534273261776,0.5272734361662071,0.196584269376075,14.082652,0.2772700619207547,151.173304,Kapha
372.4387883460599,462.4965859452823,0.378350269429664,289.9878048454716,142.94437215353173,264.5726460971408,0.6291394207550016,0.3336833646801767,29.321368,0.4386860655141059,193.007404,Kapha
413.7265978991742,496.1458996845849,0.4258571019783161,342.9601848122601,144.0209903398627,283.69360468126104,0.4754492620637782,0.6302990064855661,15.988412,0.4043417116522055,142.371828,Pitta
487.2939492337091,481.910176222185,0.7203312529752771,389.38007643353706,130.96267205136493,333.99856006004865,0.7218077605367602,0.1802572724187934,30.466636,0.2946449708816742,200.064364,Kapha
403.94965339953353,510.3357952602146,0.3555252284818746,333.1066911160568,158.94758586601935,273.6559459461017,0.6418085639980169,0.4481607783859709,23.1519,0.3225785056342606,176.832752,Vata
382.2263642227726,481.63326103941966,0.3589594540047999,312.00777904735554,143.519909597051,268.7701379522481,0.7020516636022499,0.3378356146265376,20.908856,0.2199878267936673,185.363708,Vata
448.6885548484592,512.9890197066464,0.4935819626663141,366.2078715041088,145.355879889099,299.74225999954564,0.5199044683763349,0.3483805331805971,24.746144,0.3291696304026031,147.925024,Pitta
399.5006544327636,509.2185029767766,0.3438981635968912,322.836883072484,150.98120380180518,269.26137504453715,0.526047796553657,0.4840697635116887,36.296816,0.3587301532103489,159.662496,Vata
401.35108361888,489.8654029631684,0.4016534633587098,322.9366845154263,148.91880530354044,285.22841813865085,0.3318065830365972,0.5671136587552366,19.301692,0.58919608356054,120.29332,Pitta
412.5349603474372,495.8196494483861,0.4227765505243177,329.0594376152575,151.89334564863535,278.3491664953713,0.7053015680658103,0.5142854903092898,21.523872,0.3073731729217869,190.003044,Pitta
415.5038792310462,511.5375108061988,0.3899533378256827,322.36650700246673,169.0422551758998,296.53181778039607,0.7094333334644342,0.1342163433371319,10.327692,0.4402583761018379,209.2548,Kapha
489.8863408905095,515.79948087819,0.6183304190190344,376.8951374764867,147.85997204599337,319.8269935897497,0.6215509057721347,0.3261963232757,27.03132,0.3638457122399334,172.635004,Kapha
424.5407984556946,503.6747705340781,0.4408155172243281,333.2987473158975,157.06805254583756,282.615676636958,0.8996576620946966,0.2380260451273641,37.7217,0.1920692485820321,228.011696,Pitta
386.9276515569708,475.147398651253,0.393386721607705,302.3518123969354,143.76211280753822,272.3135559052606,0.3980276832134469,0.6072354313202029,31.91874,0.4825897760462252,129.091904,Vata
446.6939564058928,507.05513701113614,0.504049512317043,360.0187465112064,152.08884480999328,294.4761534548127,0.512787033724584,0.4568347271704117,21.715736,0.5415130441969499,169.785888,Pitta
499.425815272504,496.38819234162304,0.7119395755748793,402.3335338934863,143.0666422833168,330.09313514712613,0.7879272642015791,0.1248383097613617,10.724992,0.335626281350159,214.88172,Kapha
370.61977689248687,504.25011863124894,0.2616058137126692,294.1376615707455,147.21293481945813,248.5601379227008,0.731611151721177,0.5609289018343483,54.3382,0.2413796642631314,188.846,Vata
451.0504736321997,477.1518385714404,0.610916456015357,369.27563887805616,138.99357661465334,300.57495614100685,0.7490919924611094,0.2494912691053951,13.253464,0.3073932612781435,201.650988,Kapha
461.242597491601,506.5599331143461,0.553183701169151,370.0880997847213,144.02557803943796,302.51572307496275,0.7253359868691474,0.3395709515790085,14.871288,0.5480321547399001,212.408644,Kapha
434.38185541807087,500.5135247070916,0.4823157626583152,342.4785822521584,132.79957260870466,302.13296756339565,0.3079936890165081,0.3095946952986356,20.750932,0.4094094468888842,106.492788,Pitta
373.9567579463519,454.2575594276265,0.4081600935631778,284.7477514905175,154.1708133967236,276.2028067321888,0.295259048831903,0.3534765265267354,19.7118,0.545647548673581,120.540808,Pitta
401.8271397744538,478.09930517130016,0.4367979333970532,319.7820243624256,143.4860058614369,279.9813799140578,0.3523588571008437,0.587659216579848,14.10448,0.4618251848432642,115.220128,Pitta
474.8876444251536,489.8816517522845,0.6509374864594017,363.9638102573791,151.76904188567832,302.72316956619136,0.6764034906980297,0.2289173566844559,10.43242,0.33897463897341,190.288964,Kapha
406.6103984251467,482.5911555431605,0.440267243688959,322.8191449176861,151.4778212653277,280.43613771230935,0.3543189092640206,0.5756547022868697,12.865668,0.5728779909536899,116.52188,Pitta
388.35973275980217,514.575071129221,0.2943722741174052,300.5520707306421,150.39380671888128,268.7081331841579,0.6924994844925154,0.493052574866665,16.072212,0.4039764580669234,197.704832,Vata
443.6819868261304,500.80189592652846,0.5123306644108516,368.3626683552751,141.320734480951,272.0596704455586,0.4282989689770044,0.3181610744695731,16.681892,0.4569569320494971,138.062456,Pitta
474.9180398615577,535.5352322489624,0.5137706734069832,360.196335134337,157.1950270672971,314.79486637218434,0.7740783934178141,0.210876285578633,11.792352,0.3839989928137028,216.92686,Pitta
408.5987927620056,484.7791251241552,0.440763725440087,328.8772836060457,143.81147452168204,280.8323123724656,0.4147383730286805,0.2717793861618435,33.219048,0.2553217938611873,121.148752,Pitta
421.5115290271344,518.0710584659167,0.3921997579776538,321.21410364474355,168.97388871093327,295.8783353321152,0.575763767782199,0.66498789454907,22.672656,0.490064028850526,171.817672,Vata
436.404841352423,490.9727800001783,0.5171713890428566,364.062644213106,131.7497889370375,288.71493482856937,0.274849728263945,0.2525015042479805,22.642964,0.4815750439546742,103.285744,Pitta
479.3821403243326,464.8145071697632,0.7538313075714566,371.6385959704912,147.96185337291118,305.19290754694595,0.7440457380554166,0.179674040816241,30.411392,0.2886457773869795,208.81412,Kapha
433.5619068146682,454.00694516982105,0.6269779952335257,355.9226962399492,143.4326631598568,287.6454388650891,0.458923484723039,0.2452376211200281,21.17762,0.3199678295945582,138.733208,Kapha
422.7480274297095,479.5828326729888,0.5049361311409087,327.8620960285016,146.3327763513474,283.3347405947304,0.5726226636915859,0.4699079442415522,16.859844,0.326704181362678,168.685204,Pitta
429.6795850845347,510.0501359414712,0.4400504908984358,357.5187654359693,152.49653157879715,278.7261144649461,0.2358882183924883,0.2263060445421778,27.885228,0.6227145358806405,90.56508,Pitta
478.7402313454234,457.6297294476737,0.7783959215287454,415.7050407228455,123.23779319159536,311.5542897750205,0.54409796303709,0.2676259713531577,27.512076,0.2320858452781964,148.8211,Kapha
427.3144221996758,508.789320763262,0.4357967233458867,344.8734603728334,146.11166893004096,281.752368462864,0.6504324483727983,0.3751433284456648,17.069376,0.2925222393297741,180.693628,Pitta
404.20731562340086,495.64525909421087,0.3953558525181753,319.49983277320973,152.58302956784644,266.2317797816421,0.5372609572329855,0.581007953154687,20.101896,0.3643767200866142,156.38808,Vata
405.7054322108093,503.4365649328996,0.3793352247887668,326.58559690923045,150.77688331882504,273.98006010290226,0.247543884756847,0.3160299930999393,17.655488,0.6197384374459387,100.732924,Vata
425.26465728876974,501.0756556358271,0.450476900924783,346.55592608109777,160.73955845409736,298.16153816294275,0.5949509001695776,0.2560005257370439,9.754216,0.5052045386315636,186.763472,Pitta
394.4099742913331,491.32826011896543,0.3741368835891989,305.2863151055823,158.31461967877624,277.3530942792717,0.3838394684409489,0.3689544725779348,15.814404,0.6302201704113839,130.130568,Vata
448.26173796510966,505.9721708479789,0.512327978222964,359.96797939185626,146.0480678575013,293.4148605641243,0.6338749459509767,0.297279090114987,8.516776,0.4630701733891873,196.967724,Kapha
400.8301308254722,516.3065699634191,0.3302857670453448,333.791324354675,143.5192045209785,258.4919026774218,0.3043507627704789,0.5330501048607598,37.019292,0.4005282326149287,103.211852,Vata
335.4823483755886,461.2666887855532,0.2488408552026008,279.0071701632324,124.8757496709907,214.6339919155724,0.6144775170109443,0.2713202725095848,50.057644,0.448079110850859,187.039628,Kapha
426.64915664910296,515.8312265505336,0.4146108043071704,343.84807126677646,152.84027622815634,282.1002610515022,0.3476980594203344,0.342653105641886,20.707576,0.4684142163711123,120.65698,Pitta
410.1771483181341,505.1391863531296,0.3895272031445437,307.5186429792631,161.86343206558996,292.82788071965905,0.1924646892422959,0.5033805884843572,32.552056,0.7261656884931329,93.600988,Vata
393.3541103564089,505.46178525083775,0.3333852704949317,325.3182770302581,145.63729588288845,250.95289896024263,0.6740244106138115,0.3345671948543178,13.327596,0.4088655926227182,198.616144,Kapha
376.2255733067332,481.6174805048736,0.3383075604287173,311.39425938945465,133.78255999964702,255.32154803763,0.4963276964492872,0.4041781982275406,13.233008,0.4730911064693691,151.615244,Vata
478.4021224262582,499.6930003159953,0.6310050393420259,382.1801454666048,147.2937320344137,313.4508682870097,0.5972949442059969,0.2348186087391865,15.001776,0.387213956998358,174.415356,Kapha
465.1685604764264,493.12121174860096,0.6076232189058003,376.86315038515727,150.98155527935145,288.16019702859467,0.8489848214851159,0.3502092299781523,17.816272,0.2856498775724406,219.445564,Kapha
375.629996539106,509.5204293913568,0.2653109206401656,298.5081138918103,150.31978723905945,246.6101321205552,0.5192002357889899,0.3985855290722958,37.438716,0.3643159654693646,149.887428,Vata
399.42465879799227,529.7709745369233,0.2931065236529559,322.58017804696743,160.20540706138613,276.87288358600307,0.731302067961585,0.4597712932623161,20.272964,0.3275598102956911,201.512364,Vata
427.7364381161759,510.656504682877,0.432068689135278,331.19134591896545,158.28695501120714,294.34768821430964,0.5305408787201321,0.4243060946889397,14.803064,0.391491848448848,156.6996,Pitta
475.4911078541959,531.463126136125,0.5268476005323891,362.9399830608887,139.34641235454632,312.5947803001774,0.7914319726370473,0.2802525800805202,14.96126,0.3710793605541929,219.830352,Pitta
412.4123549882122,471.2692635550932,0.4943369188238073,319.60880321498985,151.38387940657185,274.1966222864638,0.1539561798170372,0.2017961150075847,19.26608,0.4683053678654092,69.158,Pitta
449.61695830533455,495.1637793483531,0.5489940950946884,344.591970266778,164.45945879794326,312.15791915243074,0.6588268125215063,0.2166485148397803,12.619184,0.4002748492292891,190.959056,Kapha
403.865305872622,446.3987849736219,0.5435162186431103,312.29888423529144,144.42713797079972,291.34838245765377,0.6712927226075295,0.4239558969528984,19.015348,0.3972731930033909,193.315648,Pitta
414.2290101900685,524.5567886030539,0.3524313667085065,331.1390241151746,157.73017419382344,273.2652072786939,0.4992935400350457,0.3586084934473952,22.142016,0.2608569800859903,143.99604,Vata
405.442886477501,459.1429594351229,0.5075133609201559,317.0523307687,155.40076280819068,269.8392404997988,0.7591126031285866,0.4501236627584273,28.466452,0.241959238665474,198.423084,Pitta
424.12587329358144,546.2471372171916,0.3304427959576534,331.4150898828401,168.35435100827831,290.03220994549895,0.4897758351120917,0.4948211215276479,23.394832,0.4969376904426825,159.727216,Vata
434.369298751514,497.290848704887,0.4916154596409591,340.7590353486514,145.30364157503502,291.834980274258,0.5119516467223396,0.3726315428540975,15.221648,0.4795004062912275,161.858488,Pitta
513.0966225921062,465.2258345818096,0.8726854556796899,422.928455109768,136.6802025628798,348.0787817087132,0.6050372285097593,0.3821252749666387,38.231572,0.2447134873697244,168.244524,Kapha
428.5024167787859,522.3180902687049,0.403442391605683,336.1393640351359,162.09675527222103,290.6012285621526,0.4254804132439632,0.6058264251005955,15.963708,0.592759302191947,145.946948,Pitta
423.9811592225495,470.0100926819289,0.5391139135304759,347.08779275837844,141.64565455021847,289.1920046491722,0.3719143495852703,0.2845152121195178,14.417312,0.49852021401831,125.865992,Pitta
354.2030746017236,356.2388594823685,0.6922835075814233,268.3411614601181,117.98494303173722,233.00491977105804,0.6761431684482611,0.3169775479524553,29.389208,0.3268798785164246,174.553816,Kapha
374.98307818891567,494.4566104058561,0.3004427612844166,307.5020977140296,137.43565947280197,264.9664429428901,0.6396316736146134,0.5946261337124795,73.61292,0.3837707958378816,192.9928,Vata
382.9561576850422,485.9914754794826,0.3496329092447865,310.4739912700103,139.41772093778104,255.38232467672296,0.4998752267209543,0.4398489438517347,24.984472,0.3753755509780362,155.437544,Vata
476.1620421965608,496.71741733983663,0.633040527852458,377.4498532080578,151.89958779274653,305.46944438941813,0.8867035549829567,0.1589234297841607,31.363636,0.1229947600113278,214.673248,Kapha
411.33158594317536,508.5453252696242,0.3842642695129796,339.53800444474115,146.10479100431746,267.66596888989864,0.1689978614766975,0.212784410460556,15.773148,0.5904017900852516,80.629168,Vata
394.0691450654557,497.19905571721,0.3572547043265694,313.41405710783164,150.88564861347572,276.2677816126212,0.4708917464783555,0.5220826210052594,21.691752,0.3757878855934681,148.2076,Vata
444.6623106065484,529.9097549647388,0.434572951741615,363.45933974193775,151.07057345855262,293.7012321163432,0.7493413784874814,0.4017161995043681,13.340408,0.4065126214974178,210.586008,Pitta
407.7546422500247,513.2884651503429,0.3602750640555597,332.30277764336495,151.44678760903375,264.69350763375,0.5550827874117769,0.3817712750224372,19.272104,0.3437797231709703,159.704764,Vata
409.2137682879584,503.8419769591849,0.3898237806753223,319.17471043400224,156.0511712218953,285.6475689667593,0.6117862829979973,0.4372771299516345,11.787332,0.519329641082181,190.492012,Vata
394.6367027050855,509.4607570745495,0.3274208576117813,308.16038748943834,157.69425338769915,254.9735251234483,0.343265919107906,0.3816337653028809,41.361804,0.458409776000309,124.153376,Vata
451.2234527983638,480.02197117658994,0.6021270562610435,344.5045023193774,143.14239233241435,303.79106846692235,0.4901074133788902,0.214229097135605,13.529376,0.55157010255663,160.970344,Kapha
432.81423011001175,507.6643324611231,0.4568821976667316,354.47160382376927,153.16519505347938,276.41508137786013,0.4762216403660861,0.5201218090340133,32.373428,0.4776862420215463,151.880864,Pitta
408.7187367725605,509.7593804499612,0.3725511259338304,324.61878389903546,155.46629720091457,273.121041570413,0.5286538082899704,0.3912810469882324,13.450704,0.5433244568682394,167.567636,Vata
446.74397813803,438.9434073812265,0.7312928184515054,354.3101792746013,141.8543025660289,292.3349363298243,0.5511065772494287,0.1202945611926066,23.503792,0.4138945016244222,169.149908,Kapha
467.0698618681303,483.268350961526,0.6461020562745874,351.7480342039099,161.25646643904182,318.0493889608431,0.7175473891642854,0.2974600545514259,12.244352,0.3825106988222619,207.140908,Kapha
445.4769297186293,497.5306647961238,0.5279980988752312,353.25985254502217,156.61949232175454,296.48534211533587,0.4102223749592349,0.3662091749049627,15.718368,0.4122268979512848,136.6911,Pitta
397.84054854981775,472.70661723858245,0.4387156963077662,318.9512276503179,149.09899267001626,263.81066573851,0.4592357590505577,0.4109202486741576,15.480836,0.5009161640976304,143.642416,Pitta
377.6340889014677,465.4582221987866,0.3883789022521757,290.76216390485445,149.99249475777236,266.05717158524743,0.3164723925173918,0.5143168580124186,36.951608,0.3152787851966572,100.8291,Vata
425.5320391862246,494.81637181493295,0.4692063260237721,347.78466038349376,155.3351063551326,287.77187526895506,0.3899034136829372,0.5517800271556251,69.954784,0.2637641197511826,114.799604,Pitta
386.8844337008703,493.7969077233465,0.3421577644680257,295.38391893043155,161.95475961959193,272.01333991720327,0.5900339339975441,0.4765073816133042,19.24046,0.3363503568704947,168.662976,Vata
448.5936610598709,535.4772059470332,0.4322761739186226,359.3188411404064,158.67778664160176,294.839304167367,0.3404979709994633,0.315026207579209,12.94652,0.5217309086675957,122.70468,Pitta
391.3023300650428,374.94228618077614,0.7742491623137697,302.70942975687257,106.08653804984031,265.5183297502916,0.7316104895278336,0.2666921807939142,10.170844,0.421845658761015,211.596224,Kapha
395.3412689838858,488.3059264818841,0.3855572084280958,309.3684250407261,148.58316753613525,273.73795682760726,0.2533978745760859,0.330343705361914,43.837624,0.4692994207665933,101.222804,Vata
411.0614051471232,467.399315053272,0.5015709834297342,329.1548732439396,142.02893708437134,290.3929548414904,0.5899968110373905,0.2337430021392828,36.293288,0.2706843728253088,166.330552,Pitta
449.5842148730384,517.1532506428834,0.484760550244949,353.005776694598,154.1988904949097,296.3666108267395,0.3259093299189307,0.2729632604252235,16.767044,0.5507388497467922,129.168848,Pitta
478.8789907781826,484.2656095567981,0.6832999849296257,385.3956892484799,141.09730969125334,320.8147748045436,0.7528656517262737,0.1826611090338503,12.4347,0.3036399797860492,208.260608,Kapha
347.65071208779,486.8893143674945,0.226778941924534,277.3359875618691,144.15334769879303,238.62791952017528,0.7226268937023969,0.1566948840378098,18.857104,0.1575773043843125,180.82296,Vata
480.08982354796,492.4752808737376,0.6600030569852883,385.67822361508894,136.1970056531586,329.30735103578456,0.5573857955273775,0.3909954680994634,15.631332,0.4473108915894542,173.60978,Kapha
404.17042944370814,495.2769480116168,0.3962394551865879,337.2109177700845,130.83384132485614,264.5577437227192,0.4319839746000292,0.6246922860359723,47.685276,0.3026764645627214,128.939304,Vata
405.40759151264456,499.21775042771935,0.3896559553221987,310.4207967920414,149.26561464821398,269.54724778768974,0.7343993268262871,0.2868977887035727,22.656784,0.247096506624701,197.705308,Vata
393.3230970540151,493.4226445916646,0.3648187686766195,306.5646261475709,149.67959039839903,263.2514744531983,0.5832765117934228,0.4242690141312699,30.726128,0.4693168925723319,180.397544,Vata
421.3790598104962,514.6667316511151,0.4007111883623509,322.339893768017,156.1320049106925,281.62381099494326,0.5183197795064726,0.2786535134423017,30.97326,0.4294609520841045,160.49204,Pitta
375.2880295870737,356.1297447460445,0.7911284076125891,286.6452790268257,111.9675978641847,264.5107039236449,0.6915529493409249,0.2206368575565883,27.918296,0.3377977820293818,191.607948,Kapha
355.98028178715833,462.7139397241223,0.3186422096423973,275.2861510031881,144.10460184954914,243.2485492818198,0.4436611120818821,0.4499661570056343,35.633812,0.3309608871936492,132.225304,Vata
495.21867967880246,504.1377735278423,0.6723899164121688,396.10829054951046,158.97380507552396,318.6944227225581,0.8156395740226609,0.2497759396106017,14.183692,0.2684171907983309,214.467544,Kapha
456.9231267090423,452.8332570988853,0.7167767820333183,369.4848989384994,125.51914342894985,313.28619079920105,0.5809612430677388,0.2923604161952094,20.212248,0.3846326876114059,168.370264,Kapha
382.097743307633,502.017240405756,0.3050115178146878,310.61801836265465,139.8441981635956,253.87264721264123,0.4132129604962742,0.5450217425431946,31.921748,0.3551872086259875,133.382456,Vata
400.64468465192414,502.4802912772254,0.3651541001816351,306.95335058033595,158.2016865372941,279.36912178110896,0.6774542711350242,0.3807845360231018,37.10424,0.4198637145133276,196.842964,Kapha
434.7423687835998,463.6520364228888,0.5982106458725561,340.4409103584637,156.00609856541016,288.1455494837705,0.6453154195452345,0.3657780337282184,38.956444,0.4044871074617001,185.91172,Kapha
375.8465973450228,473.9544560961927,0.3579577595390545,297.31305885732746,146.13857855055423,258.7653786419161,0.5915120097391384,0.5098168232852148,19.006476,0.4269091906357334,170.873196,Vata
392.0831388119463,496.1592787978913,0.353365066128247,304.6930378542401,147.8811672370628,270.4244111804676,0.4773711879435542,0.4373792934138045,19.907716,0.414327515430221,139.828752,Vata
482.6800253052364,458.2480114986752,0.7903317020060673,383.7927882054696,142.89418820957204,327.63611647677993,0.6412356864902204,0.6541175097730555,20.041264,0.2766432714404884,180.318172,Kapha
432.664608875765,496.1724746781355,0.489179031647291,361.917060054768,138.05931152224616,281.41979189749134,0.7411112784208366,0.4917910016775293,12.960744,0.3268294381729008,196.526864,Pitta
432.7279567512469,537.6735886294618,0.3775801597384688,341.1024658895665,151.51120464917906,294.122733537868,0.571922925992389,0.3789746986199952,27.050556,0.2989478292893502,163.089548,Vata
387.0977763732921,475.9039148632537,0.3918303662945967,306.22246879793977,146.00407319562524,275.6081073433558,0.7129006982086346,0.6103148551587554,97.382796,0.0285885502175822,169.461348,Vata
377.3061640172215,488.1215802340048,0.3246957116108661,294.86215859832924,152.5341911347018,269.1937655147609,0.5549006039765153,0.4677440774656806,14.573016,0.5734386755486687,175.662484,Vata
413.9205185615015,520.7907295351969,0.3609323904012572,321.4278739839204,157.11252913851172,287.0145050174161,0.6687211850579965,0.4038680684363031,14.01976,0.4039603198579514,191.26322,Vata
459.3817318394956,488.0350562942377,0.604257339114956,374.7825521669712,139.3482916162032,305.9196283413431,0.4084913413605079,0.6186286596511811,34.719512,0.598192324775851,145.164092,Kapha
401.02941408825984,499.21100711662285,0.3751071748519052,302.6769691557394,161.21762272707858,280.9512383753242,0.3996411273275795,0.3045024737237007,48.296956,0.4170541299837524,139.191452,Vata
421.7727067265052,473.1870143818744,0.5213024258846999,332.0663316452208,157.92718306986018,277.1853822038644,0.3078334181609695,0.5547030016887753,14.138164,0.6120708299914636,116.520924,Pitta
409.82677392507287,506.5622951438596,0.3845893436202321,331.7488482164924,158.77052090782544,262.1714184092944,0.4369157899561243,0.6054427235527079,16.94362,0.5063871519869512,141.163012,Vata
486.2105281735675,488.2068981481084,0.6949833661562627,375.030781182082,136.81217355166268,312.29642693471226,0.5923365809167758,0.5141200414260666,27.91186,0.3259273696866635,172.431476,Pitta
464.0084390899499,535.7116202261485,0.4794606154602017,371.4422938662569,157.98485173044045,292.35381236700505,0.6121827562124371,0.3748302381055878,10.413344,0.5570284128361829,198.194936,Kapha
417.9287108278573,498.8968561730561,0.4322098413991069,325.6261180526951,144.50800995539487,286.27754710998585,0.6387018738947893,0.4401688607142687,29.956892,0.3734272505070031,181.592788,Pitta
444.6767549412847,449.8271038778344,0.6827579358322565,331.0307568435626,157.492318641479,314.6139070360056,0.5594646010301161,0.1826203872727307,14.693668,0.3170101820619553,157.909096,Kapha
366.2526476415063,462.9407393225183,0.3548719997132714,278.86704194526595,149.10314206245167,264.1212024791267,0.3141692238700714,0.4020339793012344,90.040968,0.3818585531224598,114.484924,Vata
366.9774234263174,470.25712849789096,0.3369873788045283,282.10300046727536,146.7128286107122,254.8777303535496,0.4700505803342062,0.5089863058692947,42.51036,0.3676745698424546,141.586552,Vata
390.01355839218417,491.91820496505886,0.3576933151432866,314.68576502866034,135.13464781005715,279.4768988684366,0.4838655187257442,0.6375423645552615,49.560604,0.4307164912373577,154.937816,Vata
379.58325868162416,480.1828180878245,0.3537984867186548,296.1100598823898,153.81863278160648,263.8788139318488,0.545855945898242,0.5102395722775521,16.587292,0.4721153018986231,159.961472,Vata
452.8845583819135,457.0493574923215,0.6866400421997683,355.8588554439856,154.3460467096374,296.516994055036,0.9063528381245496,0.1087793980466446,11.968836,0.233795533213852,231.781376,Kapha
380.9953016179052,477.1365673532398,0.3670966765027512,313.5759804062285,144.13115383902783,253.7950246970147,0.546077238873687,0.2926030048114579,101.411284,0.412944541821392,179.979552,Vata
481.6218342698643,473.212437298268,0.7312921968135878,369.8084383320381,152.37014842783083,317.2106261812395,0.6430239897799086,0.3988143748192035,29.67228,0.4157707709890912,192.285532,Kapha
393.1436130731772,505.73264904529645,0.3320016517061803,303.0090496001388,154.8579001283441,278.77086063374816,0.4044114678402392,0.4580016419720453,32.230496,0.4568582965316896,133.111064,Vata
449.3645463730908,462.6221293025872,0.6541762564605113,345.1974097408829,152.40213479259933,296.9069182733491,0.7688243307011215,0.1264503084928679,19.236724,0.264851169925617,205.283112,Kapha
412.4756179315535,474.5661413119368,0.4844604716891846,335.0840957468423,139.09664095346955,278.3023761101462,0.6310384708647371,0.2331141547978804,17.871304,0.4322423791528372,190.562972,Kapha
408.5447281885805,479.5193310316808,0.4559324069897762,335.89701629459927,136.65366502403452,278.11341612445005,0.478443820760877,0.6168412064460017,26.686668,0.3963803584086888,143.470876,Pitta
407.7123622322699,480.7982471630628,0.4492927056301094,323.7732188805369,150.22972248560518,289.77553868510955,0.2035104153380994,0.254141595412822,12.719392,0.6905321179393816,98.58492,Pitta
425.0565321815752,511.7341935141322,0.4204404256864819,343.1021498155593,160.32300365015118,298.52178525034736,0.6429618038050352,0.3316365088436553,8.447272,0.3620900405372902,185.442328,Pitta
381.1082653700675,462.7385163358906,0.4087694380389693,297.95567384800984,149.73457359478974,268.23411870251675,0.4320886011482673,0.5560759508458407,29.397444,0.2689448055696943,132.66286,Pitta
423.9715024445592,535.5272411315455,0.3557792088451731,347.8123566181361,147.80109904003208,265.56778047362246,0.4509616732927472,0.3437639751354515,9.37762,0.431318753665703,142.37952,Vata
419.890085804021,498.6273382688385,0.4394954148944276,331.75548241431795,146.4024020498236,302.7574042053925,0.4362535564799151,0.5336936048901382,30.648492,0.405599529736642,144.265724,Pitta
442.2707674624133,433.188176369523,0.7366006107143603,347.44061519685806,128.33375682497356,297.983547709223,0.3015748884083818,0.5903219288675803,30.171172,0.5125383417510861,107.520472,Kapha
421.3123036711221,498.2977786048456,0.4451611180691082,338.9170600960695,147.92701931371582,274.254765611042,0.3510209054839803,0.4719303138959106,25.208096,0.3380023456447836,110.787924,Pitta
464.1614804631336,460.487691234467,0.71502663107012,359.7050030067643,133.77833054233744,319.40290943737216,0.5969752854193775,0.3086603739444785,15.899912,0.3642275935823678,179.983444,Kapha
396.40001423132327,491.596528535434,0.3801330615679797,315.88944519056287,136.207205264248,275.3608218212788,0.5139935299295739,0.7891752050902163,0.0,0.0,128.20026,Vata
377.784725844894,493.9403891621627,0.3111802785230574,307.0042723970812,134.0675201185675,260.55814901317046,0.4517019853840685,0.4122503963358837,26.085556,0.3792006947667772,136.86254,Vata
443.0636733099822,537.5439917253844,0.4098389572899785,364.7834121879098,154.6550969994962,275.86738042277256,0.4426663973479518,0.148678697863548,11.897032,0.4805495249221888,142.414208,Pitta
452.06302724816857,478.6640881196982,0.6094695604113646,374.2542278031534,148.529168140043,283.6525729421356,0.3330749240865565,0.3720341037832777,79.29544,0.2060774165414886,101.883344,Kapha
390.49959917892943,480.6871017641444,0.3901413779434869,304.3923387816375,152.28419398427744,285.53750115299545,0.2527631120903903,0.4889044769359912,37.381496,0.5085724613010476,92.401024,Vata
482.0717412071271,463.1920595280001,0.7694762803773483,382.985939391221,146.74047460031977,304.5777921307054,0.7804293693744166,0.2341824421147729,7.671484,0.3418619097348783,217.462172,Kapha
408.9999300674695,500.2167556299545,0.3988904507528427,323.8975823201551,145.6889947925897,279.93633996481617,0.6652924081258909,0.7314222628747559,18.337156,0.5061836518727683,185.899248,Vata
383.7802301403696,515.0525753958916,0.2784418936573984,303.5698974259552,162.6268341229477,271.4130940271689,0.3645751002299858,0.4838312642627215,23.715144,0.530003952173101,129.856224,Vata
432.3897673436297,484.3416565629575,0.5236152685421104,357.1634562481232,147.19060858683812,288.3165773761212,0.5521983334078469,0.62622603491181,37.119908,0.270751609735702,149.809728,Pitta
396.0771156355639,503.93813798043954,0.3462683042336649,320.0454225278998,154.42716455469392,261.0105284784571,0.5511366970133155,0.374679194770573,40.385252,0.4553616802211866,183.946492,Vata
418.3395008043922,497.9543461860828,0.4362136582712729,337.0756487935408,146.51451425049444,276.39080508474905,0.5457433930963496,0.5333942992333423,12.474076,0.490318256284752,169.568436,Pitta
384.04041575372753,489.10942958110286,0.3449715036792266,298.1358703781048,157.32566240876,263.3433781630996,0.4136405367313832,0.4156678196302828,132.301072,0.3965552452757925,136.66692,Vata
385.1886922655722,482.3338420794613,0.367245948774797,298.933438706134,127.9447670503618,268.7224678560725,0.3766914324301525,0.4420362606874259,66.710704,0.3115801642910187,123.21842,Vata
468.0496329217436,476.01882739435246,0.6739685582145739,376.063436944656,151.09119158476034,321.22387296502336,0.5326550212676436,0.371777631250087,13.312428,0.407980101250718,159.14946,Kapha
439.4840507575398,452.8540235198585,0.6527373182257511,326.5712738615296,150.5711138182312,310.1031164376936,0.7101741873503091,0.2164086589019323,14.632224,0.3052837812890499,194.585352,Kapha
410.6702979549261,478.6049917857948,0.4660125439475323,337.3310447554844,148.186914348908,286.411257466527,0.578139436567376,0.6126122937277627,15.69038,0.5368889071353437,171.007964,Pitta
412.5595119558692,487.5049876656868,0.4464304114398196,334.0873387240911,140.22585214827646,256.88130266713165,0.4301140609973981,0.2263280494611687,44.53128,0.4343021953231065,145.966584,Pitta
461.777790256136,432.40609484658165,0.8145985017393164,360.05367488015617,132.78912586255842,298.90483040162246,0.577723799878911,0.3575591143910274,46.818052,0.4639118417585813,192.293536,Kapha
465.9647412850397,498.9809097725984,0.5918738579555607,364.67145542553857,142.82313088787768,304.4348949439366,0.7524656267475383,0.1433796722721752,11.723316,0.4385076167619676,227.435,Kapha
402.2286101931246,505.1978748425933,0.3632376791602032,319.6961720102739,140.06954578702292,265.5079957158409,0.3382889341392133,0.2830818125300171,14.659256,0.5461593966173504,118.821576,Vata
485.99596808593225,455.8811788203894,0.8114962059289983,388.45390963246825,130.86045022600814,325.72629980190146,0.4840573541306457,0.1674466178871822,13.465496,0.441755043055256,155.8567,Kapha
463.9070047646191,498.08257055922377,0.5878093728373717,374.9020278234767,152.0913984877883,293.7551491906449,0.5428961423184329,0.482060221938793,17.115904,0.5070864800027334,177.443236,Pitta
458.4299036533448,487.361014762652,0.6031757474815157,355.7835768933662,160.0614767415988,303.84841302232974,0.8316250818611437,0.3359256433826417,25.494528,0.2420917711745118,215.251052,Kapha
466.72547619421886,490.2316369480722,0.6221335291329928,365.80414191745456,149.7665172264835,299.9167137713414,0.7821529382481832,0.1452344149866617,14.493212,0.3555661864412845,220.208336,Kapha
333.51223062073143,324.1685848443035,0.7496501060700836,265.7704203047455,97.98710350234408,221.77455674696333,0.8030783281616702,0.1560022325127009,15.241516,0.3087335091475285,215.112692,Kapha
407.0521939556775,479.66532229566326,0.4503334085015656,331.32972594646486,141.68700228880635,264.9155946244871,0.1519265772863509,0.1632031929902526,26.748888,0.6913325967377589,81.499568,Pitta
396.9667458700495,442.9037660033962,0.5295034970435604,309.9824086793833,151.38344725317882,275.3626623081472,0.5741465110397264,0.4131119979652423,15.860096,0.4918435364852493,172.15684,Pitta
354.5294882943402,478.6510585705831,0.2710611904823679,268.07627157455875,160.87191400731268,246.8923431462176,0.6310729851844473,0.5430528578060627,28.094308,0.3384087043962237,181.28972,Vata
418.50005315855606,484.3092099475475,0.4760790238315045,323.0796991594361,153.02051061803277,289.8024589470332,0.427533654070358,0.4327100534057178,25.295576,0.2274600707623325,120.625088,Pitta
387.5364171321017,460.5602404512289,0.4384218939862329,301.7929511626509,147.08623785475632,285.42438025051257,0.4092497935361421,0.768779155042129,32.307276,0.4164315091035029,128.88144,Pitta
400.7197395971954,504.9088992807825,0.3590309119770337,317.88584400703223,160.8090039702245,275.07260893549653,0.4776715427908937,0.6405973166746562,20.813948,0.4992846857039912,153.921792,Vata
420.6654448342167,509.29507984792,0.4127270755804093,331.93707609213675,148.93748971914647,282.36691361648093,0.4555735288652486,0.358083685260446,29.043048,0.5558469473868728,157.708096,Pitta
409.3199551314943,506.925731161669,0.3819653153235826,327.1630018940449,142.8935214606323,276.5654990363624,0.3615469904034941,0.5972374579143903,35.546688,0.2952792227514444,108.085224,Vata
459.0506861335724,468.0801221192708,0.6697347189919822,361.03052205511415,136.1905499380183,312.4333281826454,0.6585702226342179,0.2448928649616498,12.637176,0.3150416919487353,181.674232,Kapha
422.4944679671219,499.9906433775168,0.4443334160380916,338.4753253024932,135.04295178635817,289.709019077376,0.6196340366415255,0.3643553450420655,18.475544,0.3022613614679261,172.792052,Pitta
446.0777915927772,521.9577889964722,0.4603111119610488,349.19312440421515,164.34413437479023,295.76256197859243,0.6918720863994557,0.3140289308706433,13.351008,0.4095766191519081,203.330728,Kapha
422.3655877348298,530.9696841375597,0.3620426218128592,338.2601715860995,151.871149797408,270.97342415917524,0.3580777394115887,0.3578211798937666,21.460452,0.6537435006570749,136.742868,Vata
435.1895012542955,483.63446784438895,0.535398731843214,340.62458147773634,147.6881596941975,292.72753803115563,0.6669765463960348,0.2400685709216572,73.560256,0.37939637899105,200.862448,Pitta
446.1841886397386,489.3209798866525,0.5553504727677462,351.21225992374656,152.1215559139628,286.091657250941,0.4822180820199899,0.2838645491993166,12.361272,0.7203241801553509,176.912348,Pitta
382.9792569458626,508.1306420172518,0.292683162536306,299.2098376951328,152.70631046769,260.8741099150551,0.4487897192597208,0.5575155736969435,66.660188,0.4432272325996683,150.40098,Vata
449.4219500337654,449.1781006372677,0.7026770761146816,343.41884526408194,142.4923204934363,308.0549776395244,0.4570078998461866,0.3047808371871787,10.83792,0.6076790932676389,160.084384,Kapha
412.34291137414056,475.1296001483291,0.4822845189432964,327.9278916569086,151.43244255815762,274.42285585888226,0.6544130932238998,0.6669827647942488,34.14418,0.3742163852923791,177.475388,Pitta
492.3175311329784,528.9859501255431,0.5866399434814732,386.52485676804577,149.44563287816922,329.39915149717376,0.7433432311840571,0.2575201459600122,13.69686,0.4943725761456744,218.8186,Kapha
489.7404080853697,484.4372306745675,0.719958122419478,380.2056718646469,123.04568239859186,337.52480012256,0.6237534611642065,0.3623003461290623,31.560688,0.4462084122068602,187.24728,Kapha
487.35269052977713,476.01006342171706,0.7413537921481611,381.1455692522179,158.22894870475352,318.076663727292,0.6300074759621811,0.072570419451563,158.002268,0.1978819917439894,171.676416,Kapha
419.55849428113135,530.9519529275927,0.3533053684003536,327.8289775707841,154.97278287227076,280.00135815849984,0.4957494812618147,0.3682234737906775,30.589828,0.3529740457085396,152.744656,Vata
388.8211844397172,486.3447883504578,0.3687123567540083,301.4236169789439,151.61785664116485,268.8145945341403,0.6431494051858327,0.3655746672703215,18.941516,0.3464328210926256,174.760808,Vata
407.1986294513375,489.057058209661,0.4237625622505874,330.94328343704115,140.30080526889924,266.112538970106,0.4193699539362258,0.4018930992916915,26.15048,0.4200749967554772,133.372996,Pitta
404.9446550667988,481.46189507790336,0.4378031005440689,319.0102774748084,142.34651199039874,280.1733015272728,0.7210477231103952,0.45983172156497,45.491768,0.2199429065278987,191.00122,Pitta
391.1943944438697,524.1987251440146,0.2803402217821686,318.07620094844634,133.24472577740946,258.12062983883493,0.4729361179272433,0.0861822251853732,9.906128,0.7618250700526565,191.189992,Vata
395.2162811167372,486.3880706399944,0.3904328074639571,317.7062341112628,143.76694484543154,258.5575612376486,0.5818765547998704,0.6038031496586537,25.908628,0.3293485518219498,160.901988,Vata
472.4537846183525,492.86617981497966,0.6329852810582699,362.656666248209,158.90939470650116,314.05777954745366,0.7823418640156673,0.2928800258805491,15.612852,0.4001683302976845,214.939312,Kapha
426.92592187280695,495.3089374498842,0.4724600794603607,357.68016736956884,146.53289150822877,280.04097725778,0.4378057376765618,0.4470135956056646,20.06212,0.3087903473793372,129.422,Pitta
401.8332738701771,493.82497945068747,0.3923638012515058,319.8433684049432,159.5181598800435,274.8674019699652,0.3308332992872312,0.3255161911494686,13.400824,0.7477408533155646,133.530296,Vata
457.83374163048086,494.2247764335,0.5794741418312166,372.24710156695545,142.5233105038147,310.7145379420348,0.3613077580083857,0.4245811527902188,17.52366,0.5363457787509621,128.75864,Pitta
473.8347288907905,502.02079015431,0.6085200507641294,353.4038441775648,160.20963351738476,313.54701486904764,0.6760630229872594,0.2381890834357559,31.39456,0.337257709100883,194.94244,Kapha
472.10352380056776,476.00861631082273,0.6881490876950266,374.62902532292674,143.081862275539,305.6787815412718,0.5241130281363142,0.3318927533945265,22.806624,0.2264570540651608,144.687052,Kapha
467.201338682656,494.7468620461571,0.6092993980819423,361.137532148412,145.87261096566024,313.26685367791345,0.703946258956767,0.4503207899932679,0.0,0.0,166.064972,Kapha
398.4890727865043,477.1827962551854,0.4278600973831616,307.31152011305664,158.87822825437854,282.9144399525555,0.6913009747405747,0.5915105935691515,0.0,0.0,163.544292,Pitta
444.2017057302375,515.0202355084554,0.4733819733689574,366.6663561050394,135.41902894855548,288.2096643954173,0.3769503098944448,0.3223004544984278,15.933588,0.3888673300123285,123.020656,Pitta
405.1619523342993,514.4291199611482,0.3489782163566913,323.6376838562159,154.6854430887921,270.17519665440693,0.4981918911094082,0.6562178519901631,24.453156,0.594412827134663,170.60236,Vata
411.336010208367,513.31216356908,0.3718026766573938,313.56962556822424,159.89667883105346,280.1800913609314,0.8291947720919136,0.4355061446462899,37.90232,0.3136583976014435,220.58336,Vata
466.419352240703,486.8106308034008,0.6322016339546301,368.6674854306856,144.9803799383587,317.71733707644097,0.6052735914003801,0.1272681751677037,35.75324,0.1927231161409504,161.96186,Kapha
427.3218448084742,527.6354468437172,0.385993790758716,342.89153820848384,159.9075370366499,282.38418244959587,0.47151924490374,0.3662938789158413,7.726012,0.5435043067410312,167.073832,Vata
438.1442805807876,453.4497699130425,0.6457120320766115,335.7723323336438,147.23395619825604,304.86357443974066,0.7316258604399838,0.2355229568019032,66.673216,0.2034578611106572,193.368336,Kapha
392.3377882441003,506.4957090061049,0.3274138420165177,313.2972804633529,141.85057815789384,258.42235421537964,0.2225265814441225,0.2172110655605067,29.686824,0.377755329086441,86.4268,Vata
404.8031807774297,498.5960796548688,0.3893242897166285,311.49255309914304,158.77093219523658,292.0168034610299,0.4558917428663918,0.5233509463423023,19.058064,0.5182060098420117,154.125872,Vata
463.0455690261267,492.3575774677653,0.602891404156716,352.3505382325706,146.17971581594676,315.5627006325872,0.4529600724704395,0.1372247477155725,11.597808,0.8079978701615591,178.299124,Kapha
433.3753290154067,455.90649761189775,0.6196894143363177,332.9985780228639,143.59618680657664,305.9694973916825,0.4752991047065734,0.3932764517170776,15.595692,0.4734244043751697,155.237616,Kapha
410.8336561746865,478.4361401188176,0.4670826567178579,332.8113969888668,145.81189272159568,288.1038173280817,0.4390596910711535,0.2754997665116595,11.621092,0.3855393308409816,136.920016,Pitta
391.54104551939344,457.04538066575975,0.4637234715434381,311.2801290099005,152.49907783252033,277.853572276522,0.2405157860070439,0.1513847707738052,59.3648,0.3783209598061362,94.176476,Vata
381.1773483748554,508.44510602794713,0.2860225031390911,313.6745324900391,142.83264054101878,258.2095390439489,0.386740015749767,0.6902477760375326,96.35052,0.190911197040509,111.092544,Vata
417.6946781689187,507.2905677447504,0.4084212247925868,329.2584376772266,142.45273526518884,275.1655083099193,0.5827080689743798,0.2855888588551238,31.698948,0.3032137521308851,170.027292,Pitta
389.55377557472144,498.9982216941735,0.3374783142591839,323.633042999416,142.8366401797684,257.07355468776854,0.6867686024357317,0.4162317274081709,30.266084,0.4294374368904872,195.480832,Vata
414.7627396182924,499.78691406187295,0.4192103004229824,325.5944011528747,155.6442547902738,287.76046514418607,0.1477798623713408,0.2812747586859983,33.54934,0.3772069844817954,65.616396,Vata
429.6616910665412,497.1247195749481,0.4763714812624335,348.5844162048024,143.87931578602294,281.5247110622888,0.469299432351813,0.1809545887750827,14.474912,0.3962269610185951,148.082624,Pitta
392.0935560866256,520.7760750159574,0.2913544768081423,321.1410104391187,146.56004509256232,254.6300510538051,0.4869186514340258,0.5669111579847184,18.285228,0.4086079214702597,147.338752,Vata
432.1602714895104,486.0761787203416,0.5175397888949353,340.3391724085725,147.64671121407238,284.2877391390608,0.5964590956750588,0.2708392932581144,17.9388,0.4313259956025744,175.344204,Pitta
398.98764336401854,488.6465910614226,0.3970141559112625,311.2785519540639,145.46267683045917,270.7779804202275,0.4345443551950513,0.3922917847069367,42.431792,0.4785464794598413,148.828664,Vata
351.84536693238925,452.25287033961865,0.3330137040993836,279.7298625344682,143.225142061503,238.16161534996607,0.5013480450487323,0.7422443226034726,32.360776,0.2557864088460613,139.675412,Vata
497.7460419070173,477.2968974733533,0.7729372605129113,403.2177161770072,143.58103801078903,341.72072206219093,0.6485232245653342,0.259869458448042,46.471896,0.4144091855714418,206.856452,Kapha
435.38488987354776,532.1246574781132,0.3998131656435435,355.8263970887971,143.94730824971822,279.2893233325571,0.2418547409471548,0.3474496615223134,31.163904,0.8227626939167866,123.134832,Vata
436.4067249371533,484.0265030535746,0.5383651729247156,343.9302919178299,150.15470047714877,284.4534021027735,0.6995475493749416,0.319470212687696,15.530196,0.4875161500256523,201.694968,Kapha
405.2736257589857,470.82284471557153,0.4705311297128076,301.1318923018812,156.73405177840286,293.8579353329389,0.8105043850443191,0.4235496400147133,20.13624,0.3475484169902524,217.76336,Pitta
424.75558808614505,489.1685826369609,0.4830617324958603,345.07095987541294,146.9095857056108,275.56342502994323,0.4915274167709254,0.4266715295677923,17.196644,0.4316740812396089,151.696728,Pitta
447.9264593867259,467.4764265041806,0.632313377463375,356.1810929662941,145.50260441048798,310.18602368410586,0.6101625247208815,0.5294593397996512,45.508976,0.42019107031708,188.388352,Kapha
414.9437697738578,473.4344378682271,0.4965704987379728,330.7131782774405,144.1916640150046,287.26065254016487,0.4419646730687251,0.3042397493211506,35.899812,0.3104813649602615,136.801704,Pitta
402.5141812752884,496.2559130334867,0.3880221375531714,322.54489769783567,140.51338243577777,260.0412100714884,0.686309762648234,0.4211307713168918,38.799356,0.0578805474080483,166.660436,Vata
364.7554710775379,493.3478529697584,0.2688401377686524,290.25084636631584,151.79310026901322,245.1532022667104,0.6270897718258324,0.3531186611993225,45.281876,0.6704375831472263,221.957284,Kapha
436.4009891907929,506.05040365331575,0.4731709494534412,352.2063694837718,149.67028107387193,294.1720786728539,0.6136456015071361,0.1812549869584211,8.824888,0.4632536189089571,190.350356,Kapha
392.0065067399635,458.6542079732666,0.4604179123481454,319.11614537247976,130.8200995371846,262.78442154292645,0.1753838132817041,0.1587279171623184,16.41414,0.3512437629873756,73.339484,Vata
415.273834700292,495.8420803927678,0.4318886862548048,329.75002124580936,156.5502213183467,277.4249027515358,0.6120297694836746,0.3766224681153277,33.603424,0.2964765056712637,173.079768,Pitta
420.1113551245439,481.0617677969377,0.491331278308987,349.41907713798344,127.6403447483857,270.6674820914422,0.5597239199566373,0.7390702085510616,0.0,0.0,137.316044,Pitta
455.265133761252,486.733621615369,0.5943899170023765,350.6868914911948,160.1222811877479,312.45456516247503,0.7119967440956634,0.2379283070024931,24.16368,0.2551961825505582,189.947928,Pitta
471.4543614680667,521.3467624339295,0.5428223983952359,386.8785226780392,154.50286717074164,304.86771394807124,0.62844927482605,0.2363107120655933,14.858192,0.4822326759702879,187.143528,Kapha
404.9294944673532,491.5977446753401,0.4089483973977744,332.54895986494665,152.39678079799998,274.45758725415214,0.5920233032660098,0.3380218894548502,10.966884,0.4512106492732337,176.575668,Pitta
363.9809766662137,487.4751871658421,0.2809954418473263,284.77046787564694,154.30230637114838,248.97340044452685,0.5619046029019158,0.4948333332635197,13.41956,0.5177617026661266,181.449208,Vata
478.0151851370452,476.1082798065576,0.7084278635777009,379.8539460102202,128.6763085114141,330.90014743404134,0.3028001266916331,0.2182052776188764,21.424524,0.5471029247701521,122.447072,Kapha
358.259364926038,508.93686564072783,0.2100241690283396,279.3229382218871,153.68446270318813,248.15887946270536,0.5679183619150696,0.4927285530086482,25.817092,0.4243730778481541,163.72424,Vata
414.9057597332327,487.6192268325887,0.454093075742413,332.5393996327103,147.62671294824614,275.1560168674897,0.4285865214197072,0.5452446789310317,15.711016,0.750050170247976,154.855388,Pitta
395.2829277943552,476.828847176713,0.4177215442881801,305.12211803919314,154.88531904330222,278.08058139405944,0.6994123816670529,0.2309165835944654,16.185412,0.4072457789805432,197.524712,Kapha
494.7972891965293,519.1426047508726,0.6238839432591103,396.6196556368954,153.96584037805076,313.5463328360325,0.5166983088063609,0.1867997253239292,13.280872,0.740364459504372,182.84234,Kapha
382.94732709538977,479.2417794976385,0.3680359345474683,301.12118966613923,142.74919081342907,273.4223627846905,0.6590050829961029,0.4009585161514203,16.936224,0.4048684823749826,185.114688,Vata
434.2006492227302,508.7094230128992,0.4584997633925263,359.28401077928487,136.05506401526662,294.50602363856456,0.4662685533531585,0.3856119470877919,9.131464,0.638131133954292,167.187908,Pitta
502.6370128460502,495.53781623018665,0.7255707898723636,403.1667704025056,154.06320767623555,312.81092292804067,0.9090323934548972,0.0251331821735001,101.430728,0.2186392903671638,239.849504,Kapha
445.42446761040935,496.528487106161,0.5308243018348912,345.52164801219686,153.51962166055085,299.1775318807242,0.57540736729826,0.4607613299992086,10.834888,0.4027464767048668,173.091348,Pitta
445.4313231252014,496.97328125677535,0.5295136408935615,344.7677687074474,149.29876313502808,291.4806842663978,0.6222784154588193,0.3301721297871026,21.97664,0.4834677047428913,196.194464,Kapha
409.86960461720486,494.0162619039087,0.4188599922462991,320.04725895759344,144.41242991091227,289.6295324705355,0.3091685002733454,0.2800629559560598,16.095784,0.5266319443084588,116.416,Pitta
434.7508891947304,389.1869319465117,0.896232613374868,346.0223546008083,106.17856095465872,294.30684983113366,0.7432452265692517,0.3663725270414723,13.531832,0.4024230204055836,209.36296,Kapha
416.2376490894429,479.7148018762088,0.4819917868551596,336.7878399717076,142.81021536777186,285.326049623118,0.2973329179842642,0.3181918193099691,0.0,0.0,85.011664,Vata
473.5773151693484,472.1744297631623,0.7067102982647581,374.7516207036608,138.65786990823588,313.05170044729186,0.6753016611742076,0.1074579933042699,37.485496,0.2934348753043133,188.60284,Kapha
377.02238524700624,465.543433706414,0.3859498100738968,297.0980848473457,132.085660971766,265.76385503489166,0.4955671974942283,0.5823782733937644,41.99514,0.1921003939748705,133.755792,Vata
485.4067109219209,505.49186633304623,0.6357787118037604,380.06085569794334,142.83291788256483,336.3800774794521,0.5551227196770231,0.4072593487709977,23.823656,0.49177965888823,179.460012,Kapha
405.90566977666833,493.5087937425586,0.4069358952777792,318.73569438279395,150.243149083005,269.43116405115313,0.9000198617870053,0.2916305455375844,88.343692,0.159898286068188,225.77768,Pitta
410.2924615867995,503.5019235361463,0.3942932986538757,328.4312136754984,152.34660328740532,279.0943646814821,0.3941857377680649,0.4457586249304718,11.564996,0.5554965996996267,135.736948,Vata
425.006303165726,491.3135341041742,0.4776128016314174,339.88419904969203,150.63392551785822,289.0387950643109,0.5774370300283411,0.2417614606074108,26.957672,0.2366434037873067,158.453164,Pitta
437.9343527103373,482.4654592510985,0.5484697102769736,348.0096673637825,143.72880594706805,289.5366996255559,0.6035858612330104,0.3912599748767146,12.515512,0.4417891426181469,182.505896,Kapha
434.9986780976508,529.385064962601,0.405634322905531,341.6296735153334,161.04254559629285,289.6890714958168,0.6071725010448609,0.0993315055474339,10.838976,0.4735529023319644,186.25312,Kapha
405.21877614498175,455.6610450696361,0.5179041996405631,328.2793312914126,145.8108833477475,275.7571862023767,0.6800398150770909,0.8070846860096457,18.048604,0.0592575282719138,163.235576,Vata
458.1466897469167,476.52946922742535,0.6377012965846135,356.9864875438131,153.47733014095343,312.0696885876993,0.6129260983399656,0.2997907018816335,25.360896,0.3641258857277056,178.10364,Kapha
426.4262379066443,515.1287065379887,0.4157655892976004,335.8597734771961,162.30426023177057,280.4033472236968,0.3500949986583562,0.3050190836072264,9.667516,0.4815212611787482,122.593748,Pitta
411.81288633714087,493.52453887170736,0.4267731669096822,321.1526748821886,152.1728777470568,280.17044676368994,0.5099954071875028,0.5415620459737195,31.425108,0.387126209707315,151.598792,Pitta
393.9028879203648,483.89966963671645,0.3928649308993931,317.734900559828,146.90726755210005,274.16007996434405,0.5881373520629972,0.5625342756807287,18.93426,0.4287493347209042,174.583552,Vata
394.79261507936985,480.6089942771018,0.4051971710421421,318.76333670373685,144.77626230231323,253.9393389729776,0.5563083066255374,0.5616726091233318,16.656168,0.3887380892927778,163.451408,Pitta
398.2189839509935,526.0948036905252,0.2980506423587545,318.17707562111747,161.59925227435525,266.05458768498,0.5211988556977964,0.4022040736727993,10.914176,0.5448888165182874,166.588388,Vata
410.5516462453674,487.3977722854584,0.439897156559446,337.8994125992768,152.17688201383996,270.9634015824768,0.6060917011763043,0.3953903853292742,12.933364,0.4004233680185534,173.88646,Kapha
408.37987887323465,466.7852503807819,0.4939509410683508,323.51310401584504,142.53670524835692,277.1515986909392,0.4756043758378251,0.5287311063493597,11.174244,0.5419479317906106,154.815516,Pitta
351.912788739934,498.9057435500095,0.2124035599842677,279.1620423563982,143.03049585500193,249.43418766961528,0.3778226191921932,0.3714125953745201,48.402464,0.29092783155005,119.85088,Vata
384.3609460109493,489.5827693250513,0.3447980457321651,299.1016846974735,153.69544232605912,264.5215959709748,0.5902834404227058,0.4045231374552313,16.815296,0.4162877507482659,176.905048,Vata
474.44576786318544,467.3402947980941,0.7270288211741476,378.10608616627457,130.31553666423164,321.430897620665,0.7464388847315633,0.1795238269653631,23.46172,0.219097001034601,193.471096,Kapha
443.5836977378436,465.6853050538447,0.622945239146642,342.9911297142969,146.93502479325474,287.6870334915842,0.6810553989345669,0.2118744883487376,19.0632,0.2843781326863284,192.524404,Kapha
502.90701098718193,470.82449142282,0.8149555456044839,397.10520934073566,146.0758922252771,338.00076097364865,0.5618046719064755,0.370884791714509,9.384084,0.5172313194153998,183.763212,Kapha
425.850566849339,520.2338631765844,0.4004349050885337,332.6984127120012,171.391813766728,287.60359761004645,0.4185467472782048,0.3389996047635737,17.211808,0.6579538682206525,158.81214,Pitta
375.3101254810874,466.9261877465148,0.3758753999892487,282.06746778460445,159.0251708525879,272.5263124868096,0.2671497240018278,0.2116851377569535,11.288096,0.506722543133246,105.984404,Vata
374.8548484940084,450.84242265624,0.4218264888269147,292.1038142978954,143.30957568322466,267.9626491734248,0.4622927645865743,0.6410295584298566,72.720016,0.4042776483644972,143.854352,Pitta
382.04239837470817,485.6729609874389,0.3473662722141937,307.7269346851419,127.13494339692944,269.9883513825763,0.2154122972273684,0.2438736383211331,16.686388,0.5628041191461686,84.01788,Vata
431.8516279246405,511.1218172030248,0.4441750450747221,353.5516169668158,147.6319998678218,287.7657676201093,0.3651692682570919,0.1310386116518714,21.383524,0.2967913189130221,114.560352,Pitta
486.8865916182856,506.3707486611743,0.6378646174306034,387.4521179530393,155.0229755509148,316.8716606896461,0.6776891089743091,0.2509300123597355,11.233124,0.5378958402179563,209.617068,Kapha
399.0268315613888,498.5902488469422,0.3700971568841672,324.0632355322047,151.92495864710006,261.17524005854875,0.5768698513965899,0.5139202619533574,12.674084,0.5438247075844316,177.60278,Vata
431.5489583737455,453.55656539174873,0.6211814485803377,330.3016766155536,141.60194742460897,298.3160614267322,0.5802309842753562,0.3052139735948835,13.45432,0.5285188655662885,180.819184,Kapha
436.0824598043535,493.7913011767624,0.5076600333606255,341.2458037750157,149.42448632247317,301.4487860346889,0.3086251004025574,0.3133068929415567,15.254628,0.6364144741773126,126.384976,Pitta
437.4274897068697,535.9730516511482,0.3963852046263613,342.910971374558,166.3539354504794,289.7284429028901,0.4647135227184891,0.5282311733897022,19.263828,0.6361843021277992,150.068132,Vata
419.3831603992995,516.9702889225434,0.3882390288136587,331.51956170269017,150.05845722267145,278.67080734334,0.5767592049088673,0.4759236460389627,14.442852,0.3748395632446956,165.0309,Vata
448.4279012795709,501.5932792603065,0.5257245201338222,355.5235209279746,143.01773265581147,298.68120935498735,0.8616557907764414,0.1623826709473127,16.555528,0.4904883320749132,239.858408,Kapha
413.5817969590316,509.80910574763806,0.3882651643901358,321.85926833514003,154.57632471270392,270.73569587000645,0.7152315184446532,0.5566384757195908,17.97016,0.3853447101179277,207.269016,Vata
410.80294297212015,484.0868652350191,0.4503284404852462,328.9549488631007,142.89130360321334,285.9826403627061,0.1898471794215672,0.3346804105904232,103.984724,0.4905588945367368,84.768192,Pitta
471.0740830515703,507.5300862886272,0.5824677483123676,363.5856079879682,168.05784880866727,307.7237201176137,0.7407747036042661,0.2289746842308475,8.55238,0.2403634804080117,196.273612,Pitta
411.02648459897017,514.2027467538592,0.3684976133170808,319.8792267851218,153.1661677455116,282.24721618176414,0.7595301059982918,0.1886852822542405,22.681108,0.5679634336544725,206.308268,Kapha
447.16995216677606,464.7046749421372,0.6391020382773079,336.58823602763067,158.45883762431558,314.7002660733965,0.7665520644098207,0.3300973037823564,42.15892,0.2950040460313038,210.763568,Kapha
401.3629693078053,496.9983553397448,0.3821622528191552,323.3009724420461,143.2967512814523,267.9985210840805,0.6359908342809387,0.6505990909772722,21.912328,0.4119492228473284,176.628536,Vata
444.6598859685685,495.9228833014855,0.5300830867598838,371.1721243771636,131.07417622230656,298.5797727694551,0.1421977129527506,0.1066798208095052,62.580048,0.4419042370833894,71.419916,Pitta
446.2759206586391,508.2288782905654,0.4993039935452839,349.27878111765625,169.00896099417602,296.66517711855835,0.2962914283205404,0.2545493219871567,9.714276,0.8145063625732921,136.770068,Pitta
428.7424462957478,513.1341281298509,0.4286074646667803,337.57812221336485,170.4353431589508,302.2770806510183,0.4348655590994716,0.256171133557306,13.105404,0.5823532972656742,152.59234,Pitta
408.9341836423495,528.2756241924519,0.3265504829506148,313.3660722196553,162.24354811337727,277.67445692574483,0.4990361474891596,0.6975083703187088,14.104064,0.4468865377221519,154.439596,Vata
482.9198968366307,456.8777198721803,0.796451009895099,367.3855098911342,156.74417820643126,327.7055074918658,0.6605623610748466,0.1852441245785167,21.723532,0.3851464937478958,200.857628,Kapha
465.0344605478866,448.5439001834942,0.7628402357730242,354.6632530109805,148.664022483563,319.64408428546875,0.7921509942090591,0.3168582054337405,15.943464,0.4775859521685094,222.908584,Kapha
394.9571214423189,455.1678427120769,0.482058609220135,297.95831387567017,152.42191797720164,287.75143365201194,0.1719500999992214,0.1197599761645431,87.30572,0.7138739439770516,111.177632,Pitta
429.9480123393375,526.0299722972449,0.3983916345394498,343.81344713223393,151.85261819521946,286.8983355512526,0.7142863076797492,0.4247982243952871,16.654296,0.29628833347941,193.362828,Vata
468.0148310438134,481.8185745243974,0.6541899116184617,355.13385435633467,138.77108383179691,319.5050813377498,0.7591596188559594,0.4237761125653812,119.988872,0.1353764632257484,190.024724,Kapha
407.5869898125405,502.9044343530591,0.386965850502053,323.3610335587324,151.46079959600382,268.60729631841934,0.8166930634324234,0.321757423984315,12.480412,0.3202548398758802,222.374396,Vata
398.4547971336208,504.9931572072405,0.3513613728922614,321.0434135829556,150.5034666987547,258.19041265481223,0.4549067804344261,0.5749175989116658,32.554904,0.4184619355019935,139.944064,Vata
474.1536859347318,525.3567000197547,0.5398920212136441,388.6961327998652,147.4467715427822,286.1826858926343,0.3242499536665325,0.0592270311326053,12.043376,0.5581648398529222,121.099096,Pitta
440.1483532489203,517.0086020184367,0.4548504355468522,352.01186544701966,153.75783357378842,303.3859604382587,0.1583994770839766,0.3157733459604698,55.181336,0.4219631840861864,70.875556,Pitta
443.6587446667353,505.6537138109118,0.4981348597882588,354.1662522692675,157.75715976251843,305.35636367069566,0.5538048947245022,0.3978779290125751,18.679828,0.5197436637947858,175.019948,Pitta
458.1830852047589,521.797692078363,0.4992797548819311,371.1093520420159,163.28142727996098,298.0466191113641,0.640801749185723,0.2095888535235768,11.912732,0.4571689232924593,189.882492,Kapha
469.3235207023309,483.5012389942235,0.6530708051653652,356.5465126770798,160.5650609204345,314.97290264076787,0.5721705662363106,0.3915521625030991,14.032004,0.3926929802302213,170.00186,Kapha
446.957977360393,536.7338623913727,0.4239565705455529,343.5224184899709,152.15288468519535,297.05815874194195,0.7088173933228596,0.191680501829618,11.106576,0.527193861214374,217.234184,Kapha
431.1017940686123,510.0387203224551,0.4447133035936,342.46713393259364,152.8997480372331,294.0712948265408,0.3088762121449149,0.3684133947301556,14.783888,0.5458795776299845,117.634284,Pitta
435.6284614900368,512.9088915675967,0.4515160657499485,340.8263122284825,159.61228004997133,286.4487392611365,0.6849582862339957,0.3554578654047217,57.9228,0.4050061129374822,210.546088,Kapha
438.8777446996569,512.9893573530808,0.4618153781170797,349.1033494009119,142.26077418226413,297.7231398609959,0.5653214001544477,0.5399110695456463,22.250296,0.3372619462247867,163.300388,Pitta
392.8641895371731,488.47238700315455,0.3766760634213978,299.4272246030015,159.65633335878965,285.00264095309893,0.6242539188000061,0.2813163112259264,50.40992,0.2576062620032149,173.391344,Vata
382.7573157986928,499.5296603459656,0.3135001705843228,305.9234975248858,142.14523907717225,264.04145154053924,0.5165455628751777,0.3416334478906143,16.135572,0.5221460117623911,157.346112,Vata
439.8606143244844,499.3046290980852,0.5040312991747307,352.01451369674527,149.88315158790928,301.9054614628446,0.4502057896246262,0.1485995348220333,14.808792,0.3468928613341612,134.400784,Pitta
359.73587946978347,353.4347035062153,0.7313877545649342,279.9238921416381,112.38416152727729,233.93872771835072,0.2487241942250801,0.3765083935024196,20.382776,0.6415950080670788,108.658052,Kapha
487.8203605269884,493.80385568629856,0.6816491897553629,385.2350334433006,142.98065578291673,305.52199523448945,0.7600088918519478,0.2827382869293371,13.235452,0.4806491057744132,220.985868,Kapha
406.398001959413,484.2909907328748,0.4346267661731622,321.47461112688165,146.42498398142467,280.2193027537764,0.3975675391057275,0.4704919636790678,17.249416,0.6508478400526579,143.000152,Pitta
495.0447987630812,520.0646112889863,0.6218678464104673,403.4891622950217,137.0957106828399,318.6933046226305,0.5790990550541125,0.2764690120480342,30.455308,0.270732854976112,162.478144,Kapha
412.240557201212,504.7127549753071,0.3974572373761019,323.5853531974203,162.2243644239083,270.1214097223025,0.4456988415308722,0.5531516807983357,20.16748,0.5833168968938607,158.311088,Vata
388.2037557112572,513.7958424851508,0.2957692102986963,317.90564755215746,135.85146337804105,279.2747963209441,0.5424193631112717,0.4352188227442937,44.44076,0.3908947684788232,164.649652,Vata
440.5795122840493,479.113381556696,0.5681880472297248,360.4087014161437,134.63853430573727,298.5501303819326,0.6111247919809912,0.391689847266909,11.019424,0.3641734563060356,173.344804,Pitta
445.8275054836717,494.7515911020776,0.5375287479327419,351.76997169818026,153.93766879027132,295.29544067016417,0.5032754290069741,0.3441908227709612,8.966964,0.5082893674051664,164.192408,Pitta
420.0666045569493,476.5727457168148,0.5048383430837096,323.59562106128993,142.6564608992039,287.8494041816866,0.7094728844668465,0.3853087442751537,31.937572,0.4414066535607304,214.61632,Kapha
403.7970176577007,490.79254164955057,0.4073604025383338,319.60141199395827,156.18323424087592,276.45430393969235,0.6265567663838875,0.4349473889855057,19.555716,0.383981098983671,179.965668,Pitta
418.1345373347696,514.1246367517293,0.3916630951077193,332.9467083279373,149.96084760244034,274.579894110347,0.5973016865382194,0.427994174108853,16.376412,0.4122257162832638,177.309508,Vata
485.9941874449596,487.2283207012629,0.6975681980995484,381.27826505600433,149.02415353348968,321.0402494639622,0.5422875866359591,0.1743792064211963,76.898832,0.1691174236341977,146.889324,Kapha
444.48832451634246,524.1803438384826,0.4492558061005448,354.1979222061373,154.18667560686814,299.8460536554226,0.5455561529119209,0.4057144150533558,10.4491,0.5742367910110041,177.515452,Pitta
429.34090466276194,524.711403865234,0.3998813685551471,331.9631665342787,166.60831228897183,294.4935786494523,0.4769713034300732,0.2343552973560303,14.329916,0.6685131692511885,165.2031,Vata
419.5265555879348,504.278494424146,0.4226237674510578,332.25050509756306,147.6727492400688,283.98521338426855,0.6094032096872545,0.1530369461336387,8.636512,0.4245143715815188,185.026756,Kapha
493.19795670710727,479.1716018545762,0.7503953417469434,384.6603238405845,141.57576969159962,322.3166032009668,0.6739044733528181,0.5703601265511626,17.766216,0.1276597321435444,171.43672,Kapha
431.4273768615873,505.8199312945758,0.4574916845507024,335.98074858545783,158.29962437545018,288.5903025907638,0.757367141741562,0.4859012785993557,33.839516,0.3384443232465701,200.003692,Pitta
427.1331966160974,493.55581571025766,0.4782428817774878,339.34821253449206,149.5639883118811,290.97592408151826,0.580395388822674,0.4473427414327815,30.680136,0.5063994413343692,180.16476,Pitta
403.18343282758775,499.3549273047241,0.3818873642213148,328.1060887415113,153.2492655828852,267.35759215582067,0.5200832605790203,0.3232580738905323,27.157848,0.29832090376131,149.13018,Vata
381.6759615330048,351.00063930572287,0.8469337677611457,313.26562001687745,109.13501602819144,253.92797014492268,0.3153197547043219,0.2523161435490517,52.31876,0.518773126087219,125.164884,Kapha
471.13560033117096,463.5381528369556,0.7289988215998137,375.8586992839232,129.1926748248072,315.2041080442949,0.7022972771332117,0.277714724316307,17.462704,0.2963718267655774,196.558412,Kapha
444.7942436022476,446.0634760665398,0.6970492444309467,356.53520627800646,128.86783456106485,303.11119015282344,0.6892677602461978,0.3645648745308142,17.226856,0.4174410249747899,200.801308,Kapha
409.7652440328545,520.3260570313953,0.3488469922929121,334.8588630325465,161.53316042219038,276.4386208644045,0.3758942921100988,0.4593012791353111,16.928072,0.5390215815795917,131.205316,Vata
392.0935560866256,520.7760750159574,0.2913544768081423,321.1410104391187,146.56004509256232,254.6300510538051,0.4869186514340258,0.5669111579847184,18.285228,0.4086079214702597,147.338752,Vata
417.330974669356,505.41467404342455,0.412301991460101,334.1475220805809,137.83796588271417,282.4031715359931,0.2910791038509392,0.3840599201855601,49.618868,0.3170761528994689,96.148252,Vata
429.1863705566462,483.8508360695271,0.5141227901403903,344.26917741037835,149.33986211058274,290.6827186108716,0.6582652926328703,0.2199704624563957,34.940128,0.4023734916345332,190.509892,Kapha
409.8086399639383,388.1054870182852,0.7946578903613917,318.6186751902064,121.80337174879182,272.9883329890006,0.8320205316858713,0.2362607956910645,50.555596,0.2132120579565624,211.270064,Kapha
437.72569139788897,492.0520251078866,0.5183918508613311,371.1597455866613,136.62394042123933,279.03998159185227,0.4530412413211536,0.6894461744433846,26.609212,0.4201725350101225,142.49364,Pitta
441.5796136041964,504.3865621571824,0.4949493780221961,361.1026270170672,146.5065916980914,288.0758441526834,0.5528549482738707,0.1919022880332259,7.953636,0.4192814729174519,171.724112,Pitta
402.3515800904567,486.7728574410113,0.4137130222045542,321.296513995092,154.70330787361613,266.019209069618,0.6097207012956595,0.3352464319027267,14.890544,0.3769989265052458,175.347532,Pitta
424.4680700453657,532.353903920141,0.3651670000601603,334.67620593423084,158.34698358058677,271.11468647488994,0.6883674180969173,0.3210745934908285,11.26376,0.5701641552957567,218.605224,Kapha
485.44071200553793,475.4724949202896,0.7365973167769287,384.31047925549433,144.38704833513847,316.2146967720081,0.9177452124023276,0.1040770805888174,9.388364,0.223446180828699,233.695104,Kapha
465.018581050288,442.4064325295855,0.7866702190746653,367.8350217840794,147.29569232105777,305.2909317690519,0.7244015116629906,0.485632720235498,21.218464,0.2352084536665268,184.434172,Kapha
453.2807726243933,529.2600859737262,0.4633309566404677,372.0225839087983,148.36215297809892,304.70980692742074,0.3753287789949382,0.2812548891603564,33.836072,0.2873519521898469,117.333848,Pitta
364.7277888533833,496.77645012959306,0.2602720895910741,294.29307325502344,149.31945534322318,241.3561872126493,0.6403085556102346,0.4662131449228239,16.350684,0.2932483574476889,174.137932,Vata
350.8452706565227,501.9761911119203,0.2017049792899661,279.879717994996,142.85622017695573,230.82931478257103,0.8137039427473255,0.2568329682428033,27.428132,0.4358943241716473,217.992244,Kapha
386.92006788102753,483.2660884998973,0.3706378500559246,298.29187569443235,155.1231765435454,276.1124573519082,0.2733839933982936,0.2724949675742958,22.56962,0.4181729332660075,103.911492,Vata
428.8518109934298,502.2070338282024,0.4591651006966198,348.856782453268,155.80716502506343,285.6411862099267,0.5985752448690652,0.4619073269079629,10.447244,0.5915705779247938,192.96364,Pitta
471.43595584012365,514.9575097276175,0.5613990268610466,372.39105853695526,153.27794344816036,299.37739563402226,0.6717289474890311,0.2716415973775219,17.526432,0.4773088003746765,207.682536,Kapha
442.131829043412,448.0825897389125,0.6797169038419618,329.3556522836442,155.7370077513233,322.5128397319735,0.7721859853079764,0.272443972314971,26.132552,0.2679944912662579,199.901484,Kapha
453.8213646036531,403.83761359125634,0.9073563896551936,368.4707511951901,103.99277711190511,304.7770046624223,0.5301410744725109,0.3729461998841528,24.31678,0.5257136700893625,173.457552,Kapha
445.6184543082758,483.3035148221859,0.5722633161714401,353.86471516902384,142.35274710594945,321.0497664258243,0.8825673548955792,0.354525301153443,48.421912,0.1404499548737864,216.277092,Pitta
469.5348616057364,481.5266541254355,0.6604111645304075,368.1626813541108,159.91218307667697,307.7684774059605,0.5289051808963722,0.5452427614985562,58.589996,0.4236963872154594,161.783776,Kapha
426.8236069251566,480.6336790009222,0.515819323863166,325.5858003182344,156.33795632075655,298.9524013270936,0.6425742601674972,0.5371354613414248,34.833348,0.3988958088868728,191.420524,Pitta
411.0973049944684,420.4955925934759,0.6646519316902851,322.5243547445333,136.4787520836043,267.4094542259355,0.7099343730277172,0.3295335042881465,55.783192,0.3402920806499903,200.323492,Kapha
470.86359440920944,484.49694227782015,0.6550371260579665,354.0474820325127,164.5962000644495,320.24170206639207,0.6394739512001232,0.5087527960595403,27.542128,0.2947120389823502,176.874728,Kapha
447.8521827163833,516.9652279171414,0.4797208456845589,371.37220300234696,145.30974613099096,297.5304517322839,0.5778876626316751,0.7083340884405522,0.0,0.0,140.93676,Pitta
415.33071714667096,505.5738846264203,0.4052986284226194,332.29034627890024,145.61385450778354,276.0447125172122,0.6038059903534885,0.2280273876447742,8.204376,0.4640770220669413,190.042532,Kapha
382.8674297753756,487.2859017313641,0.34585370982085,311.160973150922,140.25246394053053,252.95856892566715,0.2056717943440983,0.1532443466964274,11.306032,0.6226793052926438,93.57604,Vata
420.39917133227567,533.8439963769109,0.3488106827483385,330.9521102145525,158.87721500338452,268.9128041754459,0.5238935812756444,0.3659270370604732,25.248324,0.3357586281685077,157.624948,Vata
428.8085388049635,511.0202378145741,0.4345630643249793,335.95911750886773,150.32603562524588,283.0087401308224,0.5099134758111207,0.3846154214205477,10.224908,0.5778503824620479,174.287776,Pitta
382.12488217496326,452.6625268372212,0.4429497034871722,309.9957110010914,146.570206074837,264.7551893883738,0.3162118495365089,0.6094466093405867,74.071756,0.4964381318463313,114.88772,Pitta
436.0501099930022,515.5137136676466,0.4457464854962818,357.0308457007549,152.65005871527492,272.9421991317352,0.4745028272445124,0.2981937889993434,19.181988,0.5178121936525656,159.747372,Pitta
352.9552553659517,487.5342635156478,0.2432819448493497,271.8929897127175,147.5272940861896,242.59468594826504,0.3632234632840279,0.3490472813788027,39.801868,0.5558363461366276,127.404268,Vata
405.26221287099537,509.1316875500247,0.3629165932080506,314.3929527358443,158.87547097225416,282.804728292482,0.545087059160835,0.5168870813525696,59.740712,0.272355774717085,155.172624,Vata
460.21123608220455,473.5419049827029,0.655017530049668,348.0457591928335,155.1844404143169,308.3863678751357,0.7189823220062419,0.1794497957594797,14.003968,0.3015602609501124,195.64268,Kapha
377.3468520252651,476.0341994660562,0.3574379249657746,290.09393755746567,150.8989850716021,267.79761217579824,0.4452572589032297,0.5873572264159622,14.108592,0.2866570469886575,133.234004,Vata
437.85030872393577,510.326201921835,0.465886940246132,343.83897220847706,149.1984178625993,292.0549711587457,0.3641779848886676,0.3226880163802298,25.091068,0.6045166626670018,127.541192,Pitta
403.7821913891017,492.80705167410287,0.4017242044486336,321.58602282551664,136.693508493186,276.1508243140808,0.3154706545207297,0.2577499356360323,148.161224,0.3379218909335272,110.729312,Pitta
486.04930288175655,481.4747430113349,0.7175564526791083,393.8922909406477,131.5943979866044,315.5651737508508,0.701857681085599,0.21719179519796,16.828844,0.2853761357348969,189.927204,Kapha
379.9129513549141,479.0258065952618,0.3581129784969038,302.493735588754,148.2202246871619,256.629455106415,0.5914728600660252,0.4900124404335395,18.0402,0.3929527952660894,171.573052,Vata
431.8159547504336,495.3957641951117,0.4886044974602299,344.2939395682725,159.44518926856853,288.7115858800606,0.7024856611061422,0.3060665199495604,10.124784,0.5097924153658978,214.17314,Kapha
392.21939199582255,524.0567242829252,0.2839247600561658,306.30920237791247,162.41113851953386,268.76700099788496,0.4911149104509922,0.5874425083659421,14.020256,0.4660209334853251,153.582364,Vata
434.1311119983393,502.5990806103292,0.4755055230472859,354.7254831137329,151.5452959537972,291.31449382354776,0.4912560780319004,0.5807538744988965,25.271776,0.3876556645045969,146.462552,Pitta
366.9365920602163,506.73291581374,0.2435516495348131,290.94954552319905,137.99726872753342,258.3856533809293,0.7115083865382273,0.2715792060547669,40.13386,0.2455049686101706,187.40906,Vata
429.6713619193123,506.36810098703,0.4501980475675344,337.81269980119544,152.8978422096495,301.7647857209277,0.4071009761372007,0.237325122490538,13.2362,0.5046419464867794,137.265084,Pitta
486.7422939905944,512.7071871854708,0.6176594772693336,390.9775767609694,150.47626956483592,323.83913552866534,0.7699978175712723,0.1649755592321641,15.153936,0.6045809454073426,230.627216,Kapha
420.8246595985414,500.8603425289383,0.4363588568323437,334.12628170531843,148.81979820025333,288.5995355660529,0.6123430270679756,0.3300046842738327,17.9658,0.4297952628482089,173.1843,Kapha
383.6053953120493,469.1408548629855,0.3989419026342193,300.67558397079574,151.67432054701914,253.40624468848932,0.4355825539585236,0.5449856717051867,22.629632,0.4366589140241306,129.636148,Vata
466.4946324864092,492.2426462123872,0.6148942483678738,366.07217577433175,148.92155626769338,308.94265331616333,0.6452977610560804,0.368864513659953,105.212184,0.2418594890035324,178.628056,Kapha
431.4936357812904,527.079234481074,0.4005597499666497,360.7447889822219,155.9441967502939,269.272552820441,0.5748449845516314,0.2307476395846872,12.560708,0.3997938090589236,169.678932,Pitta
471.85539192117614,513.5567934863284,0.5669029654002278,378.40341147801934,142.44475462397142,309.1917948451947,0.6019565244786392,0.206451737048471,28.764592,0.3736082820478158,181.227884,Pitta
362.328670515902,421.8718068637304,0.4673459387750035,285.4510007300029,117.17759480455528,243.7380000953415,0.7030773810245247,0.2719072889873619,37.13876,0.2567452649211922,191.810564,Pitta
377.6250709718089,485.9559068132722,0.331507387117893,300.6434811171166,150.1418165766753,251.0512274573913,0.4429121714106332,0.3418753819506249,28.516596,0.3518933258985032,133.08434,Vata
396.8426508280658,506.3163912884665,0.3426476723337793,328.4401158906054,143.80634427071223,259.98957771979354,0.637371226471167,0.4871166963398395,11.927256,0.4146441855788694,189.558504,Vata
383.7035316518905,450.1458935522634,0.4566136271630768,286.6687624883002,165.0689824177385,290.9194371717165,0.2326249496632727,0.465349669715966,64.951384,0.6070918717851034,107.882572,Pitta
395.05224444972697,482.88459504522655,0.3996605110005733,312.29418180625737,151.75429288031333,281.4146962393254,0.391105394933314,0.5439805201254563,23.924568,0.4862910810263685,135.263304,Vata
448.30699677728205,513.8264550063064,0.4899808267047235,353.8435350012176,143.65625202109777,297.7221600528486,0.7983604012554544,0.1091952995370801,14.045324,0.2839924362442836,213.592404,Pitta
378.85260014252657,478.402030320788,0.3561491388060449,287.7823671198333,158.2155862687166,262.31786490255524,0.425063713032856,0.5851060179589455,20.374668,0.3370501406725136,132.550244,Vata
391.4282685478557,483.5705428395902,0.3852853490794091,303.2180075627083,156.80190029872813,272.80203060389584,0.5236241689172546,0.6308675852022176,37.504492,0.309797145414176,151.502568,Vata
450.346315590758,451.0934164533691,0.6990244791108063,340.9389992568642,150.39645006742217,306.82316790870664,0.6629653001858877,0.1961872418065303,19.03882,0.36371390561268,189.19374,Kapha
439.2608617842516,510.1956952825081,0.4708435949372058,362.0777051590347,153.06351492168878,275.71834878850484,0.5431340703933196,0.5228513837494417,14.921416,0.4766119369807666,172.122212,Pitta
496.50325848159054,511.6635664855871,0.6525618479560218,388.8231882868726,138.63524454974237,321.0039339963082,0.7210516962704548,0.1415504812730099,9.177016,0.3582742656878584,206.26348,Kapha
392.2233945833044,491.1472845772866,0.3672335850127506,313.53702218959046,140.32233618471747,267.9486993428783,0.3478494207654362,0.5818315299279299,13.4514,0.4833763955668138,116.263332,Vata
399.4180971061966,494.2224958543537,0.3831598624555044,315.98728940504185,151.82266222501883,280.8697648252736,0.4197357254592953,0.4033506419823648,16.952244,0.363624487105436,133.897008,Vata
497.1813030019074,481.76578244748623,0.7549229132628205,392.6265109033337,144.98703693736135,338.982693150474,0.6778802219864725,0.3022216146479517,18.248816,0.3066574197205132,187.41008,Kapha
460.7225349027119,471.7716951828772,0.6628745904976463,353.2999330361976,153.50809230690302,308.4300187197215,0.5756935351548815,0.2998154161606013,13.348792,0.5426601737497649,180.0555,Kapha
419.9881788694833,505.5675396441736,0.4206171487662613,345.7574081467127,157.07202146080962,286.38172183185355,0.4962387418101733,0.4364313024919627,13.657356,0.4693487469659829,157.402992,Pitta
416.9622562148859,499.2622737307417,0.4279762121026527,341.7436519246107,154.43844791434583,275.3291170577237,0.6871474171610173,0.1618986221749412,11.764428,0.4968044320518605,208.11602,Kapha
407.2605395630311,489.0952655368669,0.4238647747772636,330.06382425019154,137.0428344542111,273.4141504784178,0.4716554560678061,0.4577156855981855,24.162936,0.3999627200620356,143.28658,Pitta
466.6370363300136,506.3431097380777,0.5715268000200829,384.5208003926004,146.60525420272398,294.1243769338925,0.515058417091427,0.3107133837534501,18.67214,0.4540389548004555,158.976852,Pitta
425.252713837976,479.6156239716311,0.5135100598255999,323.35188876566275,149.08253454813308,289.4825242166039,0.7807172228140938,0.4843322086015059,14.879488,0.2183234811480735,202.990588,Pitta
382.0121181397625,482.386336556748,0.3561639297120368,305.4273227591197,156.74131370250262,259.6530212877675,0.649865309873977,0.4654868367951235,64.58678,0.5508726145667662,211.684364,Vata
415.9166530345451,513.4156248376554,0.3863534395321499,340.247506031761,145.88213808125397,274.8289259797623,0.2497369687774635,0.3270503797511905,18.428832,0.580565467311889,102.44114,Vata
395.122284742376,526.22092485485,0.2879748758152259,319.62511371851144,143.77690882900083,272.36706625467406,0.4088556078987064,0.460384798201693,15.452196,0.5537085671741807,146.772676,Vata
363.0814467367374,490.5300238985601,0.2702261571411185,294.011068316127,145.05681758546316,241.70796852466063,0.6778023841689398,0.5295192002289145,13.72612,0.4338366350038158,190.534716,Vata
415.7620854060139,489.2184773369445,0.4523804106835921,330.9906756633728,145.3950029785736,269.65715134168494,0.684227726444639,0.5489382836594533,23.5191,0.3137327245199626,181.013192,Pitta
460.9463866950629,450.0415372767251,0.7420218617251979,370.04723188064514,124.52489171974604,311.6025946390721,0.7566849019997998,0.1500058122476245,11.335828,0.3029215931531859,206.362084,Kapha
512.9593350963875,478.4333830434176,0.8216383660637687,409.9117272968463,138.54178441709263,341.7865472521821,0.5047147564047542,0.2510233937701535,11.92716,0.4720095088488028,157.594232,Kapha
397.8545185855352,475.33958052713854,0.4310213355920708,315.4653601235318,154.32663463473773,279.7187632311935,0.2872020420918985,0.3822607742218672,56.124908,0.5408396453537421,114.397536,Pitta
406.1442976114207,504.6348510868434,0.3776013036357436,329.39132569061064,153.18138506934795,277.1489357177626,0.705112702497721,0.0995684180081848,30.445332,0.4077099550601523,207.083,Kapha
433.1402144974403,513.3459142976933,0.4422642015517672,342.4640895929581,167.04183392196725,295.138534232743,0.6092755067043264,0.1965908044017531,30.78418,0.483628310307913,204.195296,Kapha
455.70787775744,503.70765077388336,0.5434970016275609,375.63619662298726,141.26234290519903,314.5830643956274,0.2424697178984118,0.2663384627620536,26.45852,0.4714327029258235,93.748956,Pitta
441.0729909441589,533.3740176620511,0.4143430456996645,339.6269025150661,153.25703250299398,286.19540595118826,0.4516109036996703,0.27147421627287,15.602332,0.339021466788984,137.86138,Pitta
438.398151085484,504.5153444763896,0.4841041756339447,349.00572344713424,158.85580812275742,289.098497914212,0.6377691846040129,0.3964836647417211,12.597356,0.4432818931861241,186.175204,Kapha
407.6144583417467,466.0130723443943,0.4936306636361711,323.6238908851037,136.83205542657538,271.19175505861267,0.4841990434396425,0.2764123532590755,23.967924,0.4564017844132451,145.125996,Pitta
405.65264637774726,520.0728535720245,0.336349343153646,311.4861126821211,143.04128035610125,270.7857888948137,0.792094045581537,0.4015957773096538,14.802072,0.3862396717150675,215.102988,Vata
449.9596744905698,526.9114404011589,0.4592026864868599,368.7628276153352,159.87977779656495,295.80361617645593,0.6569634004535181,0.3591586241687672,11.306452,0.464929325448524,194.936944,Kapha
433.5015606057447,480.5873463306288,0.5390413253766665,319.8084650556973,159.2643079565545,288.5975475149024,0.530357270565859,0.1544549052019808,10.780144,0.4802613160918741,170.299536,Pitta
444.1006033521274,503.3578381649426,0.5062399334418385,341.6639148203643,143.9102635326319,307.0922801834934,0.6869426589526894,0.2930133924980174,19.155956,0.4078866144292874,197.399412,Kapha
414.29113846952265,493.9941202609208,0.4337883742876296,328.80651996424115,156.8840983694086,271.3006628056052,0.3899603422439943,0.4195030059883942,20.651224,0.3130828239894004,121.080844,Pitta
402.9454534845771,474.6007337196299,0.451002399756619,318.73444919314994,143.29140073988927,262.8993395654066,0.45422602561107,0.5370431848882548,21.651732,0.4780865067421926,144.055932,Pitta
411.9680668099385,483.48271145017327,0.4560924493923906,335.4581783004121,134.4094192288708,284.72146898957345,0.4414734460068015,0.3197601059720793,16.823424,0.5131856426120022,139.54328,Pitta
423.57560161190537,485.16001783193377,0.4909384052792926,336.1507687776174,137.02914662391373,278.700352486982,0.5654750892094833,0.4150646872146353,20.887844,0.3907707946224517,164.716992,Pitta
477.7066169805289,491.4403916597411,0.6553580582733091,390.1316089459188,139.23786485587792,305.4873268308869,0.5931486908196807,0.1724118927649096,9.55496,0.4897907596801906,188.298568,Kapha
408.8691423239933,491.8186334054442,0.4216388831734352,320.28999524924984,149.14450275630662,282.49665996154846,0.4129774805301111,0.3716896322999183,23.335132,0.3511481154015639,131.725624,Pitta
405.7071944569505,458.18831048287774,0.5115274198641537,328.6409594517776,133.70997601721592,277.3150310726218,0.2007227619610779,0.4350863444885894,20.485624,0.6854743931189379,78.219352,Pitta
409.371691521492,485.25333493201686,0.442041175073015,339.4155879933159,147.04106648747936,253.4741958707799,0.4201854952046366,0.542317357840399,23.039584,0.412118150731412,131.37714,Pitta
443.9458780305081,501.6696480292457,0.5106590428114207,349.31249460272767,158.30764969124692,293.4117459997168,0.4224545107286158,0.2173410719010659,18.365864,0.4790012021952826,145.662512,Pitta
473.969406147041,499.7682516036053,0.6160335829239526,376.6358126441366,132.61093704709424,326.4739749299487,0.7320785799556724,0.192198927379417,17.223576,0.360803457277029,207.000964,Kapha
424.050518586703,499.6082225901659,0.4505808819941928,332.7208957834159,156.21671824212302,292.9137691961876,0.5657711498333239,0.5470687141874048,9.782072,0.3246910917221521,161.991236,Pitta
402.3944443987908,479.2113089851232,0.4355248597052721,336.16851950426064,137.64226368920572,280.99786362588105,0.3137936799785722,0.0889791645502664,26.984456,0.3659673802906147,102.177164,Pitta
403.68367821162695,460.88710684401,0.4956229531372509,326.04913391433263,145.37126492789287,270.82866788951657,0.2083780782057562,0.2046911628745819,12.366124,0.7850183266581471,101.238792,Pitta
404.56194848196776,521.8616989119664,0.3284370267732838,319.1680786870176,149.8630698364734,278.8393394039896,0.4716915355717823,0.4727994864435905,29.778644,0.3585162544175815,145.417808,Vata
474.34891679490215,498.4706996504892,0.6213985738118836,383.3364638568535,150.11452017939763,300.2596635832119,0.6503914124519798,0.4147062799415174,36.702412,0.2398463824820349,178.3901,Kapha
425.78371665201365,503.564976429142,0.4452204269783248,332.6524599275451,151.58514302620006,288.31336011785095,0.4935642632954578,0.4718804654103131,14.69396,0.4974547714876876,163.408872,Pitta
423.6574830943852,522.1120554483681,0.3885671869699778,346.8997354902711,148.21140889115233,277.99769844258304,0.8707866543881305,0.3256578465107971,26.710312,0.2996196919641308,217.017576,Vata
405.27882842331337,503.3614824826875,0.3781271966336149,324.8746241596679,146.02849240489752,281.4224997968921,0.5444187254792815,0.5209166549366293,53.531816,0.297097219001708,153.065352,Vata
384.2511662679045,481.5107769450028,0.3662792929637696,296.9291555888552,155.572942639191,267.31587963302127,0.5927301444937981,0.2716883532413569,22.382424,0.4766909736903978,185.019708,Vata
364.55056510770527,452.0027536219445,0.3804163214684013,282.4769577366906,145.33018430295675,253.17471252875595,0.6102283427259105,0.8519193644317183,0.0,0.0,147.383472,Vata
401.3504681033485,504.86716532865984,0.3612149195070119,319.09328044908455,151.50702411305372,262.163161172881,0.5708190898220723,0.4613307210576007,37.306052,0.4097211371508728,168.138676,Vata
344.2312426433935,464.0646696288829,0.2728710648979575,280.4183607824589,137.1301997516851,248.25136061264897,0.6017337465847881,0.5378006960633096,32.544096,0.3304384548806063,167.651732,Vata
387.998900398224,484.4082583989138,0.3712014532175093,310.29303249338767,139.33707152325107,267.58836926743777,0.4339061613438496,0.5877598687963242,0.0,0.0,112.23584,Vata
470.423818135011,495.270182598528,0.6184491669834046,370.022379073774,151.9417861883568,322.2380486332739,0.7023109022629113,0.3617520009425327,13.725092,0.5301374131355838,210.74082,Kapha
469.66094343776894,487.6154541163253,0.6406168408978762,366.7203604780125,146.9579357167938,316.68481459924146,0.7902181722388163,0.1906637105217125,13.903152,0.3921149926392211,219.339432,Kapha
403.64286140993,460.9645949290428,0.4952313262598428,332.5780199733241,148.52111738661128,274.2006391859797,0.5690033556748003,0.4468283779670736,16.261672,0.3837458795236109,165.446952,Pitta
422.00129008723326,509.1998182320228,0.4173411496767614,335.5690614442894,152.09721928863956,275.82417359305737,0.5614009747646544,0.2698573537556795,16.460228,0.4568892731148107,173.556168,Pitta
372.1884037353682,461.45029807783385,0.3804817515729508,293.85382322230555,148.0697691517129,259.2282175136646,0.5498075746410291,0.3573925874631142,22.794728,0.3673602630298481,156.962216,Vata
372.65847578656735,501.7713207190123,0.2743851820414809,291.0328887393585,152.64635784603396,244.7280311605076,0.5746232099810277,0.7432468390626088,32.901896,0.2832898164390144,161.545856,Vata
445.8715664151274,504.3647953170793,0.5091463302063317,358.98279508698147,153.78009348290166,298.8751539163273,0.6532548769335744,0.2601031755365066,10.26116,0.4288323046969481,192.889392,Kapha
376.6984624434432,493.7713076040786,0.3079612762615194,302.83838217766856,144.9166335927265,247.987614327609,0.3931153122618863,0.5212533928066436,42.7861,0.2534174683215061,119.364848,Vata
431.98780628746687,501.1167278628298,0.4726454456719537,345.62739542379484,147.93238442394147,300.8165855979381,0.4906126869662772,0.3325536857633314,17.118508,0.5706563200264909,155.07636,Pitta
404.7953078108261,468.3587988057589,0.4763566456640844,336.5099653803816,135.55826042889913,263.6692985863136,0.5987122386252642,0.3729256453595949,13.1851,0.3843208285397001,177.610904,Pitta
404.7436031411133,502.6996781499111,0.3781193426942162,331.1870157486299,133.8054776198084,266.72804128641724,0.539725701056066,0.4216357957755586,33.770488,0.3208378411154838,153.43638,Vata
405.5952663966724,498.0898896267741,0.3933360817213736,316.12728259604387,143.95841338553217,282.6692511102169,0.586830884729637,0.3823178186408505,47.951472,0.2793704599470586,164.604688,Vata
396.1850309470072,520.3964992507886,0.3053255172177238,307.86502740386743,156.15305021985418,257.9890281829124,0.4978913957968141,0.5085755248331344,23.403272,0.3242562378904349,151.143428,Vata
424.4621294438928,502.8546705481294,0.4428389229285096,337.31546635275697,135.72838455659198,280.2073153336004,0.3555062821279154,0.4857432284794247,16.78014,0.5002901670230353,119.444264,Pitta
411.07224633442513,477.077859102536,0.4719740412036826,331.5795462645154,131.5565752621158,276.3529259390218,0.4660360632902726,0.3612479084668706,68.663276,0.2712810138900687,137.775304,Pitta
410.2646034763637,515.6596520607181,0.3622924035507328,326.9202255557632,146.3598469364374,282.6312172033174,0.4114118146690194,0.3782222925528782,19.25316,0.4555943168925723,131.061036,Vata
416.9296735569145,534.6558915258563,0.3360460597405685,330.68281627509595,159.53779875898658,269.6502323841473,0.5472750864322845,0.3178919631652089,19.87052,0.4407930977622989,171.220588,Vata
489.7008112736431,470.3332475087354,0.7701713003492149,401.8557460382282,125.70833414944632,330.8509011540591,0.5114745665182043,0.1546274156758761,47.002196,0.1108771258376506,134.252044,Kapha
407.6156931085064,520.338374892425,0.3419544681558912,328.6329886456628,156.73589426503634,274.02924221936627,0.6077706221655617,0.4836138078091607,21.729788,0.2592427709264291,165.006424,Vata
477.69267087774256,494.9671675409816,0.643807154830631,380.756632394771,152.81047036392076,328.487120854548,0.4410477560193978,0.3499746474645925,15.367504,0.35979890441143,135.831956,Kapha
408.6695615195205,521.212601228781,0.343130465088283,327.05018097930827,155.5954235297549,269.5198381781126,0.4054091925439116,0.3847792151906511,31.179328,0.369481829794699,128.976904,Vata
480.6474126687833,485.66620847923934,0.6846112112604691,374.6210225920387,147.15481251193742,309.3890292319759,0.7811814002812676,0.3844277717691254,158.088956,0.2057638356106664,206.978532,Kapha
408.0645330442267,518.1429481189066,0.3489063693661881,315.5314115886518,152.61886422109325,278.1700336784561,0.6281396292054395,0.2943694730166233,8.76244,0.561618652906559,204.921372,Kapha
398.9885743091164,456.6186258780791,0.4921439794582914,328.43819257283207,123.4768241326445,271.31144302234685,0.4344170134084921,0.4694105583167091,0.0,0.0,112.337672,Pitta
463.6774339851973,493.91490364299193,0.6000909911908805,340.6584975338471,167.91677330955102,320.48845279242187,0.4274173287730553,0.2773306358009908,23.79088,0.5205110052456607,138.423712,Kapha
458.9141381321158,484.5363173291693,0.6139437983606548,355.8114007303053,151.1009483213408,293.86354710758263,0.6982088552988751,0.2055195496127634,11.937284,0.3583325725642075,197.997696,Kapha
468.4851074989304,469.1882674956968,0.6992861252817835,380.4702969004925,141.45035934217998,306.7285200438556,0.5981207595044611,0.3799344418343157,13.028064,0.4507940606529262,176.972028,Kapha
425.8677959427157,516.2486037113628,0.410986178938266,339.20605269310494,166.13122164144102,285.3021173022681,0.4016427170731986,0.4702636854096797,63.66706,0.4444584462726612,129.92496,Pitta
386.4272789228146,447.38730363085824,0.4754556436938806,300.45523035185835,138.9212840726059,276.54991354191066,0.1520274915385737,0.2019209820143219,11.52728,0.4710074206050761,69.426768,Pitta
394.9117768855599,502.6284747110429,0.3458189140085802,319.8159381452095,143.6100214513196,272.1054549542821,0.4416158978414664,0.410235142492022,29.645272,0.4420186900717063,139.09626,Vata
428.7788807822287,524.8625071479391,0.3977115368311371,355.81447824377494,138.89656174796562,290.6506152097241,0.4948052537536931,0.7607287184964665,16.308328,0.3679399724799647,140.648076,Vata
407.0911605982006,511.2759860342657,0.3633133011603341,336.2651503843885,144.0537282298992,275.96351277375976,0.381291328389545,0.3995427685270584,13.275336,0.522358509434505,129.22582,Vata
411.06284229839474,461.1977384205008,0.5212185573866244,330.5337232557237,146.46428617014442,272.13236126129647,0.5193388549288496,0.6283783530946353,0.0,0.0,129.265784,Pitta
383.6142547133788,505.2903665113998,0.3018073790550291,298.9360426560156,162.4428482906772,252.33871512198587,0.5631355601276774,0.3254253964755615,15.238232,0.4920076870543339,169.837948,Vata
424.9468105950917,522.8566224248968,0.3907437560905126,332.7797206630238,152.0688470428702,288.10861506501897,0.569247062891592,0.4202703086654047,10.001308,0.5162819335654084,182.204348,Vata
462.7699967958441,474.2816664844434,0.6614607199166397,353.1511363384242,155.77606723923606,316.74174582710145,0.4016795390363779,0.0797531413771642,30.74486,0.3569467629521281,130.321444,Kapha
371.2386897782975,466.34625765484174,0.3630345681686251,292.682284389849,142.3873562072468,264.83147574566766,0.2373228301710056,0.305536378065621,95.870528,0.4623275963238375,98.873888,Vata
378.549109792002,450.4562458320452,0.4366322824268886,287.69282185877745,155.32404223354976,271.1458125523414,0.3803654416303859,0.2867363480993257,9.769908,0.5199543045600097,134.674168,Pitta
428.2522454426365,489.7071932939893,0.4933352566037159,330.2589676944641,155.8808838983548,294.74876308257285,0.639271962163958,0.4084193557852393,87.775268,0.2509326230450653,177.88106,Pitta
491.6994227568446,501.7682353385025,0.6684453173209813,389.7844461617669,132.2927947415118,310.0287543053435,0.5261087183412386,0.1951998936089118,10.045332,0.5432803806510572,173.563732,Kapha
389.6829681539435,504.3539611937032,0.3241344309291493,314.162021811813,153.30762257255256,252.67559438318992,0.4855595296966424,0.2437378366841491,33.7187,0.455264040680711,155.255132,Vata
421.0569914877309,474.64481686395817,0.5142507388175352,323.07095001693256,161.76405736614163,290.28901124586343,0.4963093958332547,0.4530193411448642,12.46812,0.4514359427219176,155.337776,Pitta
377.4758293757957,492.3286370855844,0.3142970124519489,299.31989079969406,157.00717004619412,264.4525387819808,0.4908692567871005,0.5548620195514402,13.503976,0.4608952796346471,148.416516,Vata
426.0228883584511,501.7691579736938,0.4510384905379801,348.0907465146249,126.03630122560756,276.3500171669853,0.4662000464418265,0.3474455223825759,15.139396,0.4258643766525627,145.96042,Pitta
505.6102858904341,510.2136784716111,0.6867893333141651,411.5903162431809,148.05199487249365,333.20647300359053,0.8362606359287486,0.1546790615579941,8.658316,0.3586056054009386,232.670388,Kapha
396.5414302210109,485.10220844639326,0.3985475082438217,304.00478587933134,152.82868498149702,278.3160403646407,0.2914678314099092,0.5497613513896091,65.212768,0.449603108097505,102.419228,Vata
434.7587774960179,510.2143527442943,0.4561350846634018,338.72192157576364,154.90813453260498,291.1686328539732,0.5047270972806971,0.4181829705330595,13.489684,0.424781631125919,153.976464,Pitta
454.7008407446865,449.3928875117008,0.7213936925954568,350.52647395239376,139.75118483240172,313.4080331031603,0.4593139179315296,0.3012271060878332,11.431112,0.6169987739012615,160.860412,Kapha
461.5750148578692,454.7882198395794,0.7265619435422649,357.9922812800458,156.59768550966143,315.6395126103791,0.5776265176568437,0.3777997800966309,38.76162,0.4429836739395745,183.327728,Kapha
398.8393703426931,495.76646354286015,0.3770404634281128,308.2486539463224,153.6925455146711,274.08624268081337,0.3316310014683034,0.363490628295272,40.266964,0.3330272362999772,112.518132,Vata
437.692565804208,505.1248418213956,0.4800425292730389,344.8716228738743,148.39241479372694,294.1268108136194,0.546190032473159,0.375072098995854,36.04726,0.3949333215121515,169.626472,Pitta
418.5010382963114,513.803402975084,0.3936924432524021,344.2929879350079,137.14943991180982,277.7082927767459,0.4161273937988363,0.0758460984305803,27.016816,0.3035488563006606,130.500372,Vata
399.5432095005538,489.7920147532773,0.3957265623212766,324.0668798161093,142.16644673071335,271.09198798179574,0.6233801847832465,0.5057333622081641,17.01004,0.3202773422111939,173.365348,Vata
399.788538728737,456.62077872088673,0.4950470225359757,324.19143962203674,151.68434017050802,275.02636264504304,0.247175584859194,0.4962156858321777,36.812736,0.5569754909898151,97.86046,Pitta
434.7766941622936,487.059236338165,0.5234817339290616,339.64515248302365,148.91815929762322,310.574460480753,0.2923810762961512,0.2639423948228416,10.621628,0.6288907094829331,118.78392,Pitta
481.09348457807766,463.5331411484477,0.7646989122036464,392.6735472554239,136.90325342558853,332.16040323965296,0.8883357010424207,0.2105187690428996,0.0,0.0,202.820712,Kapha
392.6630074484904,463.1300412991036,0.4490528351897382,303.4913863540815,149.33021736888114,276.65850359104456,0.5202199332717802,0.2685430846181659,19.28736,0.2725675127454713,148.184116,Pitta
415.31559512945375,504.29492203706815,0.4087093597344504,337.4226460767132,152.03366639202605,279.1661681158795,0.5275702994486459,0.4909614068575402,23.425352,0.3975188955468942,167.201168,Pitta
413.5715956530914,524.9607223092277,0.3493420835773125,325.949562896045,149.22559291642355,279.800193178328,0.3139005740373495,0.3305253736864542,25.6992,0.6350276348259579,129.339708,Vata
407.7981320749893,508.9749127549292,0.3715994389144477,315.3452518204588,153.64206031007237,271.8185197271091,0.6693195871092066,0.4823637061476589,34.021112,0.378409584907709,186.973752,Vata
391.6772746961381,475.0961605628541,0.4101375821677471,307.31344936921494,158.15151448827777,266.8333964569101,0.6714988453354739,0.29548137278387,16.988,0.3776573856884742,185.476616,Pitta
420.0640403518852,481.9477357823207,0.4885017082508345,328.7411851280978,159.5398090396355,294.15462913020707,0.4764928386398565,0.2875895457644253,14.420924,0.5216129781991028,150.132312,Pitta
408.2147911388277,492.47626693545874,0.417588056868732,320.54464297393525,152.86702193591793,262.4351657459852,0.6791908832110067,0.3185833388746457,14.389968,0.4395860745217925,203.449616,Kapha
494.3235183040383,465.5721582191483,0.8043481993469775,393.9433907613172,136.5506085949738,323.9525713586515,0.7180159009878881,0.1340300383862468,12.092592,0.293248104233113,193.038032,Kapha
465.342348913004,493.1136141744018,0.6082327352381652,361.50655257806096,153.69031454039848,298.1400608397307,0.6992129009390061,0.3657867368929068,56.177208,0.2157602406389272,187.00388,Kapha
359.699235530702,518.8128925125511,0.1923769074789807,282.14742632489373,149.49429188967514,244.5495161766551,0.376292129844155,0.2153731876984284,15.430732,0.4582747282264838,129.777988,Vata
400.137746863576,487.2270510269962,0.4048861976366377,322.13545674361075,149.35943887684823,263.94806721601714,0.7798933740291945,0.3393567999049086,14.655756,0.3423266091246109,210.782584,Pitta
461.7098961868132,523.4851369548277,0.5057686231627772,337.0279537632835,151.38746559935845,304.01326052721146,0.6500392861250749,0.3289153765735489,21.405688,0.3179748789533042,183.143604,Pitta
390.062661508922,477.9226793972235,0.396427722568749,298.8141322393561,148.12437236631803,273.4473894306612,0.3924408583085239,0.4123939348176357,66.816048,0.2259045229795266,117.828784,Vata
438.5560904908389,531.6879847814345,0.4108359817762558,346.79328386029687,151.6424182914084,294.1077144339648,0.4333629220047811,0.3595846460151983,10.515748,0.4221151634746549,137.44082,Pitta
391.20836231052834,478.9502233355636,0.397492577997242,306.9915814560593,147.45536603145348,280.88983436233855,0.4377266356717374,0.4703765288247366,38.945732,0.4524814150629856,146.144824,Vata
425.7007887342928,521.4003899331399,0.3969158879980161,329.7224643460315,154.97837775231147,282.84907036840366,0.6241704222393581,0.6280156254965156,47.530872,0.3728168683312565,180.982448,Vata
396.45283662488737,499.2134082635759,0.3598737163083392,321.07894297640854,146.18262382237006,269.60835013580345,0.6822109664515194,0.1822770519758104,15.819656,0.4335179053766165,191.530068,Kapha
454.6945826776973,467.3396823061082,0.6568335650188667,351.9874355311033,147.63479511830178,309.3647152040825,0.7846422835572898,0.2640996099486046,17.858872,0.4303944191777562,218.086384,Kapha
407.57784805141,516.5360721846051,0.3514107117508714,317.5503098956202,164.88360014763504,275.4946271018223,0.4382541830352166,0.4390527739012233,39.699648,0.4618142797355278,147.260856,Vata
387.0809039804263,457.56720697834646,0.4459104355767957,292.17267681615715,149.40767967370132,274.403801305259,0.332453967328745,0.4700276984813636,45.149028,0.4418344005033501,119.44912,Pitta
376.90650045332455,510.93237832897296,0.2660767672710817,304.8338323844816,143.2116655809083,257.68492631391376,0.4780845708389155,0.6448279682093859,14.807176,0.5404011958750468,148.324468,Vata
392.3377882441003,506.4957090061049,0.3274138420165177,313.2972804633529,141.85057815789384,258.42235421537964,0.2225265814441225,0.2172110655605067,29.686824,0.377755329086441,86.4268,Vata
445.1198307720286,461.5260666559818,0.6427316603659096,339.88197225531985,147.44730578996405,303.0035088203053,0.6127961679794282,0.4792706699997676,26.635096,0.3141507480228668,172.6753,Kapha
411.06998049980905,522.8968471023875,0.3465605601805577,325.5633354517404,165.3044580434745,281.73101060145405,0.6397987670682341,0.3080425245979262,30.091368,0.3180120508530495,183.834664,Vata
432.223895528196,486.91440712881536,0.5152146151634707,338.75309513404625,139.1643585312053,291.6580799826835,0.6664187789363442,0.3821269775860191,31.592824,0.4088803972349238,196.143852,Kapha
378.2356400822494,494.9656828085608,0.3100619173084827,310.48032361100155,134.59116307147937,251.46585701568813,0.412478768676762,0.4563297772258926,25.262544,0.3859377555357095,130.842504,Vata
451.3417555016048,508.9618735208119,0.5137355519544818,366.0849183543766,138.2520251134684,308.84157617774304,0.6630929028364911,0.3469540718346227,15.259356,0.4969932457206399,199.320608,Kapha
406.91072250794986,511.66402571944303,0.3617245907634867,323.1561114282803,146.51738793386724,265.9148238962526,0.7192696336513654,0.3305113588637253,26.190808,0.3790542185750921,199.885688,Vata
398.2989880589055,508.72743524323647,0.3412326445842823,321.28033795624395,161.01502750272405,289.4469113632443,0.2834825221491633,0.455782164519268,14.562896,0.7239770029846908,116.312124,Vata
475.2467436183608,522.1283738194802,0.5526380486995253,371.5270731761854,154.67419818082922,308.82051659495625,0.8106761740507378,0.1982634838266592,15.837868,0.5998102983921078,239.661008,Kapha
399.4410719301208,482.84218857260913,0.4148773266087046,325.8641193455165,148.0109275380313,258.6918713451355,0.6065563201057069,0.3463140573465053,16.516656,0.4003289358627061,180.257688,Kapha
381.211849065078,461.05269641687033,0.4141444952766736,310.2825030366823,130.8392333081858,261.61197987026804,0.1254111117006192,0.360701351682525,16.585432,0.4871414937391177,58.697484,Pitta
408.6214391215596,487.36079161253787,0.4334250097686818,327.2100219830824,138.07312417815797,285.5124621730682,0.240087828509101,0.3350422506099194,14.459544,0.5661063579546582,98.736668,Pitta
442.6789722274404,417.4051342143599,0.8023467370609748,343.5595169679128,140.61559278887154,287.9022246071621,0.7800850288359115,0.1970675972884926,12.721736,0.3399819265564289,210.95366,Kapha
403.95754560964986,498.2454723656196,0.3874541824778572,330.33321052360924,144.2654290848121,268.06462032426066,0.2480212458914916,0.1752901311604617,15.517064,0.5818936115245449,99.155904,Vata
416.2370661333271,474.8440728666978,0.4967727322030326,342.41467788252726,131.90475455808598,282.94938225678203,0.6954831671656126,0.3031460576742083,31.611,0.3728057268899159,201.549028,Pitta
452.9397837179971,514.807374985389,0.5021667108589308,367.04765220189074,145.2072252013516,298.16750392272183,0.6094320251309198,0.2849802497853583,12.752692,0.522952719639336,187.635924,Kapha
405.6856434763778,512.9577563512998,0.3544262803347466,316.91989951642245,147.62982076245189,273.5866532122624,0.7224324095241221,0.3252118003941922,19.125428,0.4568415843696787,208.564696,Kapha
475.23806790094153,452.2560020595844,0.7861798832146341,378.19274041122304,147.7193507152647,330.6892046567943,0.4054944348870102,0.3580712401001888,77.851896,0.432453087441948,139.20592,Kapha
426.06322621952165,517.4369153194954,0.4084668482764132,341.8183813047078,154.0106113612533,300.2796850964214,0.5169163108815544,0.181624669171348,15.317376,0.547816112063723,177.3251,Pitta
468.2261946478473,472.7129281865541,0.6860103808366922,356.0812080284403,168.76884869985378,316.8247713937316,0.8207883078648421,0.2232683503167282,30.939068,0.2298365402002785,215.590924,Kapha
455.3366335880938,497.1661609329956,0.5620284246400507,353.6990789842423,149.70441197005894,306.2181736067349,0.6713782659476023,0.238899087477713,20.448288,0.4979531315350461,211.446648,Kapha
417.92496835565686,489.7649425942815,0.4581405242565315,347.12326973494123,143.10741123824698,275.67515558132123,0.2502654391983303,0.3106956020645058,20.131088,0.5029916289286916,96.807332,Pitta
396.1154047667935,484.75535181467416,0.3980592756230726,315.1336141237274,151.24936810588017,281.4010637563759,0.2854512229587329,0.3916079872384492,19.371368,0.5670353347098303,119.191928,Vata
469.0797598388471,516.9352709391297,0.5480106429641713,355.50967286264176,171.07351398069935,306.0044782785507,0.7711213389437029,0.2013205780567317,14.907992,0.2166510157550784,200.179508,Pitta
409.0274910872445,495.4207504261738,0.4121299958505329,323.5629168672318,141.82998384031396,273.9697792580827,0.3779808031353772,0.3043253492263332,13.714956,0.5651647542326336,135.784184,Pitta
426.0480114356009,503.57265767352266,0.4460707456091419,342.39486119521115,134.96288127643749,281.3787966553863,0.5210330063650024,0.3235445054858126,26.425664,0.3430223921363302,155.487184,Pitta
474.12377790169137,482.7301760567102,0.6721626779557381,373.8774048815372,154.13545200159896,302.83541462249616,0.749246042712514,0.4084672876112095,14.312232,0.2647787336759315,198.505992,Kapha
491.5451259624808,482.0173626596314,0.7346067575632972,383.5807174924138,146.30843167221434,326.6059481384032,0.505082735238968,0.353204136967903,16.954532,0.3554616594643438,153.388948,Kapha
413.13739896543376,501.315154295663,0.4096231862362026,320.85128712907897,159.7396823041201,303.11918612869965,0.3650706616483381,0.3814056562177597,16.57306,0.5060960227485274,123.99584,Pitta
423.3658949820484,498.7861344233408,0.4506246282919505,321.0187401863145,155.29208145369842,302.4309210275542,0.2384018240577169,0.3731861859426323,18.822392,0.6412431748543206,103.272228,Pitta
490.8204352735792,507.1830981404914,0.6481895195563105,390.918386674693,151.04632793486846,314.832938496047,0.6301153332112759,0.2087765515319597,15.046048,0.3293562664260295,173.70156,Kapha
386.7587464562089,488.85085456726017,0.3548973956932985,295.4913443919113,152.3627314466887,267.97993845876385,0.4011858839321956,0.3180890529420492,23.57178,0.3115238324883619,123.736932,Vata
439.43039985650313,466.79021202799606,0.6044217072735418,348.0829388063585,126.77815390429656,291.2546300856132,0.7590186318732358,0.3235988420365849,18.107164,0.1988809063650311,195.203516,Kapha
434.53215673821785,443.88092007179097,0.6667930509036302,338.0400244479057,145.6015998288967,303.72560781053784,0.7205101826473719,0.2147360802552054,14.715292,0.7016334669721088,231.838344,Kapha
460.1291781811096,479.3971301890248,0.6350177189948046,351.20227249600777,152.6327749965316,309.04521809065363,0.8455955554224925,0.2036632472107166,11.1563,0.357020853537043,231.508604,Kapha
401.4158023544412,425.6445445890371,0.607229029726115,299.18347621790014,151.1817018902421,283.28853947971714,0.4645146239179259,0.5204644701277167,14.860804,0.4187740646692471,150.446964,Kapha
467.0874623452895,500.3284048676579,0.5914236527689803,367.27844652328594,156.3467230114242,322.1856963841016,0.8742436849028826,0.1427741148582746,136.972464,0.1181791252064374,214.895952,Pitta
431.59418717271336,497.2912819037345,0.482345245854576,358.6077256277761,148.70970635528832,283.6074284670995,0.4779600985568439,0.5452028482319639,0.0,0.0,121.017444,Pitta
393.8894001588107,450.5707400133513,0.4928274500713693,320.6052060751218,119.50048083880552,273.389597888602,0.3219038227177587,0.3480793161808089,42.198044,0.3324240285372152,102.007376,Pitta
402.2563149986311,470.64279699167145,0.4604295525870377,308.6097521188207,149.92000480223666,273.7376965666187,0.7010689285478935,0.3965811076090165,12.393648,0.4579291240922932,205.879372,Kapha
390.0619180933388,488.4223478422556,0.3672833032884759,315.2985698502169,141.70917533057502,264.02443890960376,0.4840043987296483,0.6472600029209603,28.330672,0.3596311581953674,141.011332,Vata
432.9171467988045,514.3995743049543,0.4386732854709267,338.9576558019544,151.01247461115898,286.830275074672,0.5640504705305099,0.3317705035277019,28.095732,0.5181626257446703,181.915332,Pitta
373.306374676988,474.837138296804,0.3466236641362324,280.9893910596861,153.97384846044343,257.44196902976466,0.2331389521629121,0.164548503720574,13.050144,0.6679003393345413,102.385376,Vata
364.7189020821017,445.0136600990637,0.402083623727264,285.9832122909023,144.88706940740067,258.759942869975,0.6950453971663101,0.2762085625722382,15.710012,0.4127761541284037,194.088856,Kapha
408.6624042138168,501.2715469188458,0.3949143382252256,339.5059711164232,157.03937878609406,277.707613928621,0.3201742941039027,0.4272642432704964,45.388464,0.3308431930587605,108.656004,Vata
364.0845345924767,493.4481080768784,0.266332235539542,289.5360591370999,151.42049757489357,237.55297843059424,0.7841606081326813,0.13846217466354,40.304172,0.2261636627765255,203.27688,Vata
421.5034110759536,484.8114308398825,0.4848817346181918,352.58256708725725,138.42640344304354,269.8519762636029,0.537446632233148,0.2021778616499057,13.823824,0.4410937816307207,162.42884,Pitta
482.9858575492295,464.36855243612337,0.7683662819004236,397.7932557979813,122.4781287012351,334.5001265602156,0.6611153326494147,0.2552669876899626,20.325136,0.2507812682525507,177.229916,Kapha
388.1881620681267,509.0454558248947,0.3074295588216842,311.8591598485193,153.1969238115023,270.27624167022265,0.4779715565083292,0.5950326874176406,17.09676,0.4829532908914193,150.621044,Vata
415.6007698852324,518.4026407079916,0.3723972516144322,330.0137103996333,145.64636338482993,293.2158494008691,0.275111816362629,0.3663858561394295,12.201576,0.6479102133525245,119.419592,Vata
508.6525537528685,523.7029403820884,0.6540418391948668,406.8682935700559,135.25310352710824,344.40956946352645,0.7618700564758616,0.2294704547993243,139.118884,0.2062658925908334,201.911056,Kapha
437.7306787349475,506.33123597502674,0.4767384095177675,357.67986884274904,139.4210981884668,304.15265668112755,0.4419558237576832,0.2032073925352691,35.07512,0.4110091890556744,145.140164,Pitta
500.56194853064375,506.07450014202135,0.6836828484205364,393.0947980555727,158.3400591527379,320.87868535197003,0.7108685071039701,0.0909644597416327,131.449372,0.2419023329097785,198.024412,Kapha
469.7400299221118,526.3506214336585,0.523133407245789,359.9841178796234,161.47535997718956,319.8733144736728,0.6522070262004621,0.1795232928773907,11.177128,0.4576589610207559,197.798996,Kapha
417.3382809213274,473.3879815882137,0.5051149333091923,323.2929031151954,153.35438134948473,295.01439411980897,0.6427254609808792,0.4023386238687512,21.815144,0.4445440496802946,180.076104,Pitta
340.93809626404976,406.2626941392505,0.4347019109107198,276.62951261208974,110.5291861949794,232.1356889720697,0.3023145985057547,0.221466757592879,18.220636,0.4269868262247111,109.043532,Pitta
495.8374644083526,521.1887165131076,0.6209839330936433,393.0746932371496,147.53523989065448,315.6397093521027,0.7812840001165461,0.3085605741889222,17.953528,0.2898551808444996,213.975416,Kapha
440.1795993867984,507.9330889350936,0.4802180555945137,343.3303979318481,156.0368297788408,295.85318433948726,0.6355207773395352,0.3601431922287232,11.246036,0.462878625002988,188.015352,Kapha
453.3091647948135,479.7085362983136,0.6103688730869207,369.62773332443385,165.85146506577507,304.78262046382264,0.3982845339647796,0.373080957839115,31.486436,0.3220461304288698,115.921524,Kapha
420.37372079476535,473.02875253824914,0.5168854355776441,323.2830433114742,150.69376439548125,290.2732379924038,0.3390607104475729,0.3393417336067238,24.193072,0.5264904648844052,132.332584,Pitta
410.196371891919,509.4544726016229,0.3781656835925464,332.5178448322826,155.02690984738533,280.41081527810115,0.5980791215896943,0.2084081746969028,11.668588,0.4162270974168467,181.20408,Vata
399.8674594555643,519.0647273959447,0.3203533910457302,321.620276025186,146.17974019451358,268.37417453267136,0.423954559249328,0.3229252640088117,34.470636,0.525517783293429,149.22134,Vata
389.2451996045813,489.433976956913,0.3617699087241469,317.16928049630354,147.30570588416165,256.84952961035214,0.7103855875585349,0.2431834808522446,21.250868,0.3124744506492894,194.359856,Vata
439.92918893794143,519.0623029868526,0.4485543828089505,349.08989188486754,149.09214475926458,296.2464843921078,0.5902845842112078,0.6391356070037006,13.091096,0.4524331354838431,172.410424,Pitta
493.4408612645759,490.0673299986074,0.7132091543918565,385.5785537994082,151.6715515302091,322.8684006153478,0.5592863305555192,0.3408010538801099,34.67678,0.4226198538864116,171.864596,Kapha
489.76338362438673,492.57640262012814,0.6922898770878269,384.1475358528374,155.34541727256422,321.908874455774,0.629368639984101,0.251854417358834,16.092212,0.437774594326616,188.401264,Kapha
457.3065266923292,489.3754906466795,0.592931583817779,350.22965091138514,147.8665280312082,305.22463959721017,0.6003828922309632,0.2240791620571583,10.699284,0.5072351507207432,189.201344,Kapha
373.0630060190079,485.68611967367104,0.3166228271125658,293.32356568535084,130.7601033554554,254.684139650448,0.5249543949451131,0.2874952524075031,41.76358,0.0545394654836121,131.598464,Vata
457.1961006211946,483.657400544205,0.6109024962892211,380.5374746685204,110.50273066383905,292.67245460824864,0.6678167092169367,0.2548750822049314,15.333492,0.3448748593308626,190.75224,Kapha
393.66775490068727,452.9355069831788,0.4844336909984096,303.84435405751407,157.13685796117494,272.0407537667787,0.4533870467116001,0.3188928057637257,36.863592,0.3564185742277259,138.333168,Pitta
444.1680743325331,491.0626902071593,0.5431593777163849,363.8514101261873,153.67466586368698,306.1215178331496,0.3788301965301551,0.4366061676182622,21.993736,0.5611077165352629,132.167828,Pitta
449.7218719338787,527.9748626790429,0.455597715686907,355.0886024069998,159.58336736475528,305.32055127868017,0.4128692420181823,0.433054589211104,13.741388,0.5700700945212874,141.714796,Pitta
468.5032529877949,469.1729942035872,0.6994043534515826,366.9157884397198,126.7597934767116,317.6868733226761,0.7023556103468152,0.4124924962346077,21.957784,0.362973016644503,193.75716,Kapha
418.021671901464,510.4083243863622,0.4011314582864876,342.6905069264687,144.56797895344852,283.7979236730085,0.4208017965425802,0.4732483488728671,14.180864,0.4064120784298049,131.785616,Pitta
423.5024879253703,487.73912246088514,0.4830213126925105,328.683217308431,163.0018177193499,287.0886533866996,0.73216033073387,0.558394619993911,96.764508,0.2056974765108031,192.603956,Pitta
455.4697717289285,480.4318286026295,0.6154756234195258,371.476834031664,138.8890744413895,292.10785501929286,0.6409382212138333,0.3670195161554825,16.236536,0.3422631029089695,180.156064,Kapha
420.2649770650575,474.1856512568545,0.5129032588384467,341.8075097361552,131.63585514596733,273.69796432332225,0.3951324735843049,0.5938053595893946,61.208356,0.5641706844504778,139.317356,Pitta
500.46619536475066,490.0478487163431,0.7370872853897252,401.99955808601055,149.81536401209593,325.8059532190534,0.8620662703834148,0.1182819184124176,12.98268,0.2815175507411624,223.218948,Kapha
489.2687722507548,497.4271262867671,0.6745336838870457,394.5914488039846,134.90430649393764,311.7247711136883,0.6122034848707283,0.1716058744012062,18.692744,0.4836931332393491,189.223,Kapha
496.5912136270963,520.4495163402502,0.6256337947039691,382.9180606460701,149.23532828015115,326.0234202360652,0.3973376576832849,0.1299328569241613,7.885948,0.6962925807318968,161.633576,Kapha
375.8146447984496,519.9775442120971,0.2412751397333465,283.7539507072565,164.2072553698009,260.0763953984638,0.5112939683336736,0.2585687948725479,12.502408,0.6526674399952355,180.345156,Vata
406.6588044614996,517.8827774197894,0.3450550350562945,322.84355834974025,153.19055262502062,280.7788693798988,0.5038934761273682,0.5212842504816118,15.056744,0.3808307720397629,149.788272,Vata
396.5445682177954,483.391710663256,0.4033626951425979,313.2828793807556,150.05217956067497,277.7983623174256,0.316795984331141,0.5971280964331529,15.99438,0.5010813106440469,111.236084,Pitta
430.3355638930803,479.0524394520057,0.5328646162841773,339.7795677960407,148.00707579489858,285.50399225092656,0.6415921873064842,0.3716387013919889,21.630792,0.4450428148709747,195.938052,Kapha
417.01854457868205,493.31558924379465,0.4448873764004989,330.33428083570243,155.15968447834894,285.73166555885376,0.3402845641447428,0.5556130413707504,21.677112,0.4505593307410462,116.863876,Pitta
336.1470102092508,490.81157988316585,0.1783714521583816,277.95860276372497,142.40129723525374,223.7864432958756,0.5014373207512853,0.5735530451440637,14.542236,0.52420572664683,153.69874,Vata
443.2131644997394,495.831360645124,0.5255116657961084,354.04184508323976,154.18911679683106,300.9526269179977,0.3728987501562174,0.361722473497404,147.68168,0.3161885176440592,126.009368,Pitta
395.6701597251634,404.19722563151566,0.6667351196511737,299.72933110095926,133.6344857160347,258.42636331401826,0.5757838543136118,0.2858751514723557,13.659004,0.5429052516973142,183.306188,Kapha
386.7129833032297,504.1097133632621,0.3149705597152394,304.36758649374013,152.85375310640336,256.9281277291034,0.4312186797598478,0.7376787521166961,27.909852,0.3550563473331508,127.724508,Vata
356.5883106747217,439.03977577974246,0.3898465945201672,279.3731344622503,147.95097052521226,257.9558185937339,0.3575216374684886,0.5463528600934711,21.315552,0.287205273426501,109.47644,Vata
475.7014686974105,519.6740619169043,0.5612314815215276,360.8301934441411,154.68376849670912,306.893388925618,0.7901642937804313,0.3386320287769111,19.584056,0.4041978857730817,222.43444,Kapha
461.9690808110399,503.8806621342422,0.5636201549407254,359.6327487007053,159.64653156602762,309.1699328354164,0.4906618096724696,0.4014295642257198,16.028344,0.5386782732575562,166.324492,Pitta
417.4149902978073,502.6439096421082,0.4201398107245971,324.5838971236157,153.7476824662026,293.61415192450613,0.6236515837216663,0.1585489591806819,12.415608,0.442794370722615,183.0969,Kapha
398.1345006364357,476.7968476517469,0.4277476763955687,317.8216144607483,149.94831946335225,265.39529718145184,0.2112358839442355,0.3716091661883894,35.693704,0.5364609576210633,93.042208,Pitta
365.7974875090216,512.8711225021692,0.2254677693139218,284.1443021128903,158.83900010531366,240.3497709333305,0.7899205865636396,0.2066765609640566,19.15628,0.4164450645238006,213.82572,Kapha
442.3871497439754,538.1659150637446,0.406168871566813,345.46004487209024,157.8028508671764,291.9516090144435,0.4065994349122939,0.4940713560372842,18.108344,0.6559958105479604,149.247032,Pitta
415.4050912594077,512.2927444525794,0.3876441054254516,330.2967049659335,151.26577767351378,287.66510533187005,0.4716791344964445,0.3840910726113912,12.867296,0.6712043844070059,166.614104,Vata
427.2245816915706,498.76566611751633,0.4635325071521672,350.3474691783381,153.84918793439317,288.4312966536385,0.4904547638871375,0.4808844449609575,26.48532,0.4461141826226736,152.568048,Pitta
466.50595970647765,469.83717594585937,0.6899988680817883,360.9673692382997,138.01422374881273,311.28741945900254,0.7648150911374691,0.4281890995875957,61.58578,0.3637135511122737,224.819548,Kapha
433.3756566404979,527.8713346167361,0.4044412166477648,342.0307759429201,159.15373404250744,294.1417686157158,0.6004161022304518,0.0939090409659463,10.916624,0.4787070681438912,184.903456,Kapha
438.8908184121877,481.202469134708,0.5557282323448036,352.1926546322873,143.43936793538444,278.75903550512305,0.7664604810637988,0.2769358352449107,15.32114,0.4371597386933615,221.271524,Kapha
402.1216919153096,496.232928764831,0.3867708158117702,313.1627092173515,152.08416806184,287.256449185583,0.5169116353952216,0.5483059029265575,42.019872,0.3016272108839863,146.787192,Vata
390.04620746597806,498.7401933889466,0.3397891175246686,306.355198690569,153.0504061654046,260.5226553247759,0.386447165760318,0.6824385850808141,19.560912,0.3794205525425647,121.614396,Vata
388.8913864977496,469.3360556339268,0.4170840136911543,314.8434802451082,141.1697851498934,270.55256259144875,0.5142615376354176,0.6776922882799402,48.499568,0.4912842023680087,156.005624,Pitta
473.06179987031976,500.8794152557199,0.6095293497047619,398.7095406170022,123.0939549444693,317.2347958631618,0.6330233653115195,0.3259852628835988,141.364416,0.058289725281767,157.137988,Kapha
421.8914759785831,495.392355448961,0.455339361813702,348.70681441290964,134.36404966755262,286.0541094186382,0.6765077560498988,0.3354682002449171,14.70282,0.4104599328785555,189.686444,Kapha
412.090717905245,491.1798015353256,0.4343288354302367,333.8154530600812,144.10920339116436,264.1039865680785,0.5901770680920172,0.5243835973171721,16.962796,0.4281959089437684,176.332756,Pitta
493.6176961565586,499.8998917013449,0.6809021572447242,404.7789667393682,135.2189466852722,335.49038772879135,0.4805618762690534,0.2488844766377053,17.26582,0.5581830881833604,166.765832,Kapha
467.4561254315382,494.0269659498703,0.6124416206614215,364.2452004117251,135.34978049100408,312.1132810571996,0.5638493443523377,0.3528220726743235,29.74246,0.4599114228403869,182.47522,Kapha
389.53345857707336,515.565924768905,0.2957444001861262,307.7165998560723,151.61747736448908,275.82272218993324,0.5857499443958257,0.2500246407717577,20.927496,0.5180803985313825,174.279784,Vata
483.29018027015087,509.0299414656987,0.6177864284405239,380.3202341027921,155.4196061219953,317.56615397947314,0.6348919344609991,0.2770280018387663,9.696888,0.4432132551550774,193.065468,Kapha
426.89294059288943,487.3739542622814,0.4956565371159128,350.1762826296901,145.20608139913486,276.19171539897303,0.605683850276239,0.3063639926655213,18.444188,0.5581109051482508,188.787504,Kapha
358.92758911888654,447.6218919187345,0.3726621429402519,280.48063428549426,132.63330275022537,238.4572079727557,0.7398349709842931,0.5450968680338064,19.086496,0.3055266647102746,195.483468,Vata
473.34180748657207,536.5903291451602,0.5059953055344253,378.408934257813,155.02445581498597,312.3108845914128,0.489675643252607,0.4326367849614918,12.22296,0.5582702446403928,172.87904,Pitta
401.9894819059718,497.6187718917562,0.3825810846860792,314.12945552872986,158.43194567715375,281.8225204016287,0.4045836782424217,0.6127034496918732,20.259312,0.4535050603076091,133.80682,Vata
419.4478141191794,520.9022713187222,0.3782742327738465,337.7741943902141,161.42951723816034,283.96289501020107,0.4265818414384862,0.5326155552826742,15.4222,0.5292412192275079,143.02836,Vata
436.33078750231385,554.6716422461271,0.3474031492878813,349.8940181879491,163.47172116610597,287.1088500492878,0.627002603102099,0.3750042790714645,12.046792,0.4344076338725206,181.630756,Kapha
376.20500390175374,362.9047552831136,0.7626488385617765,291.638417104125,123.70134517223906,255.47437750491235,0.5549268910455969,0.4783506368302521,60.908432,0.4078182802557319,173.890648,Kapha
485.9780482964479,478.8076200075486,0.7266493346313678,374.6055287622248,160.6799537519582,327.8045242230531,0.8211999914597125,0.1804257447395589,12.4273,0.3292337949761418,226.465952,Kapha
404.7133016779548,479.77127024818975,0.4419249047497914,326.01768967530296,140.97235230744744,278.2765970357004,0.2654993174592613,0.3209969530972225,50.18974,0.3707458431957597,95.401888,Vata
350.7720339008311,467.8656636199949,0.2860820681539328,281.68932049090466,135.9799352512988,238.0557932206556,0.218951881178916,0.1946706099418072,28.758964,0.3599793282372606,83.905652,Vata
478.6041431762802,473.18155091093377,0.7208098109852972,368.7829173438806,151.34299602484353,329.84698104187146,0.3561269178222877,0.3660725097861468,33.464868,0.433618904230466,125.119484,Kapha
427.24191573577554,506.16223383640937,0.4427990713977155,337.8324167125953,149.36813034411892,284.5544492724962,0.4212511448921576,0.7911591957878137,19.945016,0.371835948826077,123.752908,Pitta
403.12068782138937,510.4531499542316,0.3525255949009915,320.7184807540256,150.18293132429517,282.8105607265059,0.5900141083301756,0.4065449725717193,32.72754,0.3476527413955324,166.476296,Vata
424.54462792982326,511.21124869618217,0.4201885050969736,333.2570478760725,144.168524717063,291.7788147553356,0.5286708246522461,0.464700906583725,36.773816,0.4064065583520498,164.680696,Pitta
392.5785268053685,445.0226156503503,0.5060372594119097,305.15666351999647,156.2509117196331,284.7678380154382,0.4750195186504548,0.7615589993001866,21.434428,0.345833428429474,136.085328,Pitta
431.66835725315394,521.2278283077385,0.4163813583732256,334.9098739464055,159.29969552064787,287.2259324402316,0.3190126464480712,0.2279603536275825,15.504284,0.5652349453130793,117.702024,Pitta
404.9339555085693,497.731875392842,0.3921021014620259,325.9411542308069,150.85065091072772,272.25591351278035,0.540298357832748,0.2907613278523933,12.359012,0.6283898848137024,178.49232,Vata
463.2036890585443,520.2755753357857,0.5195748057696862,365.3507235891311,145.84919507939557,309.29361185229936,0.6879568782905491,0.2857129051640238,19.188116,0.4217577426602548,196.15574,Kapha
399.6278074520644,476.8445757397852,0.432810409863823,308.7865521815555,147.59589403448584,268.43611178473583,0.469344441432691,0.366439743618387,27.995532,0.4620237050707873,154.85856,Pitta
425.7947002732611,511.73417863682977,0.4228363828438788,345.4614401945061,163.3343479860452,279.0306356660994,0.3748324349844529,0.1685170106822393,19.71368,0.4564182095987366,130.672936,Pitta
436.3420284617771,510.26218253603975,0.461156096411602,346.9059816621795,153.4563498093667,276.6088904320362,0.7459164543166458,0.185034041900592,13.19036,0.3152048971834031,203.860916,Pitta
373.0022326054803,458.0981779584855,0.3932355413713322,283.2042728412016,152.28498824767368,275.2021332252329,0.5092236308791432,0.683102377046938,49.555316,0.3030409078613604,152.473376,Vata
445.0828110022545,537.689943111524,0.4157046215111699,354.6176337334063,159.49294384192933,302.16909652408134,0.3882656891462177,0.2587283144765333,18.835572,0.3323131036719895,121.52472,Pitta
499.3792064619456,524.4360884370817,0.6224165172714965,395.0168684924776,141.9502382981724,338.10542113867206,0.7369663895541367,0.2556697521929018,13.089392,0.499304318274111,217.576148,Kapha
431.0352636156848,496.6216888739638,0.4824195266004278,352.6424390950107,133.46070976608652,286.9757294465547,0.5343048860156565,0.7063032921884231,26.286876,0.4067718794612188,156.296112,Pitta
394.30344580620215,503.8148060927492,0.3407404758700011,325.08257131929025,152.9242565950456,263.10657040215256,0.3099229190895252,0.4292026084851916,11.70728,0.5415587241064462,112.546016,Vata
429.4122742296208,497.2057260388855,0.4753043919064316,347.89910564530584,155.9828983632088,277.99321006960326,0.5208153052867831,0.3006735629482188,12.676616,0.4411795369670998,158.141992,Pitta
477.5196499473642,490.4708621829232,0.6579164309052695,389.8453586502487,126.52935897567416,323.00811044240027,0.2627511548852571,0.4129638560755574,13.00326,0.5303101730002497,103.533532,Kapha
497.0431832363139,515.5479805564316,0.6421575403338128,399.9988172954796,115.80668829086044,315.92497677118723,0.5180731827187283,0.3780254843963733,14.993232,0.4302316359673816,165.034744,Kapha
484.5406592983279,509.9913458374663,0.6188862328380331,377.340760354085,140.79441692553823,309.4510183274515,0.8317376747959662,0.2443879706740648,16.052916,0.2654249035117418,219.837584,Kapha
376.7198441005431,459.8059224477878,0.4016417606886246,301.25872960958884,140.3749082745489,264.4818621905249,0.5178229137678987,0.4289725352544009,28.813184,0.1643383698950422,135.82514,Pitta
378.0841551202892,476.57404448441497,0.3585161627708821,313.4336844761684,123.66029498957172,252.516513942044,0.5411635435354398,0.3524191893027729,37.271296,0.1974467665308941,146.594416,Vata
403.28172341926427,477.7970945324645,0.4427374794748384,313.02694759111665,149.40886034293348,281.6761315408178,0.811390740867531,0.2527038581893622,46.539864,0.3662720480683644,221.02266,Pitta
400.9076597283346,519.3236026155081,0.3230424573854072,319.51136968752445,156.8327517866316,265.60232154636327,0.623531586261278,0.4604897799701301,19.270596,0.2559964250153313,165.726844,Vata
409.74480031049615,515.3874012997996,0.361315272941373,330.74637963610365,158.58351734391923,276.10663265273706,0.5901981579466774,0.5542144647246763,17.610228,0.4632745513139,176.789052,Vata
356.7161280670914,427.2103938401114,0.4276981680833588,287.44164522279004,124.31797512120464,248.73867335250247,0.5543419335259019,0.612455619927184,17.103804,0.4996193678494736,162.2417,Pitta
479.7391935406334,471.7319096142404,0.7299689962805369,386.97551397793393,135.57325860831918,315.9183683043504,0.7154075214087109,0.2811492867041908,29.93134,0.3113498740747033,203.362828,Kapha
384.3582445667005,526.546258293043,0.2532496124155522,301.4843156362807,158.59606560717404,250.4446352720321,0.3878916301731246,0.5565984601997945,45.878188,0.4622739654766572,132.80038,Vata
405.78677160369375,481.0984720801923,0.4417657559614424,327.7106156272543,141.4145493654593,273.173961409582,0.7308369674370235,0.2527744776561825,19.33236,0.3723375500200073,211.179628,Pitta
427.1266066878308,470.534262345092,0.5485481200938563,342.57540918341545,153.33422223166522,296.3538532992825,0.2046654209940333,0.4862616792356448,38.264552,0.5651245944008924,89.242788,Pitta
481.94266681324245,501.9507567187465,0.6355681370301207,379.7302804667031,148.22986534688496,313.891149792614,0.7507462116320159,0.220257790490906,14.026616,0.365225917369399,204.32606,Kapha
425.9448869909511,479.28926857663527,0.5169115560412763,339.61060871079883,145.6168466230055,288.22546612687006,0.5460128857205993,0.2535405391325672,23.813664,0.3726781573865663,169.224936,Pitta
417.5434425614636,492.787594282698,0.448160966489674,334.9985519711135,143.88454249301606,273.9427688336727,0.5230671238503021,0.6647531542671736,22.48602,0.2551396481762406,144.240992,Pitta
376.37074654039577,511.223497098903,0.2636383660964678,297.17760803367287,151.46508120515233,256.4116366990569,0.2781453642011215,0.4058795505857217,15.707072,0.5346426912752521,111.965172,Vata
375.3009156408809,530.9048337390697,0.2149594402707418,297.38297073348883,156.13317686446,250.81352458532285,0.9236926517488286,0.2809653807070512,38.124596,0.2826908120382125,231.765084,Vata
467.87692288161935,520.1701304803247,0.5347967759114164,381.0018001372622,143.35509369239713,316.27105081649216,0.2347893587054786,0.3055212666782528,30.558516,0.2355684066266862,80.194924,Vata
479.8327569162179,493.6320862560063,0.6553435706927131,379.7330183018087,150.77338452054258,309.5542156488331,0.8824013048981358,0.1628364989552398,29.325336,0.1254779509525392,213.854296,Kapha
412.0035486656584,461.6960807127092,0.5230048647506089,320.93697088000914,152.7466994919723,275.6241965153451,0.7058229951574804,0.2401615874842946,20.827048,0.2051060685472789,187.336432,Pitta
432.5979600692848,506.9501457037492,0.4581685640777287,331.26451676256306,171.31551011765467,288.75121839537,0.5008285242712321,0.3957891369467863,19.029144,0.5316555189230967,164.341576,Pitta
384.5926069123623,473.4750122734134,0.3899728174484639,303.16113560709084,147.76929169283906,266.7530001869658,0.3234385862228307,0.2900146749365061,42.711056,0.5647242621563591,120.638172,Vata
405.117625643507,496.8730082048001,0.3950518523538421,313.1372717427283,159.01465042996767,287.9901093515113,0.3279872926301412,0.3562790660278894,29.25276,0.6428122611764525,135.798424,Vata
487.8890599403889,497.7932174846031,0.6687285654087269,377.4519311114367,158.40378878307675,318.4597185521858,0.7616973444120554,0.1947717864368354,14.074324,0.3328520286944108,217.462872,Kapha
414.8583944526048,513.0517158529698,0.3838818047684108,318.6599506220548,167.12282735831783,295.2597592978494,0.683468772607381,0.5091194876979742,23.653136,0.3704380862001837,195.187156,Vata
402.61478033234266,495.6379031907117,0.3900390996988829,321.10933862346417,148.8293706668979,275.0781389868968,0.5871493395283595,0.5725685312678982,81.927124,0.3557812162591578,172.801772,Vata
435.5895524361018,509.1449148146722,0.461818129382994,340.1724470976155,158.6982708970867,293.76421873046934,0.4489264521518755,0.4964860864149847,26.91036,0.47197304594987,145.17064,Pitta
429.5757532724,454.15603254663785,0.6118788976578262,342.0649714875712,149.8659405472313,283.7028548521428,0.8052635461280271,0.2081843257042047,32.917112,0.2634026812655111,212.324484,Kapha
351.8462272099843,432.71716025943925,0.3913556759549876,285.76610087966617,127.27005561665987,254.11995959054505,0.1636671849968339,0.2760753352807256,65.95718,0.3451999530844034,68.621716,Vata
417.8155571085882,487.9980755047904,0.4628997819994762,347.78689186884253,128.90920872242754,282.8065728980398,0.5103041498171905,0.6140868112010853,102.87096,0.2872456695918465,143.960052,Pitta
413.4512024559341,465.0481684533044,0.5174915713272602,333.7038076321778,125.32801850501818,280.057567190026,0.2025569572561019,0.3803052965445232,46.222852,0.6409880358476212,102.195836,Pitta
506.9260929508491,470.1848148820467,0.8315669744346593,394.8848443580862,160.27898094537608,336.26023000530165,0.6011604276147627,0.2376039425069327,24.178212,0.3352109081598161,174.862504,Kapha
359.77419419302515,497.48230195979767,0.2420030649329796,277.1750401520809,151.32995383999588,253.7256322040829,0.6778732789896005,0.0,15.655776,0.5639158324202979,202.925628,Kapha
406.8171829403829,464.6684388498095,0.4949848878184526,324.15147710950214,137.34602554872504,277.16919545153803,0.2497890613204681,0.5538325951326593,28.026048,0.3161228000211215,84.178116,Pitta
362.3305602665228,483.2453406625328,0.2861781365619473,285.6026378114277,146.22779162935103,245.02612543323804,0.5664839307347369,0.4666452041440069,42.664824,0.2729706472313113,156.085456,Vata
456.6423796767072,470.3282962776477,0.6534434890535795,363.7126715997624,143.55482886677612,304.8292554561555,0.4542571888311341,0.3736966885443583,18.511756,0.5078456004203767,152.797876,Kapha
414.61113563426255,489.0292705305714,0.4490174007507888,331.0427543820076,143.21067636022477,276.18589919502887,0.5084206512177897,0.1664350593423156,138.410988,0.3736173133676904,165.71006,Pitta
406.6817757887954,494.1328254597211,0.4078194219474594,336.37508320195826,142.1246987011284,284.41232689366666,0.6189991938899702,0.756103547851885,78.439736,0.1909105893255268,161.227732,Vata
450.4642895664256,488.3013786428936,0.5730717702344672,370.4474152628479,138.4957697423861,289.0618007550005,0.3007783701487415,0.2862350039820793,19.396192,0.4116359795359407,108.983416,Pitta
474.6351020185806,459.9784425174984,0.75470007800234,364.755217493762,151.83163715770573,337.0858050811501,0.5372093262186746,0.2559099528577676,13.008372,0.5104334702672744,164.853688,Kapha
477.4503799065226,508.007038061574,0.6018681092622195,392.6381223418884,142.21718123652022,296.8261227778377,0.8221089421224558,0.3409816755871176,77.034596,0.2406031733255798,220.240428,Kapha
477.98771610516377,496.38481975674506,0.6402163236486905,380.7079737977341,130.68858183138917,327.2443000395044,0.7253752569410504,0.1953623306096427,17.223352,0.3620658501048038,205.524044,Kapha
461.02876933675554,484.338891610549,0.6218368449160921,378.322867242645,147.4542217735347,299.5138068017358,0.529111183225527,0.3912705871291049,18.968228,0.3616591874958726,158.017812,Kapha
483.9475714851776,494.00389652808286,0.6679634497639617,390.9176129931264,149.17230614523498,333.664284223574,0.5318998599922609,0.2846342557770537,13.928692,0.3974829559580849,162.234944,Kapha
390.1640484781885,466.8438043703735,0.428959234476142,313.64061999164164,142.84550379777352,265.27799340175045,0.5461771899355923,0.5739809661774607,29.960968,0.1971266526640131,149.266776,Pitta
442.6140619667541,442.01965301438827,0.7040089683900179,352.3305421181568,143.18599634906258,300.0674446618778,0.5717819590761304,0.3506332717849146,13.422588,0.4123619626060817,172.384708,Kapha
429.32006685833255,490.1045759661825,0.4957763824315764,330.24161019534483,154.34348081384402,297.0577686435248,0.6084371297988049,0.885870327834223,31.954836,0.283125716512845,163.221356,Vata
491.9451388609794,506.7156758862805,0.6533589290703838,378.99658911746616,164.43916362208572,333.4869954398378,0.658901519970507,0.2925439201532419,10.120364,0.5065085261736766,205.094992,Kapha
404.0433122473143,486.5019508791616,0.4202532624478736,334.27796171063767,137.02304818145905,277.2190657137951,0.7900345841510082,0.3505923911560447,43.817768,0.0215074890067735,184.40488,Pitta
370.7751557137298,477.2141023730344,0.3313094773702628,298.0032802358488,143.32548998528648,252.12669982723023,0.5508121620757137,0.4972172474223519,37.626556,0.3927209351194032,163.050564,Vata
361.69630931126966,439.5799378875446,0.4074896122017746,269.89200336383976,140.59184153252872,262.46988209299656,0.6759466776234917,0.5229756169497355,21.560252,0.3093979948376638,183.877296,Pitta
430.7271198023223,481.6605328241464,0.5261356863794829,331.9494974741134,153.83242382951258,300.6241363216096,0.6379007002152811,0.3362307736391945,28.687924,0.4131347397298531,189.72208,Kapha
454.7220397079999,481.552760033819,0.6092311327306054,360.18774885240447,151.82846361897134,301.02442339413165,0.5434603912463017,0.3027456012897364,13.223716,0.5845063301618264,174.654324,Kapha
406.9367513428445,498.924449048207,0.3955396164446358,328.9027780812512,148.04725827079645,262.5352623803542,0.6652787027303315,0.5905511564625258,32.1109,0.2328957943017132,169.73182,Vata
357.285248394236,462.0933240357623,0.3250490316561229,272.3082693226653,156.9821991609853,266.9184427105287,0.6606916091755758,0.4691040759286567,100.787172,0.1898954352096826,174.738092,Vata
387.1233247900565,473.3757061429805,0.3991355573609257,304.0948269033306,136.80678323796332,277.303070455982,0.6138467678182383,0.3418764885357263,23.198648,0.4344188597187198,172.699048,Kapha
417.8411555627122,487.5113164849643,0.4644068934164543,347.4122404062004,137.15243116713762,268.27284369669115,0.4230580096619226,0.335752189230453,14.081972,0.5624131051980293,148.056088,Pitta
427.56119379723486,488.1034316635975,0.4957562448305805,339.9066945335496,146.37788414754422,284.5076699886173,0.6510043827567421,0.2427243650111064,12.60664,0.4374471203560616,190.1014,Kapha
404.6345923702061,471.4158545406263,0.4664810905291514,322.34486344572343,137.01349283441928,282.50474242704325,0.2865527715520455,0.2178814888993793,21.635716,0.38420321880967,101.483096,Vata
446.0585147608842,505.0234599375638,0.5078461389151172,363.5083375859279,126.91939546085032,305.0976871225789,0.4077347553661138,0.2355538756602908,15.9853,0.3870397791320669,126.48294,Pitta
420.2640352686917,485.3154842684678,0.4791402075727939,324.7686453153725,153.14825692726112,284.89462658395115,0.5865428306253104,0.5697339731181645,46.529776,0.2051201810396436,156.301404,Pitta
465.2834342467988,493.4168091990186,0.6070712618611236,359.95628990261446,154.00503112355332,317.7160524278377,0.6934222408831427,0.5575652275247395,15.53236,0.3762474025248802,192.866336,Kapha
430.31069175392,503.7084252652112,0.4597480652644392,332.8130745200856,158.05349538806112,293.66505075636337,0.6746259229670885,0.3268230530965039,32.990628,0.3808751352334645,196.62332,Pitta
387.60229568430935,477.3870571568436,0.3893883904326354,314.1276814108629,142.0474280360529,264.8307905563641,0.244246523103685,0.2737145001225701,33.987112,0.5825211616485391,103.610196,Vata
454.70561481174695,458.7757004571211,0.6870398992201819,347.23259702263186,155.34417969377824,311.1437927984899,0.5858242505155277,0.3118134346466288,27.925748,0.2969721985250892,161.979968,Kapha
363.5339651472161,504.7097589579419,0.2371750889847661,286.90793092918847,155.43082969024792,247.140930227574,0.4008594025474939,0.1900596750294192,9.253688,0.4893947489644199,136.940332,Vata
397.1105118671545,503.6807011377089,0.350343326705366,314.306869142783,146.99214017781082,267.4671603777571,0.3778674878078166,0.6083226637137713,28.178048,0.3261135330428816,118.458792,Vata
348.4349878473094,432.87249008225785,0.3777818511864568,282.1859487594078,123.07293248790782,227.216516265161,0.2364355713568711,0.3594686725357301,0.0,0.0,72.872536,Vata
399.3589364222914,521.3242024352545,0.3131875252573356,315.0948569357335,149.45831981322,270.91023447941546,0.5755185756470012,0.4700900077788744,25.801032,0.3786594570512291,164.006552,Vata
376.12241196430944,478.22421211043655,0.3471557417063622,301.15423728725364,143.07595429201993,268.0218601130377,0.2134059316630917,0.4643209812612172,1.558092,0.0020117560437592,68.309248,Vata
409.8804582504998,504.8317258387592,0.3893724691512186,339.0256347720939,125.23906986274432,269.6752351081336,0.5406231536343941,0.2471271601530014,30.139796,0.3383544995960046,154.960368,Vata
335.04802533465977,517.7721693908293,0.1156126882669413,269.5531267095579,142.33580315873155,228.90955740198825,0.1414358896110051,0.3330292357608989,21.416468,0.7825577562190513,85.037308,Vata
397.04141524299376,492.4795579445161,0.3798948443499352,330.6775608426858,134.17431647253147,248.7915392723759,0.5182729644437493,0.5348390331057417,0.0,0.0,129.053312,Vata
370.34787866247416,490.3390389219463,0.2953192070246207,281.7325910516922,149.2174717634842,254.90614594493832,0.1295819665729616,0.1150375591929772,0.0,0.0,51.5726,Vata
400.91042681454087,492.849580337014,0.39192855171422,311.0533067306365,156.82414018049397,284.12442342314193,0.5676346421671717,0.4064633497054818,22.822532,0.459724567364328,174.240816,Vata
460.8525369721892,462.88035391488415,0.6944988988358864,354.76454260943467,144.1196836045858,308.55405805678635,0.7381691132637167,0.4954445935833156,23.332564,0.1909529774455362,187.407772,Kapha
425.96953745249255,533.2377134776199,0.3676488328389218,343.04446808581565,151.42712549512822,285.5126872294591,0.4412721994298395,0.3698454772437346,28.214596,0.3398230597314953,133.34346,Vata
411.1133217736904,515.8328490336642,0.3645815479337558,329.5549654116372,158.900606719085,276.584756068967,0.4396953364813069,0.3875604313607197,10.621376,0.5583014575571181,156.219852,Vata
462.9811612952788,440.32756648060007,0.7872273632314589,388.2296663186466,122.286048941946,322.8768495405668,0.5438788372398594,0.2964103012494672,25.807884,0.3841399151656894,160.15612,Kapha
443.82457032104304,524.993232608527,0.4449750184993107,367.56556413016784,152.78978556431264,278.27439771642224,0.5861937544010775,0.4642735240025818,32.67242,0.2261831434178998,157.884512,Pitta
418.9355728450854,463.5522073854791,0.5419082751108083,329.33968075225334,146.16904346097647,290.6028981539495,0.4606664177354802,0.4334653655369975,42.317616,0.4769662854583123,152.92146,Pitta
393.49522766885207,479.0714162194275,0.4050780584045623,327.2110096658825,129.10774102432717,255.5515305961412,0.6350052297220948,0.3932662606868407,12.298812,0.5593388607937001,199.16394,Kapha
444.6926706183738,492.35577506979786,0.5409834511346294,357.3702831628798,141.19032199712686,297.1502400723089,0.5763482437067352,0.29146685195071,15.058112,0.4227536187063855,167.046548,Pitta
483.1351035631647,496.0598064433095,0.6584993371009481,366.7002404709475,163.46793964246558,324.657423585614,0.7908681250384774,0.6513875845258285,41.983516,0.1838147572644561,196.79906,Kapha
394.4044212461893,474.8074838112196,0.4205101927336655,310.50289650470563,152.13218644599786,269.0006543112192,0.5111823385891686,0.5978945166398737,21.885784,0.1908606047682398,137.231156,Pitta
504.2562298182352,493.8464269931639,0.7367869368091181,398.9951014398089,150.69344498947993,336.9146975248378,0.4477264976144585,0.3466212673915777,19.008884,0.4841080844053989,142.796884,Kapha
438.39015521467536,517.7155144975333,0.4472788791144255,340.18204907545135,149.21705569076607,287.8067194839016,0.3265943388328558,0.3990692894635967,27.06356,0.4064733394762064,111.539132,Pitta
385.6584114616864,436.1227281723752,0.5095827945892131,308.48346718494406,134.94357242962187,257.5569548878945,0.655634940274575,0.247154406587081,37.755228,0.383093970157413,189.904872,Pitta
445.0397246592643,516.9763511278601,0.4706538843409903,360.5399940320732,156.9942222861382,285.77950290366994,0.4635417414978589,0.4786513581510884,10.322928,0.4752377245962645,149.043836,Pitta
394.4270172692416,472.4169229051399,0.4275713111534611,308.1730336672985,137.11498694222817,283.03339577968984,0.4518524036053177,0.4412729003815922,11.340908,0.4907662603934455,147.422036,Pitta
385.1487702214648,384.5113995305169,0.7045286103182621,294.3794595403551,106.6795051288703,263.4843248242776,0.7079737188705919,0.4518117607894352,13.901472,0.3890712183888611,199.545464,Kapha
477.8863357729401,497.0454835028232,0.6377516396883466,380.6845299920013,138.04327209731136,304.5566990565745,0.6357073753970853,0.3581057728693899,22.289648,0.3761509108904821,188.100256,Kapha
424.18025523501655,450.9795731505348,0.6030729514533907,334.5357003244347,143.2995123704246,281.4307538736916,0.3936793404586408,0.3934960725125148,20.48346,0.4691426640631257,120.03052,Kapha
455.692294004356,474.82434666894846,0.6348501959771088,359.41503516539217,135.3167741750178,303.2373339819312,0.7378214818249599,0.1400865662004949,96.984788,0.226957794329533,199.628088,Kapha
465.8516171974491,483.6208125469565,0.6407481342253807,356.24188424208484,143.55371278826243,314.3915724468524,0.4892282614165945,0.1631038451773741,38.134116,0.4282717382687712,166.219604,Kapha
387.88723923719,523.5961826008283,0.2712755944577523,303.9396516754952,161.14174245989236,257.218938632062,0.4072017900570988,0.5679808575818389,29.096108,0.5621963704020116,143.700512,Vata
449.578407978122,519.2074514342246,0.4790290989582604,355.83990543623224,152.98508888303456,300.2411520666796,0.4695503233630561,0.3769757466430312,12.76084,0.627076730903941,164.002568,Pitta
384.5251672583935,512.0221836805864,0.2881833257422508,305.06624563169714,155.01982141256562,258.5612377414305,0.4509377139335995,0.6360609859461743,42.57598,0.393734249209329,139.619156,Vata
477.1244151958699,449.2934844665394,0.8046619075540159,369.375630888676,157.1525053447293,324.90291319886694,0.484981254309775,0.2185908982290025,14.528536,0.6138075106009127,161.379912,Kapha
438.91199642074594,477.038723929764,0.5690246689593259,365.0965061033871,144.39864820116267,288.3019057570709,0.568839151792132,0.2918753635698143,26.129876,0.4328876036542307,180.08478,Pitta
355.3079498027644,501.61993580766,0.2173063071412041,283.9267506131062,142.62399628570182,240.51394367040868,0.4209991903582724,0.746933368537212,48.983008,0.430433363579533,132.596484,Vata
453.4612684275037,481.8593623336977,0.603887289074067,342.5391740615271,155.6287732802405,319.7234020404715,0.7457391871652963,0.4238334424245215,17.204256,0.365816835784743,209.423296,Kapha
383.2960758719352,349.5755632863001,0.8619943789109173,289.50916249098054,127.12230589958004,258.45541333345386,0.5393701834965848,0.3152260045914268,13.061628,0.4187369096504734,164.421676,Kapha
464.9714504992773,517.7101969867861,0.5325739463824727,377.6518592135024,157.25319899461343,306.30039596802214,0.3978892045388418,0.3527882179097686,13.74314,0.6533804922410327,147.431216,Pitta
406.62561986695897,469.1964259552983,0.4802732003277477,317.040068658049,144.93368096362386,276.4790352994675,0.3701705737813014,0.3603807171745146,22.482912,0.4841219436831876,122.647292,Pitta
410.1007114777543,469.9274789215182,0.490316636668114,321.06218643427644,137.2891870719134,278.22844089784405,0.3606155452335444,0.2998487182121814,11.329196,0.5379545859995702,129.49092,Pitta
488.3030469853655,464.560275117712,0.7866641502974758,384.565833365168,137.32584991803063,322.1507345275604,0.5927445923485606,0.3827691473955951,44.125352,0.3668512173273857,181.832028,Kapha
385.3145486223644,522.5812310435381,0.265488380927242,306.928832249548,148.08729038048804,266.0919572631613,0.4206768827982798,0.5520402192771604,15.023484,0.4755153997002209,140.898704,Vata
400.6782948477931,488.4509424967021,0.4033064060942198,316.6017315932009,155.70766626045346,275.3643645872584,0.6144728415246115,0.4315063588691428,15.177944,0.416027057901868,178.524952,Pitta
441.8724992788699,448.4158680958837,0.6775382325809164,342.6725228615485,145.15950483320904,305.8609600145141,0.4847956395090074,0.348476736296592,31.60048,0.4670282041873723,157.633132,Kapha
452.1586206143084,503.4648186924778,0.5325125258715228,365.4939740636073,145.2237866905757,305.6028443512309,0.5396436091479644,0.6498562970433253,34.886836,0.2684133588177486,148.605,Pitta
391.8206595742242,499.39869417600704,0.3439780076373502,306.8977468302453,154.16546861530824,255.5570413114023,0.5550000734432617,0.2777494774430004,16.071596,0.5771998910974752,180.261976,Vata
387.28312323062937,480.3599244140598,0.3799386358219001,298.2266918543737,149.1750671941331,278.40009068673294,0.4526478984752457,0.3963543372062449,12.007568,0.6616028928313535,166.47196,Vata
387.87745406289946,462.3772656375135,0.4341547129782184,296.0530456523921,150.56964029976604,261.48486702942216,0.7145401083284098,0.4207207564135976,19.096892,0.2529629143957821,186.856708,Pitta
368.0354143792982,477.6855163298562,0.3205095281570345,296.58772368718394,141.15319502070514,252.35126084279983,0.4990538461112435,0.5838719534149915,34.345596,0.3304517064434129,139.081888,Vata
418.16375072959096,519.405198173628,0.3780229785488747,337.7306860977503,145.04257437103087,274.3698503932736,0.7464275873117976,0.1532618522165394,9.19668,0.4453680943152045,221.016876,Kapha
386.834880805238,458.9785311127708,0.4406995374142773,307.9109406077385,147.2282848593731,267.1944997634463,0.4296021855430432,0.3671555638722482,12.437116,0.5626269702288533,144.47378,Pitta
438.0383658560809,488.0791925151106,0.5314830309584578,341.1337628585298,167.06597069689755,312.69699134077445,0.4617705147698412,0.5006036870500877,49.4352,0.5122873385824602,148.734252,Pitta
462.18982490061103,472.933628128652,0.6640425937262497,360.6234999008241,155.32622400730062,324.6990750403196,0.3589688108540633,0.1983221112308872,66.135604,0.4660815192928574,133.18482,Kapha
477.2511908934649,505.6544324363328,0.6084767944628169,385.5197943414346,117.60725161609484,308.7116604240447,0.7579429088203109,0.1789897938972938,11.196148,0.4406496432645531,222.653864,Kapha
437.45664387543866,502.6637182007427,0.4863096894658742,364.7260465836003,139.4055131910216,285.5208429406948,0.5551189471816129,0.5482760151847538,13.658096,0.4879934088583507,167.677552,Pitta
384.3715460453948,455.04601024807073,0.443805999276086,298.9733144146145,149.28018288974553,271.70639079324184,0.3380579289947336,0.4409083616814138,27.567492,0.4713407691537919,118.707552,Pitta
417.21390805013976,514.5850108315425,0.3874829636513199,338.16843298162286,149.2785734833167,267.8160090667103,0.6415740873551011,0.3694475328199074,14.267728,0.3946686109944823,186.732028,Vata
500.1792823403102,513.7613353171758,0.6578652203664643,393.246811976485,152.33300093079944,321.47953334734933,0.8030163629179112,0.2635282489270116,22.405184,0.3708950709858366,228.424728,Kapha
431.7759172780176,488.62630386914606,0.5085262569503596,336.73446799469656,159.5986109753084,293.8028688655219,0.4739594474401893,0.3491195028801105,16.34046,0.5758631882321531,155.865936,Pitta
377.4314078169882,473.9695003438869,0.3634697217026464,295.49225521127374,147.51610470837417,258.57898423814726,0.8378299338199959,0.3954304440008891,10.943884,0.2746160861885696,215.781248,Vata
471.8944255295957,501.2766900755509,0.6044180344740621,364.0560789853815,158.33084702790842,312.05540361235603,0.4328558023026189,0.3464247644463775,14.633972,0.6958613731900729,154.938704,Kapha
441.7347252693641,522.7001868559183,0.4444941589892375,349.8603443969636,161.96201606425913,297.15363368285995,0.6186723312424345,0.4867366698190239,24.311392,0.5208529630899579,198.052864,Pitta
460.0370840816989,491.9298381765608,0.5940917158765887,362.85539121677255,146.49977453537664,310.0375090619672,0.2783313000653284,0.2180417015751055,12.179616,0.598827403813236,112.53578,Pitta
399.1450272770506,473.01014792949775,0.4423993129941359,310.6093256972796,141.73497465870378,277.8068589328823,0.3793390620147678,0.3821964475039232,14.057416,0.7304236941589273,140.60298,Pitta
401.1283947256323,496.476965575322,0.3827861437314328,321.76888021676587,146.40818565997728,263.38565408434886,0.4550070525597706,0.4458188313882086,13.057232,0.4388255192215522,142.026948,Vata
419.56149492865126,521.3474465232213,0.3774943565534422,329.88141383827593,155.67935378875927,269.6307786914197,0.7764494669825182,0.2112254843300443,17.04192,0.3338675879535766,215.211508,Vata
383.8559964781269,476.70934262389113,0.3782526190543171,308.6212451445504,142.56761967886018,255.85945224633443,0.6830320460642558,0.2062708770909967,109.612012,0.1372188018372439,174.657164,Vata
403.7972958053218,488.4915448223762,0.4137983712127763,334.68214612379984,133.9451485831143,271.1297701491212,0.4607178681516065,0.3786729096400087,125.325936,0.2163316446509535,132.6421,Pitta
445.6638588342637,495.4116067714265,0.5349860736252164,366.00272565686737,153.36740341229867,282.94682197315603,0.5729087312158826,0.4206062738159414,24.221052,0.3964777109726451,174.5719,Pitta
475.60077639665167,485.7216336656856,0.6671662336594036,379.53190588561495,143.02314011983515,320.1867785123829,0.7275965343449186,0.1640089448166382,14.930284,0.2562342947879527,196.14614,Kapha
398.3740113773305,501.8998619399663,0.3591711859829659,322.63579351747745,147.911476468179,270.69022547508786,0.4680464220810738,0.4608078460427504,16.085272,0.4240860000429452,149.375948,Vata
457.5526155774679,468.8585793560991,0.6617231461738128,354.4778058572494,150.1987820829894,302.3046829552773,0.783451098065055,0.3988242501940767,12.714932,0.2987214216965322,212.065304,Kapha
351.35618133359617,467.21551818087903,0.2898915698136505,266.06107101951983,148.7681300320232,255.03176975183823,0.3969559533870467,0.3753618494597643,19.967332,0.7682421013595664,158.759248,Vata
425.5790214301038,484.7600035567781,0.498999479307918,329.2546694144405,152.17471143349533,293.8048876169687,0.3866502183191254,0.2338936201847366,10.884936,0.4637614154195117,131.647344,Pitta
413.6092310813549,490.41660817372696,0.4416404255555937,332.0657753465369,144.68712865769135,269.7736538229025,0.5659125381453466,0.5306264010725514,17.103328,0.3406808156669462,158.914292,Pitta
374.0864702384675,490.5213012185319,0.3075124109482247,310.7891889146027,125.48539674736698,244.44724026108904,0.3862154382231001,0.2101836777745438,38.8167,0.6589774797033325,149.259524,Vata
393.34052442406767,496.082343020786,0.3577785637063115,322.98573822254303,139.06156126103124,263.6695644225493,0.138944056060245,0.1148041146006542,14.139572,0.7745631812231736,82.491308,Vata
417.0607457555622,507.86349822448994,0.4048051200923391,344.0713908859678,146.4267074551674,281.63793416707193,0.3089701232008708,0.496930896923053,23.786528,0.4556428159243473,106.754892,Pitta
428.26070104720304,528.6882721370558,0.3862645817622167,350.7140912601941,161.31977705225796,270.8719721593665,0.4786190611992666,0.3670100168599507,14.25982,0.4633743516187569,146.354152,Vata
391.9581702847729,479.3735453067477,0.3988925133675256,316.7009419285749,151.64152350037293,258.3938079067796,0.3719997323936234,0.3996427218329011,19.442432,0.5051990185538086,129.008984,Vata
439.4036124113777,508.2254452853771,0.4768539795734825,354.5514480118981,147.1502572574171,294.17561374229354,0.7443244211206125,0.3315913789372035,19.695508,0.4970458637095166,217.691204,Kapha
378.38093048597807,532.3632036450865,0.2213525492910072,304.9687644165331,147.29032034836496,241.35840410686865,0.6668346965553185,0.4099397370311527,49.472588,0.3111018081951581,188.889108,Vata
412.1555082639477,486.6295736461497,0.447580083270725,332.3693238141143,151.7427064931292,284.6303495819906,0.460694932182171,0.2490789881924166,18.59196,0.3678614084375418,139.756904,Pitta
432.3448811275487,523.0514916313635,0.4137336307811198,340.2949973620516,165.8230521146757,290.18101984632824,0.4952099943516915,0.2492069554037353,17.291276,0.3580055712608614,145.228936,Pitta
344.7868369267007,353.1724736120471,0.6623378036864167,256.8183527971641,114.30139521155652,235.12765095356752,0.73533723339795,0.2455349276224655,13.940348,0.2983441488593797,199.07926,Kapha
458.5453460227705,491.8938476509376,0.5891682474784417,381.2556200593405,138.76795794822218,301.12448440391233,0.7746791833783532,0.234779823257756,20.904636,0.4340213297154935,216.936604,Kapha
353.08559748183427,509.28379532600496,0.1923540776940142,283.3491272347274,154.84035509279943,238.8033737480521,0.406352336462926,0.719887807277187,25.587912,0.4157757846376945,125.9458,Vata
382.9230818948744,487.9593449317299,0.3442420234837725,310.02670979974255,145.69365413567772,249.60024864876164,0.4833480045947388,0.2174758134103158,31.164932,0.401611315761007,153.223092,Vata
407.55546968713054,470.7558543969655,0.4787856089310243,318.8994638924013,155.18109162608206,275.64638205789305,0.4158262162264339,0.5530576383976379,17.331348,0.6673456137225825,142.71448,Pitta
456.8833559869783,509.9376283281346,0.5289672157910547,356.02409093667507,152.94331329044078,299.9167714816705,0.6612348886475741,0.2029564088720084,68.139816,0.263045311094026,186.705276,Pitta
422.4714977288044,482.84400426076496,0.4940960304836022,350.79169568907264,147.01394544934473,265.3275128815395,0.5594671294046996,0.2825124033677519,17.193272,0.5588966637392812,183.233568,Pitta
466.7459134620427,477.4462705482714,0.6645503726053492,363.5181397558964,137.06630439348865,311.77601219339186,0.5619021347267273,0.2794713629656496,71.825996,0.3809383375916147,175.436272,Kapha
384.14835825568014,480.75112231061007,0.3680185280841119,300.33033683159505,156.8757298433382,274.2247637957762,0.3594355568287505,0.3985588844387563,27.311392,0.5388870402349183,129.5441,Vata
413.9783546395182,499.8469678106047,0.4164382209048902,330.962249368049,156.31786629359723,294.5055233123594,0.4718305560409411,0.4063463167738444,19.177948,0.2437360622256926,135.495172,Pitta
381.51949172920087,479.65745280335256,0.3619414185932786,293.12357997909,153.375228219149,264.0161557662815,0.6265191618285751,0.5456592272719389,35.845548,0.2476913414254859,170.413176,Vata
428.209559996991,448.2092927171505,0.6276606866797922,350.38889030127984,109.30890287702648,307.8863962624155,0.2335344621870344,0.3810803740266658,76.004172,0.3017732312894348,84.17608,Kapha
436.5641780938076,412.3281600576651,0.7994044538225233,323.86201647890204,145.29800318635844,300.5386270046065,0.61430412268733,0.3521413980798453,19.254736,0.4093662147202884,176.358056,Kapha
455.6590385782023,502.1833645695162,0.547896603531508,376.1255660967809,147.77414473716237,293.49491493702186,0.440479594130864,0.3400727821565045,29.249116,0.4603378530672118,149.199172,Pitta
400.86272800779744,496.7290958382366,0.3812166429161876,315.40864944943195,155.8315412603355,278.27416912655184,0.3765009013454726,0.3933739463847099,13.427032,0.5967533738647716,137.383208,Vata
357.1779741774107,480.461528690078,0.2755812432442969,280.45223846464074,138.58942851554363,252.4632224294064,0.5336899893302594,0.2611968434763853,16.92268,0.4168606234048326,163.336716,Vata
407.7797957779597,490.5553059704672,0.4215065277741748,322.5148332545526,137.4331093204115,283.5548859831799,0.7008749660977075,0.3610913802267843,22.260312,0.2277455786371708,184.253916,Pitta
450.4722692839311,461.2795411473265,0.6628607499126302,361.8597356607244,139.67063388184093,306.4613788974099,0.4855343462831329,0.1350890259151845,59.198284,0.4881715368720262,168.68794,Kapha
375.86744583027,461.9029061175573,0.3923985843768221,295.9181018613065,151.11077950115725,258.23865606946725,0.5409985971935685,0.527595802648703,36.831372,0.3609298957552729,162.748904,Vata
379.0850414899182,472.15282226395766,0.3743761055439129,290.3471206794909,151.8535323578019,257.2630543802383,0.7157713264182155,0.4810563479350108,0.0,0.0,168.422152,Vata
401.2714087851071,503.3405877657543,0.3649586821764624,311.07672188581046,156.4068158258566,266.12880442228754,0.6276370645908202,0.4641654493416551,12.58742,0.5302012232087162,190.109724,Vata
448.483644823413,516.8878424189655,0.4819654109361106,368.2922438412572,148.86723440987527,284.12470546648484,0.5202643604251748,0.3268293818787769,11.686792,0.4441392270972818,163.795676,Pitta
465.4620766648381,476.7560551627743,0.6624283677089011,355.43649726541935,157.36060095962094,312.8579530001325,0.5783750369323287,0.2972854153472783,14.183008,0.5440719800583056,180.799168,Kapha
483.376788355143,478.17137746300295,0.7198567853419207,371.8078417151343,162.44150968106013,314.94774092722315,0.7635712713076762,0.1416828497479915,10.589008,0.4147151363030429,220.517568,Kapha
375.4961912843168,461.9538009241348,0.3909148205084862,290.4968708669659,145.99751235835603,278.9114768021072,0.4453375849624159,0.7456631835952954,64.82964,0.4515231498218652,140.872336,Vata
484.1981108008776,482.4880120669272,0.707662393109512,388.3831701536276,145.70892834830735,318.80759305653606,0.6494741542727483,0.3953022232215213,12.402324,0.624262098963819,206.961844,Kapha
433.7213555462024,506.0366201493836,0.4644145883736187,331.1961475377539,164.12102572884643,311.7483879292368,0.488190524181816,0.4108113596824548,13.988092,0.5763391641110002,156.474644,Pitta
428.2856403104551,500.7654421299517,0.4613703252124753,353.6334975797036,141.1830702188536,288.2500056432362,0.4964502222842589,0.2478818063220442,12.243604,0.3307149483165417,145.413324,Pitta
486.6738193165108,483.3182809627752,0.7133069812921952,372.216771165631,156.54781775475814,332.112945644456,0.7282385207579954,0.2776741841972447,31.264344,0.3610524516100193,207.69092,Kapha
414.103465148592,487.2586578150436,0.4524040384711905,334.35665825647584,152.62745796537607,280.0711762435795,0.3799121201207488,0.4539031456983799,0.0,0.0,101.4728,Pitta
402.73765236504914,497.2361691562522,0.3861127104182499,319.291233351902,147.98370288037333,278.6271473291635,0.365445523280029,0.3915001201151171,71.747144,0.2675045717047634,115.309384,Vata
482.3041440666197,508.6597090807096,0.6157144635020579,376.8234583918909,137.93353733420471,324.89853979573843,0.7870023406327374,0.1889369098810452,12.856612,0.4368483354078922,223.51428,Kapha
435.6172954367513,497.2012812020666,0.496045911055292,339.8887921817115,145.5532657038281,304.6377777415356,0.2463844845450896,0.2535789579993788,17.080384,0.6301809559140594,95.996244,Pitta
478.54681625005935,468.3137155436136,0.7380690770089323,367.8261385238288,157.94097636805284,310.9235474359752,0.4005774085155817,0.131042977355985,8.226788,0.6335831638371232,154.525544,Kapha
395.505956907144,416.3166116026592,0.6187476855046378,301.3275256170479,133.70854370872928,266.8555939852778,0.6081911952044039,0.3602217827084291,15.351056,0.4133063179264981,185.225268,Kapha
411.3056998904559,508.46986359462267,0.384379091538579,323.5953918980862,158.60903182071164,278.76648776696004,0.4658663210632787,0.5747656599789739,17.556252,0.3981259015282951,142.192136,Vata
448.5788464621054,499.5732079073545,0.5322307756849742,371.1209665986518,117.89793917679356,302.8340554706205,0.6029749778406027,0.2748021070767344,16.814376,0.5010525117062786,186.043656,Kapha
406.3928298902172,497.30099279676887,0.3981455051391236,325.4918840891356,151.38330240593413,266.6235246650427,0.4867420264095548,0.219927202199586,12.11184,0.6095455379067621,174.372016,Vata
481.6376427051793,488.5803453436924,0.6781731165787545,392.9554970842504,147.9888841029853,295.7929338807448,0.5552430382008504,0.4092416594782714,11.50138,0.4995203778312597,186.117256,Kapha
436.5299603672602,509.4513693899434,0.4640293540380277,359.1795717756342,152.8069270163117,277.6396338605219,0.4217675152346609,0.5846111017559682,19.712888,0.4333062855150323,135.606916,Pitta
404.5605453700709,506.81617925429066,0.3666574081915695,338.5300748932371,144.67766381394236,267.24020901915867,0.6236734963013894,0.2606568283537884,19.430756,0.2468367084698047,169.443024,Vata
425.2871743495106,503.2260929653205,0.4445272826455096,333.26027671175547,161.31802724721152,288.79462129945745,0.7547861127541087,0.2054298887271831,18.682644,0.4302112099915905,218.882984,Kapha
465.7543073175288,455.8760142743935,0.7377665529454531,363.2080427235007,143.44694000698496,302.70190529190745,0.941784957808652,0.1043770050447419,19.517532,0.1814999371352613,236.978424,Kapha
444.4175438267167,521.8426323744588,0.455339975002323,350.14494723727626,158.3764499956743,300.1484749368753,0.6264504141196638,0.4551208718778501,24.195748,0.3959061550318733,188.406656,Pitta
414.7627396182924,499.78691406187295,0.4192103004229824,325.5944011528747,155.6442547902738,287.76046514418607,0.1477798623713408,0.2812747586859983,33.54934,0.3772069844817954,65.616396,Vata
399.37723355644977,475.46171290859553,0.4359836466624961,328.4449538091288,146.4882078486303,271.5713272826087,0.5079714834663969,0.5473515001501569,13.616664,0.4660892845398524,156.048508,Pitta
514.2192348882073,524.8739065793905,0.6680585973836133,410.05963506289055,141.5491440158071,338.9106581491821,0.7571254612377301,0.0806193582666345,11.478104,0.3006057095227722,208.090284,Kapha
465.90867580969257,492.83508684149007,0.6110272209074088,356.2153908512253,157.4239472607926,307.583357645813,0.5752313442677374,0.1639509305903927,14.527244,0.4642329853647377,183.354528,Kapha
431.7171546101287,514.455037990383,0.4346482926612621,337.8615148741827,155.67666925267213,295.33181562313354,0.7168887275188369,0.2009708445697385,15.418704,0.4985860835699933,210.042348,Kapha
379.1083207484053,490.5720911700804,0.3243841224766086,299.873740581206,146.93364665635704,276.8908848196676,0.3724412347554062,0.1916749267722242,12.723108,0.4539387493522771,122.0431,Vata
479.3221038435007,508.3433084412483,0.606951156657996,373.4950942403818,162.24600266381657,314.8637430495322,0.8165483240207545,0.111084756590626,10.431328,0.3283927512027017,221.468684,Kapha
412.592725349005,500.72312749956495,0.4094348389015926,330.8001566182617,144.8370192510259,283.1488789797459,0.1267743671297819,0.192931577390595,13.337692,0.8517837683919876,80.868096,Pitta
411.3894335800591,486.22719022816193,0.4461273404446632,346.4157021709139,123.9563326180416,278.7298028981114,0.1512820624986906,0.2768750953466093,81.984176,0.3286266033040518,66.966368,Vata
420.6424638876501,486.9218727885509,0.4756859327384471,327.6435693745775,143.94508142007084,294.9510320880338,0.4578554671926543,0.2600554648266748,20.541212,0.4111727319097767,149.510024,Pitta
519.2541856479254,539.8151874171591,0.6385108683324784,410.83294977785147,152.43049175970793,325.33258600798416,0.7044183626775952,0.3205307728739022,94.149752,0.2803173136512907,196.643668,Kapha
398.0978558847021,487.3444666220638,0.3976051976999901,309.8292894497544,150.54648690431952,271.7522369981795,0.5002297208907232,0.7850118662373259,23.330272,0.3910760532342118,144.049504,Vata
418.8976414662317,503.09174385069934,0.4238069799935638,332.9140244143316,163.6305299340072,288.2760570303512,0.6136147593505112,0.244754277572028,8.3343,0.3422188410010983,176.950744,Pitta
438.08672883578896,454.2948289888282,0.6425162446314565,332.328773226756,159.27046123696,301.48711088970026,0.6516108515268614,0.4635527836360546,39.262996,0.439162530941133,193.258796,Kapha
479.7015350031135,504.8990931625017,0.6188829557019279,371.1590867588114,154.49226322103286,308.7455357926692,0.4370831242073245,0.3167189941688308,20.94404,0.7149201928428192,177.774852,Kapha
425.0607983170016,494.8833578275329,0.4674313662116326,325.887347824884,160.83888192558922,288.708229510591,0.5544551284546727,0.5740591234363602,23.727812,0.3201748071889171,154.756424,Pitta
419.96622389552914,514.9010123429287,0.3955349072943513,321.7854434649821,156.1084996915079,307.55153938442464,0.5093938747677609,0.3189707738882605,25.478572,0.4637929153127565,165.761028,Vata
402.3060240781573,484.53164947413785,0.4199072454738436,328.7594542916353,153.86051809558563,277.5205015538868,0.442336885927043,0.5069458964625863,21.051392,0.282623406318102,135.533816,Pitta
395.2502324605498,485.9886387443267,0.3916580932930431,304.8978563792439,147.21464647533745,275.43129017176454,0.4796223844466596,0.5469717446388038,57.573084,0.4446705388014537,156.201976,Vata
374.2677755373364,505.26261129358505,0.2711516540314592,301.52741124513994,151.5293183362931,241.7425795393352,0.5228899369648123,0.2872077873189196,20.817088,0.3930937851419629,161.915428,Vata
399.996759772351,490.81160373875537,0.3944467892429986,321.4943219410215,145.68038208967815,282.6030407453467,0.4073026039769968,0.3131366884846484,9.165936,0.5927100266354725,146.205356,Vata
399.39139490365983,488.78226117738615,0.398009734831227,322.7350998621998,129.82886161598313,298.5984222494093,0.2201976875887389,0.2068402761064112,25.716124,0.6954897048355341,101.236476,Vata
380.58919852412174,464.6206663180672,0.4013723065655604,299.02329919235785,145.74603198716582,258.9352112622297,0.406652891974915,0.361217502290882,48.556388,0.4802578048497546,140.47592,Pitta
439.16213635573536,510.956523294286,0.4683933075904886,347.7135379786346,167.09368109170182,293.14473623877547,0.3266298564758134,0.0887900902302615,10.57732,0.5207096436399858,119.76742,Pitta
377.4306733679073,506.1483636591667,0.2793778760973916,306.50379644082847,136.69948224971316,258.1139480180335,0.7476788317336213,0.4550900433677879,15.072052,0.3691596733302389,207.272416,Vata
411.7389429444274,507.56041885030544,0.3882042625191056,333.26145554696654,143.5415146023181,265.4043602942938,0.4628455956958877,0.7148115298562763,21.752704,0.5286389567991625,145.468136,Vata
437.6936549881028,459.0890170889891,0.6243677596727472,349.48080020110405,146.84968235574382,289.7765308665803,0.7265496869350537,0.3877175064841607,13.019916,0.3098583051747471,197.098932,Kapha
446.35635040140056,468.2083641853217,0.6242554669997898,358.31440484760367,135.22370782383385,307.4756594920152,0.344559764634814,0.2189762815088992,14.589924,0.6722548872776489,127.428384,Kapha
416.655314522924,497.1231882075193,0.432919554498888,333.9375057917473,151.99586141943703,288.90789608215766,0.6283974832800195,0.5057312368182443,16.124284,0.4923325782362139,187.387716,Pitta
452.6598654952294,480.95964203367913,0.604043705486295,348.9234349890604,143.4937409867514,309.7184763229112,0.4690383676428413,0.1607703541387777,12.477276,0.5143088687088502,153.192152,Kapha
460.4553818779705,484.5978197476447,0.6190267823740274,356.51199912371413,149.3964391173474,291.92330867760063,0.6534184587558294,0.2721978290737565,11.276404,0.4596653657964774,198.216068,Kapha
426.0424566884022,502.9983094229439,0.4476570006056471,332.7520890770298,151.98434865187394,285.54091550918776,0.6102890437823777,0.3692222990398801,13.161552,0.5083694844969883,186.864364,Kapha
399.2595464798735,499.34825094344205,0.3688533921493635,310.73618315090584,147.9014560906361,275.78103618551097,0.5545276486589944,0.473144533254331,18.785448,0.3939055235484829,163.792704,Vata
385.7209116186358,420.5382023030596,0.5642602516217524,292.0960874991562,144.0906501178976,285.66448829933586,0.6045724089157071,0.5401036703714227,17.538736,0.4316952668591277,182.137856,Pitta
412.4778874637069,492.519247905473,0.4318447298520853,324.8663076506795,157.73646446328152,289.9360223001461,0.4084589340196172,0.6032399840530425,37.480892,0.658836607994261,153.192852,Pitta
391.6011545198472,484.4842077007031,0.383342575171271,296.8832347572632,157.79888517248398,279.31224903979086,0.1851220285879702,0.3404643303884335,48.167212,0.508091117273191,83.596232,Vata
418.55179966189,492.129052906581,0.4534474809108348,339.91177012809123,141.34081856816525,282.0131192469961,0.6880724611286487,0.2798092421188633,14.564144,0.3207503639199885,193.024496,Pitta
439.1921774184465,525.6171852701398,0.4286696462830625,362.76730688719664,153.23147732911949,281.30240306331933,0.5664766867408907,0.4680435027552967,13.001576,0.4399671962204989,172.024272,Pitta
359.40500808279427,343.8502925312352,0.7769123302063433,286.4541662052424,98.56667170699625,236.5517442943793,0.5810552143230896,0.5779271963287844,15.444332,0.4157872130555545,171.681556,Kapha
477.6981679802836,485.1898682154863,0.6761287835945694,380.2627907710906,149.69448649583404,321.0584365702851,0.4531748237783115,0.2570154235146073,13.317596,0.4331250007596437,146.654788,Kapha
473.8213106688608,520.7229763705966,0.5521716288856883,376.3020805204175,151.57728667599625,320.52094537359244,0.4055200798292135,0.4037157306616502,12.26416,0.5999685237401158,147.128352,Pitta
487.8395487036565,507.891979981727,0.636197606351531,390.6960582879197,137.419504601513,321.6340347898927,0.4046292893172482,0.315834096907148,19.08428,0.5921174370039274,137.0232,Kapha
414.36092869192186,482.243233101021,0.4679716780182184,320.7380484903773,152.71924613553958,270.4866015477199,0.3801351588786442,0.1727775477424322,9.523204,0.512963218928512,139.676176,Pitta
470.5818594231895,506.1705122661792,0.5849934438488349,364.599879148745,130.92839380271735,317.5616156966756,0.3057443185617129,0.2214702241216649,14.933136,0.5796370307478121,120.550156,Pitta
423.95777798039103,495.305653725755,0.4625161446896405,343.80619964694165,128.39967634744227,280.6957975825433,0.4204385132611642,0.4930450315697404,20.681432,0.5003599360791877,143.432952,Pitta
439.0434498100253,493.04181519552895,0.5198648611520819,348.5159738450735,150.87006884960834,285.3341333913243,0.6061766224559637,0.5615478107306917,12.941884,0.3644455438083499,173.448264,Pitta
376.9623075586227,357.2138617351546,0.7936013480803656,294.41351467487266,109.95887715914073,267.7039002728312,0.6735861790858152,0.4282356292729046,29.268944,0.4977911754922863,188.066916,Kapha
458.0880117523705,484.2116492935323,0.6121647793455085,357.55022652935907,136.2797009078936,303.8081430957711,0.8179317462471898,0.1650612850515911,17.95414,0.3434589509461919,231.574928,Kapha
480.65582453665735,487.21623118702365,0.6794103182741649,371.9648591103677,153.51059000654578,333.4108816066994,0.5114584330803862,0.378338994722708,30.167492,0.4657524585109606,159.749396,Kapha
355.19100898464376,471.46048775761307,0.2921551786277683,283.6895492886742,134.1420475741202,239.71466025141012,0.5173929696899258,0.4906215873629965,18.40376,0.2582507775037959,143.655776,Vata
459.4334217824303,487.0459141482224,0.6076088265813623,363.62652073599,143.39786975611938,308.1601248982604,0.7730569702190383,0.2670931754296313,16.890812,0.3774040698267216,208.09188,Kapha
469.2984402525714,455.2045934669903,0.7532015020893106,370.04241022470217,143.13396169974342,312.33878250946606,0.6368835712400039,0.4539329195583331,47.576492,0.227656328939644,173.488036,Kapha
354.9355253159763,445.1666739495424,0.3651128480079387,278.6921048561404,132.16275310546106,259.06300724026136,0.1811702593799286,0.3811190871768589,20.956088,0.4168941490146847,84.47158,Vata
394.3412028147594,503.3492658878216,0.3420673550641273,320.2502286912852,142.78361338631146,257.4652817922421,0.689170297425946,0.3937675359779065,19.544164,0.4498419907284302,188.49896,Kapha
425.89797690382034,487.3981325546384,0.4921937061939611,350.52367279693067,134.2075959056899,266.75909133243,0.4876747157003313,0.5701476162099582,45.581452,0.3272014272659024,150.38232,Pitta
432.6851060975533,495.9290339757158,0.4899586542998468,352.93386691691734,148.33111014390587,287.2192769248766,0.5644397398840335,0.4672028916599141,19.211824,0.4411746583662703,174.738168,Pitta
380.9617683705788,468.5551813079568,0.3912681988559411,308.7320002585975,138.90484772905566,253.52339507596412,0.3811160678846904,0.4013090262185205,20.57902,0.4567270300955315,133.029936,Vata
427.9839794203842,507.7456105192103,0.4408545230947743,348.20091741003904,144.46966449895143,287.29172516040086,0.5871721550990052,0.6410779674657584,76.28804,0.2930925798405815,169.822884,Pitta
410.1781831516922,474.4005893977724,0.4769205075876401,326.4416325872476,149.19388799201204,284.3276778427402,0.3705975881553918,0.3574187493056609,28.345052,0.3670843941898666,119.962392,Pitta
441.6095292218045,506.0954558535957,0.4901374733373853,357.880195207774,144.729278397814,293.755411330886,0.6989609464051209,0.7263726625540706,27.280012,0.2735407345275428,174.778128,Vata
401.8233332468039,496.5158586564084,0.3850057629143029,332.7908106103104,150.1172140205514,247.11416472262783,0.4162033654351289,0.4266576057952359,34.002656,0.5686623902888767,141.82128,Vata
417.3989064884652,462.1416939448453,0.5409669393880754,339.46877523732894,115.61505852368872,292.0778085823095,0.3709294473526995,0.3761007818208353,23.981476,0.2597059341477344,110.296432,Pitta
488.740073099255,499.0585283829685,0.6674334862926127,367.9609639552218,159.55465582394805,329.69795358090323,0.7708190175827985,0.2510184019633977,9.253528,0.3544039484187729,220.26952,Kapha
468.2894144411439,489.0075913074725,0.6314038621831481,356.8871869665049,155.82258616219443,313.2130653496141,0.7880297235716028,0.2347541965969355,36.714828,0.2131505605765567,204.658388,Kapha
403.79796128241975,502.9106730583949,0.3744350991176365,322.5729272927783,155.40874298788316,272.37328101244003,0.5309069311737108,0.2969535993734892,15.726812,0.4460667133301741,161.82304,Vata
391.01147923197857,457.3536885824684,0.4608410461341391,306.60060466769426,136.88102441843506,272.3702007048579,0.5207767576076183,0.1880445691984595,29.638324,0.309041789453228,156.36564,Pitta
493.8197375597312,466.75775696806176,0.798075966464435,382.52736697226027,136.33259729767303,351.104457031442,0.7979134408152057,0.2606217632315736,13.982304,0.2737767305123024,211.625452,Kapha
404.5537952781288,480.5850455503413,0.4390011170702053,334.1647974616156,127.67434218358792,275.44771323016187,0.3183677704640418,0.5957255997376527,19.983516,0.4167006255547931,105.766612,Pitta
389.6043739737997,482.7983036577103,0.3811611203879336,308.1793467716203,154.23962936036764,273.05414632534666,0.5375092195373203,0.5378251774122518,27.727764,0.4740964189786958,165.92478,Vata
357.5584832876572,481.60537021043626,0.2739608892229869,291.47817553088765,140.71407864319548,244.7026195335128,0.6857650383907594,0.5685479802112327,0.0,0.0,162.440772,Vata
422.7857632494732,450.0158391599987,0.601271686906051,326.7861953691626,142.83844083430515,294.3147692442326,0.4628043591104199,0.5821674006882476,46.985288,0.4262423078476126,142.137264,Kapha
410.5499938083853,509.1048347263359,0.3802378401349656,315.5285079214232,166.98701105958796,294.4413211530248,0.5382388964022193,0.1448595921097271,45.87768,0.4467285824696915,175.239184,Vata
442.3732969846577,429.77519293535255,0.7504636910564607,341.09851673040373,160.40457213791368,302.6727350323199,0.7008103922135053,0.2190307429656683,9.619036,0.330019064018992,198.890476,Kapha
403.4147991215179,507.8232209922744,0.3602807178084858,315.7466238501468,151.45344414869444,292.8502742743072,0.3959080825874695,0.4737489292488633,40.442652,0.5120576223191836,137.507692,Vata
460.98484760068953,479.0695549283333,0.6390744616409701,363.447064620447,145.12011046532598,295.5151664625977,0.7863126762989444,0.191936312405314,33.36118,0.1864203352506966,200.86158,Kapha
360.0345437488329,466.9487651933404,0.3214746233753132,285.33962678727704,149.97054872675753,255.3150859510476,0.5239197278794715,0.5250084320687974,15.128568,0.5279664695284281,169.120468,Vata
375.0227496004824,487.9302245254944,0.3174262372419881,288.27332237275994,144.27751419783948,268.9879995214096,0.6102771042357338,0.4037487138054887,17.69348,0.5214873837694454,183.617656,Vata
397.4018957762747,484.8248045193528,0.402272249095039,322.07425070446686,149.0938368261974,262.8119441464706,0.5970284816179543,0.6084997842354889,28.107404,0.3713142761567618,169.544244,Pitta
481.97807849829417,494.5885948706282,0.6594257335816432,370.3037341662463,143.53545669088751,326.5474837964603,0.9234693721933538,0.2618293973838618,0.0,0.0,209.824172,Kapha
390.69083810723816,493.7604323962043,0.3550583085456437,317.1696039469924,152.2694115946049,275.72910595754354,0.4850563430216099,0.5813461760280116,13.001456,0.5139991028776385,153.498184,Vata
501.7891937070358,478.81111935563945,0.781484918255795,400.5148342956784,151.18023549709153,318.0465475986716,0.6850450134955004,0.3613701479547723,27.314972,0.440745155802591,203.269476,Kapha
461.9270233624373,457.6955457424575,0.7171313081134014,357.92074006449667,133.62601488663006,331.9473788460557,0.9443994175267088,0.2243669894453847,62.97998,0.1082149290722339,226.552096,Kapha
412.4109544148527,529.9680769804171,0.3333409735051433,324.1379204035375,141.11833104563797,291.00109507106373,0.4738916428551304,0.3008844118910659,20.53896,0.4508674253560569,143.957712,Vata
361.345843927602,339.5646962762438,0.80831695901305,293.9349850836444,85.38766900975772,234.81308869122265,0.7793956253661628,0.2410085454971444,62.000452,0.2612395366672937,214.490104,Kapha
456.2224737409481,532.2142861116237,0.4646154995097361,335.8398413123294,174.30476336304366,307.2850704989989,0.617056539351903,0.3225256802200609,11.84882,0.4593497929109912,183.685244,Kapha
460.6215982091115,472.8239434667644,0.6589101791590005,351.957624993372,159.13386623950515,302.15560949384826,0.7374980906758601,0.2041518604379702,15.434976,0.4148454574047842,212.559272,Kapha
408.9008419597084,467.118386988278,0.4947670242486279,330.35281767218095,139.60094413639348,274.3113336242807,0.4304622743636382,0.3684031317120645,16.234348,0.5500574324420135,142.179296,Pitta
409.01418917746975,523.5832603139708,0.3383271297222445,312.2254347199016,160.57591359116816,280.4027764087807,0.3394343881578319,0.3157780915219145,32.579508,0.3931118309007403,111.550712,Vata
425.32213661460673,488.7674574877863,0.4861706592897091,326.4225214361899,142.9930468307647,302.6289672494895,0.464990660665884,0.5321388282632113,17.864476,0.5300523330380739,155.9079,Pitta
457.730846092958,476.82054427021296,0.6352779151111351,344.9545334149096,158.04440087198756,310.48561713434265,0.7489236147537319,0.2191513453994619,10.61792,0.3145385377054059,204.220796,Kapha
382.33307640951233,473.1516726003293,0.3829628735280471,292.20080715284445,163.08332044667836,275.0010121972692,0.5994128993818486,0.448142224727322,49.35364,0.3231645792107187,175.16252,Vata
408.3369203047733,494.03313214643737,0.4136599650685376,335.31698494123145,149.10728109260526,280.60422442358185,0.2872254997894226,0.2110412017948063,18.45292,0.3761242895980667,100.409116,Vata
398.75274513415616,491.0271853571909,0.3896444351142974,328.45204796886725,140.28456541464573,255.48325241429708,0.4381237911459854,0.6255806985302761,20.465056,0.3447790260543619,127.19432,Vata
493.1619134982716,514.1037453739198,0.6341164872812376,379.968455205674,156.85501438892055,328.9212158444025,0.8178869779638911,0.251640631749592,27.2431,0.2537971720185874,215.705068,Kapha
409.7389823089105,514.3228997326192,0.3640295558824798,319.99132472049246,158.76836195955744,276.2675806411896,0.2382234532507954,0.1151673788814178,17.826236,0.5955383321626941,106.451364,Vata
430.3923061666045,516.7183567084687,0.4242843632684826,344.5677973051241,144.00189713839418,295.43052225305365,0.5929723467257189,0.3354449556313816,26.912728,0.5064509620600836,188.205788,Pitta
408.7052622097645,506.91393229446345,0.3799824138885712,326.0248015785236,149.99534758154095,270.9662033633944,0.4969437770561163,0.4449337147900274,18.600044,0.3951573826498993,144.236536,Vata
400.06221033523,490.62848347427774,0.3951735912844528,310.52338255763124,157.08920186901304,275.0903809644211,0.4445657283881966,0.6809122879977741,43.92152,0.4820610640116994,140.572688,Vata
424.9856891088146,499.6860263128841,0.4534698993394884,347.5853424398361,156.63049575541322,285.2390084551,0.7299236021519919,0.376617064053595,11.541756,0.4803289750265605,213.995952,Kapha
513.9394517822044,515.0135278953848,0.6983113762261611,408.43850673121005,142.62917215963742,338.771839706304,0.801241925555502,0.1255316040919156,11.08782,0.2890678523230985,215.044792,Kapha
419.43129912627205,497.9562407823449,0.4398501162831983,339.3945538770036,150.4688720896296,270.4060751955835,0.3374607710643502,0.4207480426132156,28.519508,0.3874528902721982,111.197408,Pitta
448.7387445386599,511.52261178435486,0.4979096730433137,375.4688062840471,146.32826078187932,298.60700239743,0.7611047817021451,0.2338484187868355,8.35128,0.3426053646107579,213.0359,Pitta
472.3309581107081,480.333239553205,0.6741039094540083,371.80501395463,159.90610209383257,311.8286590024444,0.5288034439190866,0.5489100616381029,57.523,0.4238874291725069,162.049836,Kapha
376.8028689531985,493.5301737890446,0.3089317723205166,297.7035950409361,138.19249786677818,256.17298896089375,0.6538796864526559,0.4575440461518666,20.702528,0.2613231481202633,176.259616,Vata
395.8565868726476,516.5540108237465,0.3136757704238728,301.169646759421,157.08250312469278,264.99610224563713,0.6268231487060703,0.2627058391549955,18.401004,0.5360684075044968,179.586408,Kapha
410.7987108526013,508.87650594274936,0.3816506406231232,320.1790125988613,158.205927163646,278.8257935769448,0.6591966374704952,0.5955327534539484,22.775456,0.2672882251710954,176.197912,Vata
397.5976166938728,499.3766338107058,0.3632501988606599,319.7631082961224,147.26849627895743,255.6684958397291,0.5142091039625089,0.4513687728637065,20.972556,0.2934611758582657,150.215292,Vata
398.5338443948867,464.2188059630981,0.4667557335484681,304.9712573170096,156.03980228847598,296.42523947589865,0.5694094407259502,0.4979630627062463,19.86626,0.3900054282452689,165.211692,Pitta
397.004095756371,491.1279785247677,0.3834537841894916,310.0021821934644,150.22837328412538,260.7191096659916,0.6884333364342711,0.4956153154079221,21.142492,0.3390030665298002,184.661248,Vata
487.8494687089219,493.8701156734021,0.6815269423264907,387.4675432778002,143.40923712949575,307.15238932934903,0.3927868844300847,0.4791689564988311,20.052584,0.6873235854049549,134.658564,Kapha
433.8714352731584,482.21569985990016,0.5352560837024224,331.95181540972663,147.76419357077643,290.2772335621674,0.7689887151819743,0.370062567919472,29.209972,0.3551908211539373,221.673664,Pitta
398.50015337855694,471.408134605974,0.4448902603370963,316.2160908476974,144.4342211343091,265.3064067348043,0.422379763146685,0.510363955915412,40.084396,0.639860555745898,156.905184,Pitta
385.8672098815064,488.00631119074814,0.3541371439759154,309.77528110285255,139.91154580391137,268.5708481449905,0.2782790469906042,0.3899066435415605,54.470688,0.6081582765311143,122.11948,Vata
426.5742155489105,500.6939972034541,0.4558956686695626,343.1574870712397,163.71454515326192,279.5023927159039,0.7032205151189976,0.2284004165597315,11.156676,0.4409843929339223,209.772728,Kapha
408.2548055646217,502.4006088563687,0.390523664805626,330.30768382391875,150.33366319142405,265.40765850435434,0.3513659483487587,0.5196095091110616,18.112036,0.5408285545553168,125.942056,Vata
405.8247770409431,470.9641148094695,0.472046036880379,322.82391089905167,140.4025329144953,262.04083677512847,0.5704720804437289,0.6946451351304542,17.047552,0.3366802110580629,161.487772,Pitta
423.8506736167722,492.9933813254269,0.4688234874593288,325.6521937956684,154.1149305635537,284.1470538352887,0.613701807675455,0.4958168948077623,21.593964,0.371114928761624,179.778132,Pitta
370.3686099745749,512.6780182825553,0.2407234361069995,294.09173731162537,145.99243302330126,253.7475792515419,0.417288961188808,0.6744156819867799,46.022484,0.4369253126389726,132.213312,Vata
399.09268294853206,477.9634766354008,0.4276921609930694,302.73252457541696,157.77729457813618,275.3218115256031,0.3512460311542303,0.4257864638677761,22.970088,0.6530507224583233,137.340464,Pitta
428.2241638064717,512.7102151852749,0.4280758893672439,348.41116929890376,158.36283064158843,288.020803923119,0.5729625093419428,0.3591275376653802,9.923444,0.4813067715519704,175.99348,Pitta
389.50590363758494,504.048392588528,0.3243289475712935,302.671037968079,153.37952817712485,260.79538513753835,0.404117514195218,0.3305416276491921,20.212344,0.7292726988635865,139.939876,Vata
411.0337195127369,451.3260666672393,0.553491784794824,321.64536824058086,148.10437177054908,296.0726475353239,0.2553073793140592,0.3581523232842139,45.722028,0.3817563050767024,94.210036,Vata
387.35795193299697,456.9533386022004,0.4488050746527399,297.6459330039765,142.76596684466583,280.6251177149171,0.3493352220960354,0.3567120332471264,16.644236,0.4294042826620131,117.094176,Pitta
400.71692132680687,493.4191336533414,0.3897175693474749,319.92907859653025,150.90059593942712,266.561871392395,0.743240490883524,0.2607465416367753,25.231332,0.3301801084892786,202.960784,Vata
395.9296722780903,511.0803832966545,0.3275455905561201,331.16224805841307,135.41751629537964,256.08877652433966,0.6855427822249969,0.4556830964992417,32.198684,0.2815736124482716,187.023792,Vata
419.8056711215396,459.19098588813085,0.5593124327134894,335.7028290277137,153.48895391231238,282.8308472128307,0.737162178052633,0.2645184033526409,13.477408,0.4679366199189794,211.708496,Kapha
341.9931283149139,363.9714575867658,0.6014782938207226,264.43074446126826,119.08100232519546,231.05486763708944,0.6009469404941825,0.3568335276546367,47.161388,0.5162288766712668,194.807724,Kapha
462.0253767052039,487.8919600851394,0.6137158465965142,351.0794306549193,157.4312028831047,311.8881328580355,0.5914531146645164,0.1656651875256182,16.903108,0.3926250511999872,174.847116,Kapha
416.3330097635019,490.2162693787064,0.4514417051702371,337.8647389389307,151.27808780997577,278.1014737769463,0.5495745829165195,0.4078328763550153,18.396764,0.3019919749210882,155.631164,Pitta
449.5474260106233,444.4225877782116,0.7209287320012402,344.09458576535684,134.82826989291527,291.3121805806385,0.560345177711423,0.3081833593102587,31.079644,0.3362139586189312,167.886132,Kapha
419.3551126253683,519.2515939562587,0.3822294446662275,342.63316824747324,154.16578580398624,270.0858384698378,0.530914596563321,0.3844278849430054,29.187228,0.5018703947865077,175.74242,Vata
399.2290621616219,495.3226118675344,0.3795445967960663,312.34891895831805,146.20181929341695,272.3718306994147,0.6259949655647422,0.4866313011781174,31.748532,0.3817225262522744,175.7385,Vata
404.41796793368,497.508452309903,0.3909862851532215,308.8026073444364,158.81530953974317,284.53940893007933,0.614661646893306,0.3322653069833492,33.806632,0.3691070384603905,180.12284,Vata
421.47116128897744,517.9185621311466,0.3924682031200996,337.17377817452285,137.22680064403423,282.8477358087671,0.408561333190246,0.4089177846732295,11.780184,0.6068700220546519,148.741672,Vata
434.2148048287903,494.3346648728776,0.4997723676704132,334.7570083606024,143.37790540675314,297.3121010683809,0.6649673915931303,0.2413347304760571,10.224752,0.4241756548837934,201.94628,Kapha
378.91587271573377,465.2195795844308,0.393646496461032,304.5386862965062,149.82380197902796,265.1841135554281,0.2940554221314005,0.4584290948279278,16.916448,0.5020529118528325,103.371076,Vata
442.2330024642906,454.2964836353132,0.6576697237934982,330.0825290182355,146.15629149756913,313.22527922468464,0.4063067855874943,0.3199428303216993,16.208896,0.4737260673399519,130.8294,Kapha
444.34375205498895,495.1946252731217,0.5312129216376135,362.6339593993369,129.78529807364234,299.804045382642,0.5431196225385571,0.4866037513599333,13.44976,0.3674544250901478,158.486244,Pitta
475.50538688243074,494.5835270854036,0.637704988657373,365.96842515333583,151.54049439277304,307.10004310196865,0.8249281199159102,0.2507803749418055,13.450468,0.2869236481751602,219.746412,Kapha
460.5722722829171,458.0915211940588,0.7107701794663034,350.2802182594849,153.45746043708235,316.8014067707087,0.6634119194962322,0.4941570795378878,95.22432,0.3010879988850456,193.526696,Kapha
440.343041441805,518.2502460278774,0.4520865856040308,366.6458069319386,140.51903321672555,284.8303439908029,0.4989569050190804,0.6062441017545876,21.726368,0.2468706054610348,137.464592,Pitta
391.40777406777295,470.4701259173825,0.4226504522193172,300.3432126945796,146.71230746850742,282.3985629851647,0.5366773441664419,0.5901082006437439,28.307904,0.2950455394598116,153.459928,Pitta
413.57747945417935,522.286843230613,0.3560599112256659,326.96729585484456,169.0318366327807,273.0845707494018,0.4187189777468523,0.5211755903511572,11.29544,0.6101877407142163,148.199344,Vata
464.9661105888762,481.9999185876386,0.6430770459123387,370.75411567507416,127.65136188427806,304.61416962809665,0.7024331873003036,0.422092379048109,22.584888,0.3217166982655949,194.247744,Kapha
475.535546235462,526.0356943916875,0.5423202876267272,368.9369257601525,139.40628439251168,318.91595229399024,0.5466462636202135,0.4906989012646169,100.247016,0.2796538577004308,155.76826,Pitta
407.6925147554046,516.1597560559533,0.3527352208206673,325.7759093172179,148.7904265922273,274.1856208133914,0.2229206065498386,0.2289178256456109,9.669996,0.6389380950458129,101.85566,Vata
410.0761772529058,507.5247524281656,0.3828572489943262,332.94663696849943,154.5577799149579,271.1012225943427,0.6587948265763793,0.392121478816323,16.005984,0.3700284694212001,185.14746,Vata
422.9504439454089,487.2938505185148,0.4824574848360088,332.94581639116353,152.21931441238192,276.7418205159849,0.5341590028154857,0.5204559409446218,35.891884,0.3787328386353314,156.12068,Pitta
465.4620766648381,476.7560551627743,0.6624283677089011,355.43649726541935,157.36060095962094,312.8579530001325,0.5783750369323287,0.2972854153472783,14.183008,0.5440719800583056,180.799168,Kapha
434.0917441542308,501.7194087333262,0.4778906686080952,339.47624787181,149.03547215542488,302.5161137482718,0.5656730448861939,0.3428988814986013,35.84788,0.4266962878202979,172.49978,Pitta
400.71692132680687,493.4191336533414,0.3897175693474749,319.92907859653025,150.90059593942712,266.561871392395,0.743240490883524,0.2607465416367753,25.231332,0.3301801084892786,202.960784,Vata
449.582731249797,465.76959543511606,0.6440518899149619,343.0847380531528,147.57836628028073,318.38590157060173,0.4633103350240802,0.34243653095795,38.890696,0.39918423716982,148.209444,Kapha
458.8625614630347,476.9046043554053,0.6389384173175939,375.5700213057472,136.6658621669748,294.7703900886686,0.6331976826925215,0.3695541638351362,16.024272,0.3461596869700641,178.59536,Kapha
433.6010246494057,510.78048132851626,0.4508015885379286,343.8523649186847,160.56653011320705,289.30081090037817,0.5152575566895694,0.3208317409303555,11.759792,0.5155836184079299,168.364772,Pitta
475.5891303477038,498.8615895574264,0.6242893892799332,378.3110124340923,142.13698981583727,302.58146881306044,0.6408823361089536,0.3048034754087352,9.64778,0.4274763068809407,195.046908,Kapha
467.9894620410316,495.6554616592933,0.6090651962502808,367.8739558616384,157.30917988642022,306.7712929395101,0.7237052454622298,0.3579104733797789,18.621028,0.3839883578015141,208.235624,Kapha
459.396697523953,496.6270013456557,0.5772587913686428,346.8953468636643,150.16673800890896,312.46590782985135,0.6229509430315469,0.405910127800911,13.772,0.2888788360826584,171.554996,Pitta
407.7015632475825,481.24690609098496,0.4479423266523382,305.01339391861063,153.01108043601306,290.5980942696461,0.571194453115387,0.4941396761824451,43.80534,0.4633562214551209,177.473952,Pitta
418.9619850172473,514.6219452977424,0.3930283140116007,329.6032715003504,156.28147427368373,292.1760673516382,0.3810372267439103,0.436509593725891,24.788296,0.5151526978426253,134.057804,Vata
423.4429575007927,490.52406103875154,0.4746316085153036,350.9052708533397,148.87013110888805,275.29184156755446,0.4624975829942971,0.4828710204321013,13.872144,0.201122885101219,123.579396,Pitta
468.0125448297829,505.1986618574308,0.5795167281733421,364.5924695668006,144.63039992073118,300.12081197890336,0.699067880596828,0.2595157413048938,11.295232,0.4382468901536263,204.682732,Kapha
365.4711940404312,460.501241104812,0.3590146308712165,295.00571011596344,120.99886335357112,246.5708802514565,0.6155494274355291,0.2560282149060246,43.758912,0.484933969066227,184.295088,Kapha
412.1839228424488,496.8555618974264,0.4187217315096826,329.0748606313797,148.42331108484552,273.64492415302954,0.303732635384225,0.4773966184666713,18.717008,0.5636285182814847,116.538148,Pitta
455.64002096569175,484.6940123570376,0.6022121178835049,348.6680315079697,155.08351079015517,307.2483267794116,0.8139188947198469,0.2010187827782868,15.595524,0.3044721779303037,223.350864,Kapha
402.1279619007341,501.08537816358654,0.3737574663969848,311.2028395391921,160.1222063966874,286.3668700263767,0.4491727278761806,0.4347140166455296,41.425356,0.392520119079725,146.192452,Vata
391.5455727988704,495.0223268383992,0.3545759899675192,308.6422548192599,142.66168450721156,281.3511319034946,0.4887721908012596,0.9445682138766668,0.0,0.0,123.1727,Vata
475.0900370537825,471.5288434507229,0.7143197246714855,365.73402502520827,162.7228067172037,313.19516041360146,0.6740256748011032,0.280535737989564,17.445308,0.3646101164017277,192.048776,Kapha
408.1923165210405,502.62062169544674,0.389726350012504,335.043966509297,151.63888805301107,254.82378348439204,0.4540784969607734,0.4149532024223111,12.348456,0.5427040642762582,148.209272,Vata
405.30894367722624,488.16080330749855,0.4198719877525357,312.66439022854286,162.44248627354693,278.99734372153426,0.3950513047335908,0.5927719548953254,14.509748,0.5491350392658154,136.346296,Pitta
414.73289569932217,475.62159745200063,0.4891397211156452,329.8596677897247,156.75404535508517,292.858047573353,0.2877797154848175,0.5369614394211238,14.083684,0.7782784974098512,128.978716,Pitta
472.8099010062015,497.6159773314503,0.618976447943381,382.4069567122229,131.6942908845952,312.58149348667087,0.6380495933851943,0.419587194019215,23.567816,0.2753321770092779,174.276652,Kapha
461.1757647032295,487.6838908183548,0.6114932929270316,367.3312705080349,138.2405462068933,307.93396587394926,0.786141589618799,0.3293524307637046,18.36448,0.3848786096075417,206.791616,Kapha
412.8351215282364,475.4160278871796,0.4831357018877596,336.39236572135417,139.11195058148982,260.8133415471569,0.3874448703975255,0.3887308790159296,17.164176,0.4941201887373668,134.692568,Pitta
417.08228234083737,501.7708077188621,0.4214385707158647,344.45601031090297,134.74007004560556,274.80867386592325,0.4521366049483742,0.202195257147576,14.858264,0.3897779909131755,136.349512,Pitta
436.914438410613,479.54587105370473,0.5541161059779885,338.94609891933527,150.15417252110186,305.8404887972434,0.5877096955620283,0.6485155800395135,12.163004,0.2750098517351005,162.920004,Pitta
495.7024282699655,478.6963899154698,0.7607824264691123,380.59400726214886,155.11000922231057,326.68886017504883,0.7688894463798773,0.1593811296038553,13.312564,0.2694450900478299,207.622588,Kapha
483.764457577569,476.2124518150602,0.7281157801290137,394.0062348610031,133.42911085613486,321.6720627596873,0.6785439805140177,0.2981093470087966,14.29462,0.3669701944161257,194.822672,Kapha
382.9637210335778,482.6600733022392,0.3586926652340607,302.62799815151857,147.4584884930294,255.0340418269484,0.5847009097412815,0.465503323159543,50.486256,0.42366132543718,176.424428,Vata
417.0598869829428,481.7106677177396,0.4788556752256682,337.1554987840576,152.09687494492348,286.66467633487736,0.4611669355706747,0.2883881591134412,0.0,0.0,117.669936,Pitta
403.049271652353,499.4086049971236,0.3812970194474145,318.87208224491263,154.39148092907283,273.0247044201445,0.6537787922668981,0.7164708537517744,43.257304,0.2210835537875701,167.908228,Vata
433.28523551693416,444.4118196984013,0.6601903255659345,332.82055232590744,146.77374745189314,302.3435771097119,0.4481311579465971,0.5155694231940857,31.69566,0.4868823708230905,148.203212,Kapha
434.1152758477873,492.4223860090061,0.5051024079925114,343.3837579055034,163.49877322676946,296.8278054235186,0.6051175144360156,0.3176493179024848,34.962428,0.5209263277930885,182.758108,Kapha
442.02939811422107,500.27695948688967,0.5083879696650112,365.9762313682872,123.5170449031473,291.55720482769374,0.5330410599203106,0.3578030887939379,0.0,0.0,131.997148,Pitta
435.09883362323046,503.2508134663704,0.4768414659004428,349.53138628686804,151.3058588576801,290.7117998599761,0.429412095920592,0.5272675028281087,30.665372,0.5970809828830999,152.136076,Pitta
448.4705995133874,467.139370582883,0.6353964503833825,342.7698086174038,139.64507416108145,304.6115153771539,0.3822633680180842,0.2434574957695678,22.030516,0.5351391944157206,117.424168,Kapha
431.0597271893452,502.4348284557968,0.4658210512338228,336.1228308562788,153.5529303126582,288.65009738831634,0.5670410159346194,0.3648832176430664,13.515164,0.5230195682873795,175.826692,Pitta
382.7183007620632,513.0052229761203,0.2799429350364756,313.4288357694496,142.68871660887618,252.5655431138965,0.6385364860906891,0.2211810404095402,13.652284,0.4210257162022351,183.235732,Kapha
441.3356354623359,455.94160155595415,0.6485667512501662,335.32217656908193,147.4656776184445,304.11410947046033,0.43424082984625,0.716859839860704,17.14662,0.4356291747487132,137.734176,Kapha
412.6149687650599,490.7147495166548,0.4374239586533343,327.56705573049027,159.56803456566948,289.94633684386025,0.672086893090771,0.547167260825546,12.726216,0.5976265083654668,208.002848,Pitta
380.5638245991032,452.6645851185889,0.4372153235817428,303.9793456123951,149.31722428573977,259.34895023808224,0.2597620342001591,0.2349590919223169,35.062216,0.1792131563001069,83.776288,Vata
412.0110566903987,480.1517466032006,0.4660594346466868,335.05782718381244,148.21291344659036,296.4209342286176,0.3018685410564288,0.1874293160754606,102.244612,0.3497331861132535,106.590384,Pitta
410.883991026347,512.6377341839121,0.3720891804716922,315.4776889701572,156.51927757019834,285.2347064024067,0.6031293290889816,0.3499502927559884,37.020976,0.4569694577305194,178.719672,Kapha
462.61622887944566,483.1126460784873,0.6313076097528153,369.408700887085,151.64749147060013,292.03122017463414,0.8720230094929631,0.2799555960574611,31.379588,0.2086324191364316,220.497532,Kapha
424.5393178625584,512.8829228989787,0.4156754018569155,346.4271854762387,148.00441192519358,279.3621324684766,0.5196517111838517,0.3735223742170675,50.713904,0.4035915043876347,163.388236,Pitta
427.52827979505264,485.8828474116002,0.5022931388424757,338.7497598882032,143.96729221456008,285.5510287364596,0.6424050597350569,0.5117346254146505,47.717192,0.3108285052628792,182.677772,Pitta
354.8676332207393,452.4906417409673,0.3434285810406569,275.5609601056448,145.8986468107044,251.54094745685668,0.5183821260130655,0.3558431558327282,55.817648,0.3356906484953585,151.9564,Vata
481.0441416868312,512.2990754023965,0.6004411951637708,371.9878805354397,137.1803649153897,316.3441882831069,0.610550690418833,0.3287808027766702,13.16908,0.5123787828063117,184.95816,Kapha
439.2451945873898,542.1693100995725,0.386461449620563,348.3718863813585,167.72195079455443,291.97199718202893,0.6062161333254459,0.3638665723851086,13.425344,0.4279430657492241,181.554116,Kapha
390.9132369770441,479.3200024545913,0.3954232574037279,316.29436472600776,143.02702952423851,263.9836613512796,0.3928099006653799,0.2687144862290871,52.180824,0.3380900085309679,126.689828,Vata
387.42171076052233,514.806044113356,0.2907834221818268,312.48201340047126,149.33072543028348,255.0653677511538,0.5907555040106041,0.2967735242987463,11.720564,0.2821874889851659,165.861604,Vata
397.3728890034423,407.1227908782943,0.66199802961145,304.08881366420025,119.90352976093278,255.79042143137465,0.6666879705636196,0.3288585075448641,30.613964,0.2343718664696229,178.656004,Kapha
392.9233304710355,487.114473939662,0.3806016764980945,318.3155178968416,147.6524460926742,260.16066223245014,0.5663312048700188,0.6768533674168498,21.942704,0.376120423855541,164.294728,Vata
406.5757518848211,482.0020960404808,0.4418581447336803,339.06838333100285,134.5702959412292,274.2226127035613,0.7066716460930553,0.6173340296353869,0.0,0.0,166.608244,Pitta
421.09148455092907,489.9296065713029,0.4683993338568296,344.52225919552825,141.76012412717893,273.63279374753654,0.729410944105504,0.2618586455266725,26.780184,0.2630388625628259,198.42888,Pitta
438.3860978932799,508.4811542488058,0.4728080726373082,351.6082182288188,158.4593081864028,295.3606681962294,0.3408493749336302,0.5123457521970414,23.987764,0.484257852386571,122.304104,Pitta
358.10921001658335,516.4826069438631,0.1924592015046733,271.8160554696954,163.93504711345926,251.52929040703532,0.7069764356291484,0.4530859955151489,18.1082,0.5178011872589988,203.805024,Vata
402.764849934719,496.4587680865452,0.3883103049655192,321.92351597833886,154.66576397842243,275.3882171067095,0.6508503124388725,0.5390025461650945,24.8488,0.3145782417509106,179.89096,Vata
447.2158551854861,409.5616592862914,0.8544809910203075,356.8595620191625,117.75623771895016,293.22576028773153,0.701448184735408,0.4032243732502264,25.779884,0.24627030122541,186.674368,Kapha
410.839253971663,512.8767592652409,0.3713238578248116,330.0921557805229,147.262482796105,284.9616341214889,0.6001861806750792,0.5938788531923556,28.459136,0.4921409116832125,175.95694,Vata
393.9925517583701,517.5333270829317,0.3052847363378414,325.12715766376505,147.8537735389501,267.15314739213574,0.6184717067258857,0.5886032789527281,29.681136,0.4723661531385035,178.75824,Vata
411.2170673746038,516.8506490264649,0.3623081289751037,331.10633374308776,155.3685415202216,269.0630620122211,0.3595454809237349,0.4230056741662765,98.467208,0.4034479317230867,124.519172,Vata
407.4922687959244,507.5980622092012,0.3742083363966504,320.7604040816611,149.845247144278,269.6664189161476,0.3224375505524419,0.2419997975794827,15.976368,0.7992748305926963,138.597208,Vata
406.8104802430378,509.29176759629934,0.3675504350346751,317.8412833445857,156.9906524398015,266.63908225245694,0.4369708322694763,0.6566683210150159,33.035504,0.4755959050543925,135.248184,Vata
467.4142124897576,497.0723821624733,0.6026726358310447,348.82650846062614,153.11668995536724,317.75511934060296,0.6734425633961834,0.2341173030310312,21.505416,0.2741947033722914,183.282112,Kapha
476.04158635693824,467.46785358552575,0.7322388248307736,366.6070070074049,157.84718729643353,321.6894608375917,0.36750986086154,0.0641906084398896,29.291608,0.3781132394490213,122.193864,Kapha
375.45933569378354,453.1558869495205,0.4169917235382492,297.8760141021264,139.84556861218869,264.4819183847044,0.457268643491719,0.3613820792545401,53.15508,0.3726070378526755,144.383496,Pitta
452.8361796304358,476.0125039920607,0.6209054297165932,353.46925148705503,145.66061037489698,305.2881426964764,0.7428798363090162,0.1313464041186214,31.949044,0.2351650864501571,196.047948,Kapha
384.833588903326,466.6298038220439,0.4106221052126561,303.7661592197734,147.24136889184751,270.26345459305986,0.3053003279582765,0.4695524288901854,52.550004,0.2549302228409811,98.818712,Pitta
471.5734161554498,516.2691424615238,0.5579780609925337,366.0307574544759,148.67215385798562,326.99629217285576,0.6577453103266765,0.3671734167987787,6.498104,0.4141211624318161,199.667968,Kapha
331.4816209339844,515.2800810779335,0.1093148076112257,258.2645414073233,155.82545292544984,230.55817076201023,0.5977400785979353,0.3608879145398783,45.915836,0.3673106498539391,176.055644,Vata
338.63265300456766,487.9715161077386,0.1934529081079165,267.5596028969267,146.7910611443176,226.96640082355705,0.3867937738093623,0.3325820560955985,57.266392,0.2635487691948465,116.93976,Vata
434.1311119983393,502.5990806103292,0.4755055230472859,354.7254831137329,151.5452959537972,291.31449382354776,0.4912560780319004,0.5807538744988965,25.271776,0.3876556645045969,146.462552,Pitta
393.3910505725393,496.798528733062,0.35604894346525,318.3447642651144,155.2688863469172,279.2135099472752,0.5389134506879065,0.472080492087565,16.662968,0.4792306314820399,170.295868,Vata
437.2356998322577,434.69479193054457,0.7114841690179133,347.42801160602096,138.4306286804397,297.0720341816621,0.5719773663117925,0.3596046169548499,13.059408,0.4160804355344725,172.82822,Kapha
442.9842875756767,500.2378210747693,0.511673363698474,346.5239934080197,140.76001669520892,304.8776431930258,0.4819045435051796,0.4717042931011327,18.706556,0.7160449044651791,168.842448,Pitta
407.1538155591723,507.29198963936,0.3739046799265576,313.93775439981994,159.05694047997156,265.5717259175128,0.4325192676189783,0.6284933633664388,29.907584,0.4789120200216427,134.590256,Vata
362.5063772066858,469.27788220359247,0.3238672616325104,285.38064531377626,133.19584135358338,265.42716747576856,0.2515231450218672,0.3732045258010184,30.914612,0.4947054689081536,85.685416,Vata
425.29197291795685,489.48530112617857,0.483948641948775,331.1521123545184,157.8665589377685,292.6894114523103,0.6305006896041344,0.6760691615961031,20.192192,0.3232403072498912,171.231764,Pitta
378.3290812060705,474.1766208509867,0.3660363927443498,299.96762321334114,150.53374658882856,267.9094579668435,0.4897612467920746,0.6143079321452888,83.69014,0.3031503134391307,130.80542,Vata
352.9120163055303,478.891206661586,0.2648342856592918,290.62861919999693,130.51641297286278,242.36378506650053,0.4460520313804195,0.4061348466692489,24.583496,0.3167778830100042,130.366552,Vata
453.71751872915854,513.7305050787179,0.507744507934586,370.4919331443784,156.0237137698939,293.84929138835105,0.4420772058041528,0.5326069241984585,11.10002,0.6707139246544161,160.102732,Pitta
415.203494669302,517.2209889962093,0.3741636398014626,332.16286938530243,153.31597475661832,269.3168094343101,0.8130138770842334,0.2482266720242109,15.38702,0.3483598853012247,222.880216,Vata
347.4085703858484,480.6643531573525,0.2413014039451941,275.647825198451,146.07420067944713,243.3136798393542,0.5976475721945257,0.6451469260841094,19.50524,0.2714160279019504,159.452928,Vata
404.3089741198262,458.1005570273427,0.5067395260817711,300.8999764963283,144.9509884611399,271.8411893743814,0.5323464793026053,0.3112914288809548,11.065752,0.5833734650301218,175.594952,Pitta
422.7473911198632,520.8298912804461,0.3889827069444198,329.0216349219364,161.84759517420358,286.5547617770902,0.5705277046845644,0.3150596124245233,26.983568,0.4590828541050539,176.537668,Vata
366.7119381593979,449.7512635838231,0.395104622799023,272.4413632352137,155.3911477208548,272.55628114106617,0.4152960000231165,0.5504382249760158,17.400424,0.5977454010493483,134.269788,Vata
370.07468444105,450.4572406103089,0.4053815313117038,284.3133494890159,145.77640839062315,270.84271054021195,0.4415411502595356,0.5740921540644883,45.905392,0.2771735871673284,129.250768,Pitta
431.8465481837796,533.816014492184,0.3844977209080943,340.838862591454,179.33720700670574,298.5976894900484,0.454241055393316,0.4546137689390543,14.481508,0.5161931227731467,154.704548,Vata
464.2473128034667,480.3570842978869,0.6460714063930261,359.4464817557626,144.26438846687773,321.456020927276,0.4852459510489022,0.305970031348332,12.017988,0.5870197042804878,165.212756,Kapha
399.797180197088,482.5352615140672,0.4169771168734476,314.4489978082974,157.68983193302745,265.97885526703465,0.5427858570270794,0.2410677630791777,38.042408,0.3814345875175073,165.530724,Pitta
454.6953701339596,521.0772214793569,0.4901790056079497,348.22970296930293,154.2913427344172,306.7424682930642,0.7439429174890239,0.2650017170025793,15.476432,0.4042299765003369,205.576852,Kapha
444.2856926658759,503.0940594121155,0.5076193511043224,346.9236571759961,157.36767882244283,296.81104655206883,0.4720296153732238,0.2898338049934962,11.787272,0.4120327161334958,153.066116,Pitta
406.1816001310407,484.4474873538205,0.4334345542623948,316.5312691390665,153.35808702655825,287.48247154058697,0.2909097228203144,0.445753235734979,12.194384,0.582591268324126,113.704188,Pitta
482.75979501987416,499.1777324120327,0.6471462368525077,373.1454733765339,159.38638294281512,333.02727317873786,0.8520453587189633,0.1972393420871655,27.872528,0.1683886214417781,214.120152,Kapha
417.8786648686873,438.8376394996161,0.6224472641633075,324.27245951811733,148.92761910600797,294.3394560801101,0.9359512953184054,0.1395308807517225,18.262104,0.2497440169447142,234.916076,Kapha
458.5591585566627,476.9944391318484,0.6375809386722247,343.0805166947002,152.94229710386963,308.88192950652973,0.6561950555106647,0.230893510723094,29.13568,0.265698240205964,176.782848,Kapha
500.9933495759601,512.5424789402756,0.6643487772558876,393.776554301429,160.6438629588321,317.5829996893605,0.6307946031162258,0.2164714601936064,12.0853,0.432809343469299,189.342788,Kapha
487.7307134280412,512.8034677502284,0.620564901680948,382.0190218393432,148.06460235766156,331.14505253560947,0.5771684805279439,0.2028659074523746,13.224956,0.581408688730682,195.268816,Kapha
457.839284918702,454.7253812270323,0.7131494686702248,371.7439672274705,125.48737210840122,311.73567835357903,0.5861417019910027,0.2929089742718823,21.042044,0.3842321021522968,169.627396,Kapha
399.493973590365,485.5065198683873,0.4075177832043453,316.64401457458,155.17005921014243,271.4417545088604,0.3754953707869353,0.5877885630384352,52.629264,0.4145582783137448,126.49754,Pitta
389.5277845669663,446.3233106270288,0.4904140627200254,305.3256138084668,145.48847234409843,272.50991821775244,0.4151589059345928,0.3267919260407643,10.275056,0.4025539998652223,134.079956,Pitta
436.0414886951043,487.0323724521304,0.5278769489572565,344.633142599183,148.32876315397968,291.32568604173827,0.4024662447946587,0.422090619194237,27.96384,0.4992240998964589,135.00932,Pitta
366.8117702997384,473.511225857073,0.3274986150808842,296.81362280954903,143.9270782286262,250.31202196956232,0.3168585716353133,0.3139343009421557,57.071056,0.412597232709057,112.435228,Vata
481.6596496890029,486.2763477241679,0.6860061866874236,388.6395196355589,136.9222200415607,305.567616880034,0.8969557727888622,0.0878097068570042,22.201324,0.1373197331672065,218.484928,Kapha
443.7304885711475,506.1847548506096,0.4968413878175524,345.42563322059016,164.9097192224004,299.2115158247207,0.6214084740039348,0.6527249647763268,26.480468,0.4473807956933805,175.45508,Pitta
411.2996298043062,504.9392453888576,0.3937535898140849,319.1464507712868,157.44031431624987,275.5204571044404,0.6367351797317147,0.50756123930516,15.258036,0.4623489676340453,185.69566,Vata
414.37725776766473,506.35537143032127,0.4000651592464911,328.76069610024297,158.31775745472635,288.85432725710655,0.3848272201115422,0.261703499460123,9.02874,0.5308986774366365,136.473856,Pitta
391.5460282991114,503.7259752606529,0.3318775127954714,301.7730557676304,164.23945083969735,264.9433256274336,0.4590989258260782,0.6247278390064497,31.385016,0.4351994527324014,147.802484,Vata
364.69791646689,469.7184869766085,0.3304132080563434,277.4218707851189,152.25106984215287,262.5733008322479,0.3766452394278425,0.7240814056361456,17.814372,0.5446744619392833,130.364052,Vata
447.595538825881,444.2933386197396,0.714120469740221,354.8065005667743,138.73719066311875,303.6668534466804,0.6727293811654715,0.391852815689661,37.532716,0.4435834042221606,209.330256,Kapha
448.0825644734884,505.8782578683635,0.5120128699123524,372.8152631585399,151.4317177431316,281.8620141246797,0.6803040904204543,0.3128319553474005,11.047988,0.5324756640535373,212.090616,Kapha
381.0532718578556,482.2123452194143,0.3533358159923985,309.9927318673101,150.34820193593552,269.0586529501509,0.1475155669615126,0.1436908791856533,12.388812,0.476173504383043,71.766524,Vata
413.56983440091153,519.1795408180665,0.3639072644978268,327.224696563087,162.95132585333224,271.1334722751739,0.5579442452468766,0.2845616124305644,34.96502,0.3541288054605757,165.988864,Vata
463.8696467796887,470.43056504603663,0.6786104933257265,367.2905264373424,140.50060693573818,311.02833024690915,0.6812077836693811,0.2257750824291637,38.837116,0.2559396374264378,185.165424,Kapha
438.6051974653259,509.7209057043883,0.4700390940357691,342.9114311282132,170.57452975575686,291.8648485705463,0.4546063653876918,0.5396097051856236,12.830988,0.615191513949017,158.311532,Pitta
407.8541679909112,497.1057010816399,0.403561477250726,322.0258228252707,153.09402043618243,281.20681443776664,0.6388614022911248,0.2226241934655523,9.053536,0.4113106325678241,192.58976,Kapha
399.6757978109366,421.029960506984,0.6175330207536686,298.5361522796901,148.6936687656486,270.4528217826956,0.414209421012655,0.2667468437965185,16.198676,0.4282507552209132,140.135776,Kapha
427.5126675203174,501.4958694126413,0.456741176216216,348.1059812327131,140.71802979503616,278.51379609646324,0.6914896797769443,0.3678336341415976,19.36358,0.4102137239059003,194.936028,Kapha
468.2600946681754,478.0046810326216,0.6679149635098056,351.97739057601444,147.89648326772064,323.84223233309046,0.6219530778626198,0.3462103603895731,20.416984,0.2744530497636191,170.516296,Kapha
386.12331938536255,400.6456301221515,0.6415698607354333,311.3072324836171,119.11356616686165,261.14613326375974,0.22915270876809,0.1178323671301696,38.472664,0.5095929160420144,89.316808,Kapha
393.0618314571987,487.9213800347096,0.3788574577128833,319.2392252798167,146.77162168853633,271.25187232488776,0.495551926914403,0.614447380141261,15.615628,0.4576725333220253,155.234036,Vata
392.85871007216247,472.7589595471157,0.4210579925485903,297.927102888727,149.94016347895757,285.74847945717374,0.3807931382642845,0.3258258738284621,15.03,0.5760623330556301,136.511516,Pitta
416.1231370149328,521.62021182717,0.3658468025385276,330.5847851696665,160.17159903055614,285.6931397200886,0.6986544512195073,0.1658278416920152,36.743176,0.5100708501135819,213.912092,Kapha
524.8002431968997,532.258602535706,0.6785008083401648,408.2077258761288,147.99042235863303,354.9835337972297,0.738044279785276,0.2218245172884372,20.458524,0.3180123040676254,207.245368,Kapha
470.61252623624114,457.42643927382295,0.7496555334723428,373.2616882059963,141.18551274595762,308.29224564399783,0.5403262702854905,0.3963727525470163,23.054588,0.5114909787411847,172.828152,Kapha
413.9095080189893,489.7793607656308,0.4444813505508408,330.19481229008585,154.8880606044247,276.2348950160405,0.5435454730576806,0.2955782334622105,24.194876,0.5075881993634659,178.085184,Pitta
379.3261020923319,493.6214128745521,0.3171877024717994,292.5086376046363,154.5863312869923,254.7516625243137,0.8494695871453263,0.3549844938262003,10.774484,0.2195700227433956,213.812956,Vata
455.0255279013553,533.4158027092168,0.4576812940103277,357.4006062905462,155.55505562080933,297.4050572507361,0.3268856236380389,0.256313715108369,10.66214,0.6918941929052111,132.785384,Pitta
391.0008276806415,476.4544873078945,0.4038755945220814,317.15847961715497,134.05913195209524,257.6299024560145,0.5268144960463846,0.6447844819549478,40.647016,0.3299029229335024,152.393356,Pitta
412.8006335302968,487.0685639583273,0.4485121339180035,330.750053085807,140.93336088725903,278.28742442101765,0.6733470269565666,0.5129360833029537,40.207256,0.0373096484746961,160.93094,Pitta
437.5787412608424,508.2388898970236,0.4708521615240366,344.8590608399622,161.33437319087267,281.98574586262345,0.648199251488751,0.7371718895216836,54.233816,0.3776798542618444,182.222272,Vata
451.56595173524926,499.140557250219,0.5434635780864702,371.522913140758,147.54555554913642,291.1973894812871,0.5371716815304324,0.2252697546210273,18.553984,0.5358220128411526,179.859996,Pitta
388.43909457253153,496.3636986207111,0.3406305554849627,325.83939581033405,133.20177026260234,257.4827177913708,0.60951849152838,0.3856768366866885,37.882196,0.4529257391198423,187.377884,Kapha
391.9673313784403,492.4023530780692,0.3629889533241136,313.17732868841097,147.48372850312722,255.9268712434062,0.5960319408357138,0.6130312514145224,21.36316,0.3308579470280509,166.804188,Vata
502.440026307588,519.2188241792619,0.6481004593047005,389.5120750627649,165.84126990672914,317.43429094768345,0.4938954602994222,0.1081898589271123,22.043216,0.4106046872111244,162.78812,Kapha
361.74404549896985,498.45641766913104,0.246219592300698,289.2686319199663,144.10287489559917,242.21355227079763,0.7888073592877272,0.5310839867629845,13.05094,0.2388981951810362,197.832372,Vata
441.97011617024685,490.95613096963416,0.5360494837437089,357.9956480883069,128.36309049819505,306.0284402419685,0.2926276530174305,0.3677363087665701,80.859188,0.2590515095167491,95.864608,Vata
391.5312730382989,480.86536475344,0.3932046883399032,314.905810578269,138.45899017027844,254.55258504958823,0.3567677203139326,0.4719533921630006,13.080092,0.6239700412719501,128.713344,Vata
405.74143422524986,498.8426694657493,0.3917817329525511,340.6449090130746,151.59329129334074,266.2752428444754,0.3887313715982626,0.3547311709372948,20.2619,0.6119690208509712,142.246396,Vata
387.5204391213327,478.6847314617548,0.385448473000653,302.0042171899844,144.69467771955604,265.28580275086995,0.2972673608432796,0.5813631545040581,52.491156,0.4347044351174449,104.530948,Vata
398.71571693087327,494.3423767141859,0.3804743708092946,325.88280124278464,149.03344390813427,256.5603699266952,0.5955917026612226,0.2262632572680594,40.667436,0.2689067727403907,164.991136,Vata
372.9247343834615,481.1984568286514,0.3280438099923904,302.70427026305254,139.57294615117908,267.28009949565615,0.4023251574796103,0.6888949317782035,72.10594,0.104914749742295,111.99272,Vata
389.123766648658,403.2948110136346,0.6434120293608269,290.0536107966846,144.21434242138105,272.16543598461595,0.8627220825908407,0.1653698095688049,21.939832,0.2189670344332659,219.820696,Kapha
437.5315931102913,512.0290220086669,0.4601137753301282,345.5006220245761,150.89686260272225,288.29540349828585,0.4597351732301799,0.4165177355455419,17.538424,0.4879213102280997,155.205068,Pitta
470.1183377452583,451.9638002550786,0.7684932878871107,364.9281540524879,152.1888011782076,324.5873985659602,0.4937227683020809,0.1063435949881869,37.297436,0.4388548752313875,156.957,Kapha
381.3003666442234,498.1500550958679,0.3121669735854401,308.9628591680966,150.8438870345592,258.1543743963355,0.45811492658443,0.3945264236941502,46.76532,0.5338698803895372,159.936404,Vata
416.89598702068446,481.9480091065913,0.4775826323795564,339.15934763202466,150.74620077213166,268.2770064769171,0.6032876133644904,0.3997814530044668,34.222448,0.4687678558478454,176.240828,Kapha
464.1475360489379,514.1977642779111,0.540102627042938,360.339630860931,146.48363964216946,296.60355226915675,0.6828936075225807,0.2079299006536778,12.96706,0.3846339705652573,201.133996,Pitta
425.4176836056574,496.2358525967702,0.4647376366552181,326.22400428445303,162.19898671407336,291.8261689859978,0.60376308825143,0.4352899577327664,44.117512,0.3824518011119023,179.240332,Pitta
376.6034409441235,505.5710898665895,0.2780743759795635,297.29952087791406,150.16600438148348,272.2246789403675,0.4508313616693758,0.0988098802564848,59.538216,0.5489968178693054,184.20422,Vata
339.25798393635824,526.6132681724462,0.1108466716625779,265.0149993713776,157.50461765167177,220.256929851436,0.5872487889286411,0.4012027513015425,60.85806,0.2783927478265073,167.755052,Vata
390.89134739785936,478.3286426548803,0.3981547530665489,311.1649167256592,147.68112298788665,263.72386679005496,0.7823864115678515,0.5279766923559731,0.0,0.0,181.70104,Vata
440.0463769140195,513.5078919103854,0.4641604601479353,356.6848843175408,158.84023032223163,294.6055901328943,0.6279943078662871,0.4692207676964458,23.003668,0.442289325810452,172.506812,Pitta
398.8221911333832,476.1351206144881,0.4320741921414784,329.8410308000312,132.11705801913308,265.340388289747,0.5071082241443399,0.2438852055771741,40.467244,0.3975268464845781,161.344836,Pitta
461.348465968219,467.9585244517566,0.678313704659275,375.581357754614,139.66935013583867,300.70107954438305,0.6933116345283501,0.1575439954528864,35.928796,0.1901131491020606,182.608828,Kapha
410.187599627066,500.4781070915383,0.4021228458123546,311.06404022778213,153.9408993466336,276.45386344782975,0.4348304829187428,0.179645042335355,18.331276,0.503439514870583,144.288044,Pitta
409.8429584400351,481.5042221214744,0.454577176302717,318.78554296749866,153.55136805563117,273.76488821223666,0.6797513395770005,0.5470835763638048,39.994428,0.1835459446706569,175.021172,Pitta
447.8042214417858,493.59172721997766,0.5476975793018806,346.0324303391328,151.3301324544292,310.23816924348256,0.3958767187027561,0.2067472185796017,25.518196,0.3078246038677412,122.123104,Pitta
414.9604299221022,488.6168378099083,0.4513934088460221,335.37515257968136,145.93687466332685,277.26135342203014,0.6155776208187809,0.6432654808923685,32.62434,0.3128113104401247,173.896788,Pitta
414.7830945544188,506.8862911545519,0.3999713025063534,338.8528677005537,151.7792072359693,271.2829385094574,0.4858310891667818,0.1499395535610988,147.860724,0.2786397164428902,146.115684,Vata
402.7234125822176,464.7966318948029,0.4799545903196622,314.7652630163143,148.0569977411861,277.43730069660234,0.7194452152196591,0.4757881150399908,19.821116,0.3165788057104141,194.122724,Pitta
478.0982142854669,505.13227840426055,0.6128824561440263,371.9138633348016,141.58305987122947,326.7560190144423,0.5117471092451261,0.2203994504916409,13.339804,0.5244151013391742,164.123408,Kapha
408.3810417359968,505.7220993069819,0.3820735862146684,318.36189421610294,152.64242838322355,265.7688803317357,0.6949404696210978,0.359585316188421,18.880372,0.3057138409247963,192.833172,Vata
404.4952763221812,482.5094273807905,0.4332232937183633,315.73676910396915,154.76674927493025,264.66097101361095,0.4705293862543271,0.4597109418426772,11.024272,0.3840889346310704,141.146332,Pitta
445.3003717776356,467.1373190034628,0.6241313016491596,345.99495175557263,144.39322129148178,297.5237906975221,0.7439362754891261,0.1979354401602528,33.77946,0.2607942841569919,199.60222,Kapha
376.48133248863337,504.0721423307271,0.28135124491344,294.65447388367613,158.02336528841266,260.3618325557647,0.4387252834327975,0.4795568566808297,13.387904,0.510697843165509,145.49764,Vata
366.46122522808594,353.7809235283705,0.7613081446204579,282.4669161077492,124.11640557801518,249.3705841284053,0.8201729095178213,0.3287136240858174,20.615036,0.3460688842231383,219.303016,Kapha
369.6724133881455,492.81988407213527,0.2867274842844722,300.5665136099133,148.5782415269996,254.1102182515564,0.5517833187797953,0.3973632223953603,16.931516,0.5038331960122553,161.455644,Vata
389.0358434843915,504.0003619448883,0.3229021510365633,301.520568938454,154.19861525022398,274.8589977563467,0.438153168450669,0.5344788201246993,13.597712,0.5550876919214557,145.100308,Vata
360.90810140741127,467.4067133158764,0.3233241296019227,283.83081431399444,139.9470025601261,251.31682035697128,0.339286939773395,0.4636957410886441,34.659428,0.427698595516657,112.186084,Vata
381.0468780301251,415.2138942137264,0.565098160587136,323.8965017470538,100.88759751315706,253.23842369788505,0.3310614750601533,0.4273005406993654,29.201284,0.3292921187334625,109.989004,Pitta
389.4493276964441,509.9995892759479,0.3091672636793407,310.81058206743785,142.97177504185925,264.4461143873398,0.7288795841136847,0.4598148560171993,0.775116,0.0019436919657513,171.047912,Vata
404.37817402201,457.7758973181729,0.5080302612076572,311.1079314578559,152.47151259710373,274.4311389606918,0.4309539629542556,0.6069661271453898,18.728916,0.527885930412313,141.707616,Pitta
381.1705827998113,455.2051887037756,0.4316356186407384,318.9978090328686,127.7268297124182,257.8229767684648,0.1343484743908162,0.2748741125018064,41.722904,0.0504653948857678,54.294108,Vata
407.3382512795085,515.7324414939019,0.3526812887557445,322.9912180373771,153.0788446261614,284.70278974167906,0.7439686025641571,0.2762055615499801,18.69674,0.3450852468815105,202.84198,Vata
402.107109605397,474.18782917256846,0.4492938238975525,317.2444798574245,149.36445775593353,276.66422520147984,0.4937554967064109,0.5788548879014204,12.88364,0.4941742247278686,150.767412,Pitta
476.97473655282187,535.7395164345245,0.5195854431538005,383.60555075166616,143.4688004819495,309.6949205182998,0.6500681818345999,0.3199698417103503,13.915144,0.4961212928879656,196.540592,Kapha
441.77832708575386,466.27855952082143,0.6145012090361933,353.292375284066,142.36780283372892,294.3203213135007,0.4319193003835023,0.6106137040242724,20.777084,0.6303725211812304,150.00532,Kapha
346.915309348416,481.1214951407768,0.2384578689333213,281.3614682330011,135.98989850766813,255.05653861687185,0.2132962082327568,0.1549102059742994,20.549368,0.2893336263419866,78.545516,Vata
481.447972480424,481.9372832737435,0.7000889929408151,368.71587706125206,157.47652904978443,320.0606129414779,0.6476613899622886,0.266991563971314,11.282416,0.3771485763196159,189.215332,Kapha
460.9388413393775,486.33439177439294,0.6150425290926975,376.40002863991,150.21285109334033,289.68395198910963,0.6136000506317044,0.4018070128615767,30.924152,0.4196825985676563,187.715036,Kapha
390.7972440900186,490.4021949236633,0.3644185832947272,309.78256159598203,150.27592278761867,256.27739456278795,0.5652007003677862,0.4221487042529238,32.003296,0.3121974676651739,160.578716,Vata
469.471350071993,458.2002530054297,0.7426328729344858,373.4003123134802,141.08401035677736,307.88286558970657,0.5507806777922105,0.3949005390551267,23.082252,0.5031592063350371,174.721752,Kapha
402.5526270225632,494.3065792525828,0.3934641567384845,319.9205067882696,135.58645461557666,263.60993091980424,0.3375137665982775,0.3625297679482745,13.15682,0.6795169800292703,129.082336,Vata
428.9772652750117,509.58279290911554,0.439044562291064,326.78291205849325,157.27553920369823,304.1998447902935,0.3972204695279894,0.4066078218453732,23.810404,0.3745320088207803,122.909876,Pitta
446.5919817878295,481.7731137607592,0.5804844819123139,334.4204015179721,163.34913368480915,302.667875549167,0.6996349588962545,0.232456269372911,10.728376,0.4067550828943493,207.308636,Kapha
406.004584373554,491.9332735277061,0.4116451822600785,327.46261996573554,152.3719628467688,267.40818325606205,0.2065726381550025,0.315297177953851,0.0,0.0,66.919732,Vata
395.7600476729439,476.3430887936343,0.420789348284395,301.56060241999967,134.29928478030266,268.7147518708577,0.6975393978952847,0.4201483395579787,79.748252,0.1363378345656667,173.127772,Pitta
411.7153991986613,412.7248726630393,0.6977128549428345,317.44625646677093,149.47076629921966,279.54930584227714,0.3821955032336306,0.3795718070669881,19.089664,0.4872020457847065,134.078592,Kapha
492.1465609479369,524.1662017479562,0.6003122140374774,388.2667313225567,151.51336446103832,312.6190081102228,0.94270175445919,0.1345361096223749,36.054248,0.0714072869347896,222.309292,Kapha
405.2408710468069,510.61161029383726,0.3590152606702224,315.7751047227693,159.36647956398204,290.41427925950285,0.0962185589597287,0.2058282047198249,34.93912,0.4245255636657746,59.050228,Vata
397.1102617511215,504.61354664995895,0.3479216537281309,308.4754297990355,151.0329117968813,267.6761453526934,0.1968051860093075,0.2370746478208145,16.879336,0.4749939802454818,86.250032,Vata
435.2356333181583,437.09299597594463,0.6947173371980346,332.73128824796925,146.90341767400108,301.2586802014428,0.6292336328079319,0.4181289202665761,40.753496,0.364897363016654,181.47148,Kapha
409.7803429282496,436.1582379041114,0.6013237418416865,309.3500366283435,150.74636893317611,280.2787707561563,0.6130749714434137,0.1544364704466982,26.515492,0.360209061381509,174.787684,Kapha
370.71014016286233,494.1776028593787,0.2867922833108395,290.0860758446151,151.28227053205808,251.6632985967071,0.6329584101644832,0.5594805277651377,36.91878,0.4291700254173415,178.218804,Vata
376.0445120395298,519.368095037777,0.2434189471172823,311.667548871809,150.82832844775396,240.26939684166024,0.5426520939717371,0.4820717486916397,29.052396,0.3734144884923766,158.167272,Vata
387.0087160453237,460.4362334278957,0.4368946899152596,302.10917836149287,150.82347903624833,277.6026780727996,0.485328785416207,0.3467609607708454,0.0,0.0,122.4863,Pitta
457.5431088156205,483.63082648843664,0.6121805224084332,357.47066934614406,151.36198368482508,299.81603218874903,0.4500991162969635,0.1095463612498339,8.505452,0.6020945133195594,168.31646,Kapha
394.4021828443347,501.7807262756217,0.3463368726606773,307.46650167620083,157.31871985365498,273.88676998736577,0.5822187281601613,0.3936311376895425,10.742416,0.5059305892255915,188.644968,Vata
417.8532657577745,514.5887521222197,0.3895368631539253,335.86442098712405,157.373062318117,280.9640241723547,0.5981381972625008,0.3688569544015688,32.54986,0.3147585136479955,169.910144,Vata
419.4816833539204,497.708130567055,0.4407156898619884,328.7830502401876,146.33495361460228,292.0449487956826,0.674239322453403,0.5243634695437188,25.861572,0.3666548072213286,193.138888,Pitta
475.9986820782833,491.3631376800079,0.6498385300939127,367.75900066300574,156.17793708591833,315.62969936052144,0.5835743984655736,0.3220523966435878,39.66336,0.4291842223145649,178.830864,Kapha
387.9589171586187,521.7686412675872,0.275813590177989,311.9369631072998,149.37161317010197,254.9730237517304,0.4173587924868265,0.5086905919766689,22.446648,0.32916969792649,132.553896,Vata
432.6489624696488,501.8486332855384,0.47274545451416,348.15619995217014,160.34502245756994,301.94511435856697,0.5444409390559789,0.3421422127617173,12.16842,0.3883136679015885,158.6163,Pitta
429.0275826806714,493.9563034437541,0.4834474665375443,350.21179602579275,144.2977218141094,278.2513759791508,0.6783961508667469,0.3196562779340543,14.357648,0.4389015511182159,197.07992,Kapha
404.36026007336346,477.9609381373093,0.4460049356666373,315.9402502395757,136.68142651381683,289.64963731499466,0.5598892876942725,0.3866806351614253,45.43958,0.2601750563520598,158.862508,Pitta
378.8510885770121,349.3936871218991,0.8418115707968091,291.3668756256974,121.68132763734228,254.0522623923534,0.4222602472814555,0.3419608643153974,15.393912,0.5988955354151307,145.69696,Kapha
475.20645421652085,484.1064255466353,0.6712396147644285,376.18210495162816,133.7455094273314,309.33825040243454,0.6308263482637733,0.4642871029193975,14.346664,0.4661412948137469,189.79592,Kapha
410.6532770371674,506.7375967018205,0.3868335570543175,320.65776865507115,153.8402958571458,282.1461448017434,0.562210154963677,0.70028522638896,16.477504,0.278972136538161,150.948192,Vata
434.4870290376749,438.5877062844989,0.6862457792159302,345.4170787153662,137.86568750884663,293.4591299692524,0.6229557991160642,0.5423771135095591,113.658392,0.2484277906980984,174.859008,Kapha
394.63549454221857,483.74191112625647,0.3958213288876737,321.1918541032001,143.5593364098107,260.69641105968327,0.4873583678804283,0.2819610853394576,20.309708,0.1233649766022979,128.974628,Vata
450.2969950989559,479.1887578691323,0.6016305835625424,373.7184715735848,146.15898931508784,294.970227821639,0.4206529836385269,0.2937377026638325,27.439856,0.4420722702759715,143.303168,Kapha
458.56266471892366,487.4499082154637,0.6033432057271858,357.67589372834414,156.35548275258446,318.22026383754456,0.3132033446462712,0.450368578005719,17.310712,0.4871787500437217,110.88458,Kapha
468.5466228995471,506.6163560365856,0.5769618726534569,361.8920945890416,156.96772003220528,321.7041140469734,0.6570982069650378,0.3391432091251437,26.388612,0.3895054476246244,190.1592,Pitta
408.7431519998638,511.31103056337633,0.3685890649227011,314.285052273616,170.27156852840204,282.9689844533995,0.4281036620736669,0.3371237509359256,23.528588,0.5031217136968288,138.432984,Vata
388.642154230222,511.1391878597212,0.3037164823042462,317.52091826922003,135.8036142721558,260.0092633435831,0.3057910533585764,0.3071720194456154,31.956264,0.3211967305744243,102.826516,Vata
420.0172775688405,516.7337746399089,0.3908940401982237,335.13375687080065,150.65699431842145,279.85755113236985,0.5173892774603754,0.6282941636593434,29.267892,0.4573401301077263,157.828412,Vata
502.2798805889056,472.17230763980217,0.8076851770484497,413.31657223307536,131.59802702088837,326.3859902140157,0.7315158560791396,0.2348358071614724,9.569556,0.3451944330066483,204.0412,Kapha
475.35682914286616,483.2360138076133,0.6746932356912976,375.5240552809868,140.46543979359097,324.92083447818186,0.6822747978765185,0.2901119415488198,15.606884,0.3615219620766944,193.822736,Kapha
337.38203135176104,516.6710936362067,0.1254064373017587,259.24662968535574,153.14637599866347,217.5679110986681,0.4284710991133271,0.6035787696548776,21.955008,0.531625690246053,138.29682,Vata
376.1652578395359,493.77527324790793,0.306157499862342,291.34391506404006,154.07274105441311,263.7033908588901,0.5506747669902157,0.5187391108699665,15.93518,0.5449281660633858,172.440248,Vata
519.9082457203784,512.6837704242446,0.7251808586203536,418.6073343996915,124.34478464007242,343.874841274035,0.4369408931037741,0.1520357030587562,16.970252,0.6968710241091338,151.074568,Kapha
394.3986198158859,532.5884673183125,0.2708070851224928,305.7585117403721,159.20901343291763,265.48576450292853,0.4595791564652103,0.2282855401365375,11.529732,0.6535087201022799,161.43678,Vata
419.8514028190367,519.6427458809517,0.3828060372847057,333.2131587794777,151.35025060813246,279.7461330893133,0.6555372366567439,0.4389334853245976,16.837424,0.3675639825966635,187.801548,Vata
372.20800773709095,515.3684806809656,0.2403874684332344,289.0673714943481,160.93335435995684,241.5079667645504,0.5751601083171726,0.2137556077373253,79.434912,0.526130933948539,200.780636,Vata
420.7386978821721,534.6038067352955,0.3480065523037696,337.3504405294205,162.5470796183189,282.2296598102116,0.6219040153558222,0.2546239712086722,13.198952,0.5648431379592688,193.70998,Kapha
454.8617054790368,522.2429778026021,0.4874727266271097,363.0911635457427,150.658121462887,304.39717332738934,0.740041655573256,0.1791056546391513,11.828212,0.3261401374543252,206.397344,Pitta
458.76151342491664,489.0320782901467,0.5989633001135705,356.89746947465267,155.3846536661916,308.00253568409653,0.6723881107961033,0.2085682987157162,14.222808,0.4250861638558948,196.57042,Kapha
429.4772137931421,502.2613700820038,0.4610798509143011,358.9005536138922,146.71532121425818,289.3122212207718,0.6776884066480359,0.2461572767243419,22.466968,0.4211597511177566,201.615748,Kapha
449.5546514494688,442.2651087283933,0.7291519109069434,337.52728440348506,135.12318462044828,316.0638817379572,0.7506324147092966,0.2458853918302277,56.741372,0.2681669472734327,206.047628,Kapha
506.0011748405888,544.1420170687662,0.5853523278863315,403.30670585373946,147.69896577207103,321.66263606700034,0.7360319344144448,0.3917363692163253,14.663792,0.4165487812140984,204.793488,Kapha
477.8770038500443,497.7217562475517,0.6355506729329772,376.2907013009445,153.31996621567654,308.4323577931031,0.8867313069039797,0.1591046631594943,31.528748,0.1230979365105302,214.747888,Kapha
407.0235510632512,513.2258984237202,0.3580698685507884,317.3290074450528,160.33916766987852,273.1872582718803,0.6139693739190697,0.3194513824327267,23.918864,0.3251849783120027,167.31676,Vata
413.1933799456968,489.50773725613936,0.4428303155697956,322.3761187051849,150.96509842753318,283.83330932015923,0.3918857797551361,0.5238210296654068,38.712512,0.3968693326357665,123.800404,Pitta
411.104219122484,518.2573135251317,0.3583596200877156,333.5772788364729,156.68035520666612,281.78953084281454,0.4823660119995855,0.4671653599041733,56.208024,0.5550420964168179,175.843248,Vata
487.1366183467027,485.0650383947618,0.7088689060976385,384.1215684113864,146.0099511381881,320.8090947322448,0.7835689885466236,0.1442975143599503,16.832316,0.248734636121201,208.419724,Kapha
484.45341760498405,462.0451269091397,0.7823290305107918,381.34882854770336,138.70339607507654,323.08730173468547,0.6832497471424752,0.3106084369263904,27.874624,0.4168949593013276,202.978244,Kapha
432.4375616735254,491.35443762841214,0.5026137009059783,338.42063502035273,153.4364193463736,302.5507290264512,0.6078414367203626,0.2936311559510337,12.316308,0.4588829496378492,182.571524,Kapha
435.7081766576863,504.7638238766398,0.4745421051867889,358.36279677835563,150.056252650267,295.511383316546,0.2697010947540882,0.1947912905489778,29.790656,0.5250597181255856,107.553908,Pitta
432.0496259508405,514.2972687615206,0.4361496205706999,357.1714243698847,154.92799815090498,289.65109430821923,0.5399050149868402,0.3115009281160915,8.960376,0.4648647388506921,168.133604,Pitta
416.8176415870227,522.0858934076008,0.3668744172098756,325.49878295048313,163.5294298372844,273.5245892136741,0.2978559905260601,0.2348555550201309,21.079788,0.4587992537800209,112.97264,Vata
438.2390943375588,447.25641534651857,0.6682879368602548,334.7699414615634,153.82568202865252,303.09221722957875,0.6204856774803776,0.4671561870279808,34.292804,0.4968381095904582,187.508968,Kapha
449.1965683057424,506.6027985311836,0.5135611756442375,369.90411741001407,152.76026461347533,287.1375409082316,0.5962557421192772,0.4032283977839872,13.871872,0.3767337770823118,171.598096,Pitta
396.0545929565104,477.5737425213084,0.418257700545264,312.6679728019192,161.67810917700533,274.0114947313931,0.6582711319741701,0.5756727594123147,22.291916,0.4312965720688522,187.17088,Pitta
426.6769307614234,514.8871584927396,0.4172193265732549,352.1298190483876,138.33707622067055,291.09865996189114,0.5789602151831383,0.1365104658971687,16.397696,0.4965562311245414,171.6984,Pitta
418.407454922273,486.6490464949509,0.4688621172861066,328.47253524675,138.6062601603399,290.39060203923964,0.6666878902977599,0.3427632659210666,12.086436,0.4395936709590701,194.249676,Kapha
359.69205259723094,496.0397087778357,0.245221356535835,302.4885818315869,130.12075812538745,247.8419368162756,0.3434102973232059,0.3034406286776409,15.613364,0.75849853952585,136.041648,Vata
365.4639818799067,452.88560743301457,0.3811548680653172,272.9410867045862,142.48679246198873,268.1004533086189,0.3351947253771833,0.2719313005156913,34.79912,0.1191881008866291,97.566328,Vata
417.4253168082787,515.5021024112103,0.3857683619758126,330.6063589881621,158.40163732723332,271.70477223132593,0.4346754494105557,0.3584502251765114,131.984292,0.3120735444517175,136.943476,Vata
406.0265052031016,505.0077902521962,0.3762266879861672,332.0030968938062,153.6516062880559,260.7692900141899,0.3426950281801394,0.3029598840602513,20.992428,0.4305278970212107,114.620308,Vata
453.52080952340725,466.9815204563188,0.6538981176327077,353.7838317626296,152.71260520621863,319.84118391800376,0.3545019956902049,0.1984945626751357,65.782032,0.4678714762490805,132.167996,Kapha
479.0855655073284,466.2460826638596,0.7475150675310384,374.6055103937316,149.80975494354578,318.6516524891351,0.649162582271503,0.262000627853438,12.935468,0.4616744208847601,197.406176,Kapha
418.0195710696304,482.2288166793276,0.4806160029658887,335.9255749272284,142.1716363726613,277.64138834411744,0.6908535126387024,0.3079085409968141,23.930636,0.2956342802298027,187.614528,Pitta
463.2950428623124,520.290845092854,0.5198230423665701,356.5627614162707,145.39961787680733,306.79857860393207,0.6346284617762338,0.3252635085190877,15.500316,0.4343937914757035,191.698908,Kapha
396.325064576056,497.1498854884153,0.3649218834253301,299.95415579888976,160.75195565528492,270.3686148012289,0.4966442449338397,0.6708873548024528,34.852388,0.3342895278419217,146.1721,Vata
445.6322119987862,502.6601987067463,0.5133347734767485,358.08320239405083,157.62760817633955,302.84777628780097,0.379952433648829,0.4508648776202612,12.360224,0.5541010835288038,136.548468,Pitta
351.40938339606606,457.9591424804866,0.3153312797195186,271.9903998575127,152.44353417547157,246.68915328607645,0.3216297750059658,0.5576691867669267,14.394276,0.3982492001457975,102.7127,Vata
394.3167148990301,492.9724641754502,0.3693756349900344,325.117201489215,137.1213391561206,284.67008277694555,0.5231515234018727,0.5321276216723114,25.242348,0.5480962855514954,167.817948,Vata
493.6176961565586,499.8998917013449,0.6809021572447242,404.7789667393682,135.2189466852722,335.49038772879135,0.4805618762690534,0.2488844766377053,17.26582,0.5581830881833604,166.765832,Kapha
437.0030177731734,491.057227908283,0.5189407864562475,342.9579010472141,139.9368681866358,285.242211818673,0.6008771493290939,0.311714711013304,26.699652,0.5350299238857242,194.603176,Kapha
456.0870247645737,513.1276917722939,0.5171378017164987,367.676380541939,169.39060221271575,303.83088546980616,0.3634098406104636,0.4021604072119956,18.384584,0.5983128042710749,127.76552,Pitta
405.9428321090925,499.3571568645469,0.3910597177727048,322.07490993421845,145.08846964082272,281.86987709314855,0.3414526531358226,0.3823679431225569,37.951688,0.2918745164445648,108.309348,Vata
419.805625838407,487.620098863889,0.4707808254512985,333.2011457287201,158.8395641343954,297.420355149049,0.6602902598101537,0.3388431711075709,13.780936,0.4231178256714204,191.98996,Kapha
411.7018676748304,526.7895257812796,0.3389041264712186,330.22229275227687,148.03300887461145,275.71966467295493,0.6191770831017329,0.3391799189332348,11.030144,0.3106486047471724,174.85252,Vata
421.0761614082971,488.4680110586722,0.4726188710116625,350.0618376702213,129.39335313890575,269.3312382825238,0.5193203536481678,0.6184572614912549,14.043628,0.299645384803101,147.8395,Pitta
452.8720812806933,471.86689173691127,0.634913829495142,344.0816264985337,151.7403933016449,298.9406101823112,0.2474794714043644,0.1993699608586423,23.11412,0.4360448011536321,92.47046,Kapha
409.4649055898328,478.4408431593613,0.4623168491101984,323.3802516846642,150.76305066144707,272.41642387074785,0.6135578909888489,0.362815381082147,31.425408,0.4221859622700828,185.94866,Kapha
442.0883541686996,453.1786448605421,0.6611278170281623,349.2418271376269,125.74764138200526,296.74395727242654,0.6685400049459822,0.45199848561024,16.526284,0.3395048196524761,179.486372,Kapha
454.1500884626655,514.4585100297295,0.5070652449208055,349.9894586669721,155.54795442660696,297.4543826180813,0.6605939657571395,0.2182607358558978,12.28372,0.449036903424771,198.55494,Kapha
401.7927150107573,501.3219789062673,0.3720176451839941,296.8359907875385,160.06255748438056,285.6168357100248,0.4984359996554989,0.3851297566532783,13.699328,0.2738270864509675,141.830024,Vata
409.4984860238207,473.22653479556095,0.4780977860983265,315.1058578007789,155.60492754326245,279.98430956423897,0.3657539448462776,0.4050297734019766,26.667156,0.6243145143810349,147.12122,Pitta
452.4031235195734,524.9485827158625,0.4722374739459855,371.0032954816185,152.7781509477625,310.6538846949168,0.2712509683072661,0.4249755967377758,12.491984,0.6841888058360085,113.139756,Pitta
405.92289494302673,501.8079103399957,0.3843993056472138,317.54424671790235,169.90531755306947,287.8864024931762,0.4018119576385688,0.4741935806319503,12.658132,0.6599668565753478,144.405572,Vata
390.98889469897415,515.6523762305382,0.3002221065916596,320.922415830371,153.84048269753546,261.9156373599834,0.2180448368303429,0.3203867615717453,21.073156,0.8296072527136837,116.732804,Vata
406.833503288092,486.6740836764549,0.4292879881095119,324.4463780651652,146.05672374960184,266.0164538583598,0.564933294655891,0.4205374467101668,45.245116,0.4843362982621917,175.43308,Pitta
404.53598058100647,498.47698061296063,0.3887561517159691,320.2817115439028,150.2678488129634,282.304101334148,0.4912801778563028,0.5064872595889263,12.731068,0.5690381944814887,158.817708,Vata
419.94251110861927,486.813331088012,0.4736176774255232,335.6064534031103,159.9047943336729,276.9648206950919,0.5471468215883378,0.3568288361505441,26.88794,0.3997221999768528,164.850028,Pitta
399.59016977067495,506.2783223761571,0.3517594532472052,317.4068935321311,149.3143441326733,268.4393479027756,0.7762479394750468,0.2474138677689841,15.619988,0.3620657488189734,211.028104,Vata
491.27892015608575,515.2954545795814,0.6243621824803658,395.0698972175782,156.96510875603687,312.3306575062252,0.6612197184000734,0.1684539343313264,9.45888,0.35323495800757,194.917672,Kapha
472.92051127061006,455.4886810205438,0.7653415841436976,376.1965967401516,130.57783478046625,317.3290613651071,0.5856267563675108,0.2529692313667614,30.234096,0.3906844822140056,179.591568,Kapha
404.8484865126329,478.3016634340474,0.4466993550547876,326.5776285581343,146.7048056313227,269.2738863069159,0.4572735798420962,0.6785380652621841,69.472564,0.3762124926753464,136.7621,Pitta
361.9098474986408,395.3218753110917,0.5613928885105166,275.4828424514184,125.98166276080912,238.9831430101894,0.779109597974796,0.2416909129663938,21.998528,0.2911052505629129,211.391188,Pitta
395.5384544009031,498.6572705700646,0.3582991345434108,313.1278321308915,157.2140892755884,282.674929586043,0.6630252387166868,0.2876717273094888,32.015384,0.3160435607398295,187.4848,Vata
384.7986048398117,489.4139170338055,0.3467332550111752,305.2607463418482,143.58700655901467,258.17001076463833,0.2548897560455643,0.3285367267664665,13.537748,0.4262962087903406,92.636284,Vata
366.1633058756409,487.70641940702166,0.2878397336349804,293.3824981475779,148.96768860251598,256.8984960433098,0.3737951592783682,0.5256244518837817,14.847248,0.5665379875207753,128.42732,Vata
391.40721415655,503.4628366822833,0.3320943398322667,305.3413253045149,164.88701769190916,265.2186206585087,0.4016519275806096,0.4126071600276629,17.82496,0.466833482178488,129.448184,Vata
368.82783777270464,450.5658750740517,0.4004561461397388,286.6606982691999,147.98240357150084,254.3489043273884,0.7464385235351942,0.3919305501310913,10.778152,0.4707675251158473,219.687268,Kapha
443.43338704195736,513.184766878452,0.4760190189710651,345.576428146204,154.19715125489648,292.3449116208244,0.7400214887759834,0.3166347401020592,26.380936,0.2524660905168507,198.349932,Pitta
401.4579858668432,464.9146222278176,0.4750684523555847,319.6852244333072,137.04450529536905,264.7882505911525,0.3590817649852548,0.5281114013239883,47.294432,0.3792519791588873,117.434672,Pitta
392.6376140986528,486.1531738142782,0.3822747661092346,304.9211498973184,137.63991378177914,281.47089660979555,0.377222712156112,0.6008773001219976,22.903284,0.7146446109793569,145.19842,Pitta
374.3818405802203,459.4605811182527,0.3942126268579402,294.45682824890827,144.05525276354865,261.61396457259946,0.3308783485010391,0.2811644057471576,44.16266,0.5470881370389182,121.476856,Vata
403.8084090075446,501.28490852375705,0.378794927004105,332.64194074220984,143.43590056018837,271.8318947246145,0.159484972505331,0.3150800441908704,20.812768,0.515139868304112,75.327412,Vata
384.2260845616386,487.9784220769558,0.3486261892506375,303.498434970068,154.17664407264326,264.50956701926606,0.435740176040689,0.4911374670109895,12.7328,0.6010094213378453,146.942,Vata
393.3328458882907,502.8699397686097,0.3399771127655607,307.34996551964275,153.60599264777375,263.496899551164,0.589791531100974,0.320177089193391,20.551312,0.4156020794386117,174.932928,Vata
419.2966249064775,468.3031991910615,0.5279600112216002,335.1827059476674,154.85323554633078,280.51161056862594,0.3614852659573145,0.3329559944582455,22.783748,0.4273637445614573,124.566348,Pitta
427.2474005495299,484.6643620342233,0.5050048430884597,348.4249145193916,144.42212231860293,289.19302784878823,0.308520915316548,0.2605681432606789,38.52668,0.4006401703384581,114.432888,Pitta
382.1322934501837,490.4162984705391,0.3350336252793542,301.7541227945638,155.44490821785786,252.34461719126344,0.5920246075862314,0.3356380845335734,35.351544,0.347751562604029,173.469608,Vata
440.3803326028688,512.9062429015229,0.4669115428659923,348.54444612398737,149.2718981625714,301.88665563086977,0.4172048425677466,0.2870641510702655,13.12714,0.6215317030726205,146.010468,Pitta
491.39328091510544,496.2056161489389,0.685666870889562,391.8561115734765,142.9576669497939,315.0372538409327,0.862217832393166,0.0775369304625577,95.924208,0.2492433948471441,234.394076,Kapha
430.91293077646094,526.5520858251954,0.4000892538261024,347.9625850072465,157.0965844554594,280.3823870582809,0.2373612775178457,0.2712144074464952,14.519512,0.8937819717164045,132.400936,Pitta
409.3767962458016,497.75362475841314,0.4068684849061556,327.0016502973924,153.66123262075996,274.9449995815073,0.4463074975456707,0.5045622274388601,21.688472,0.297111314613101,130.135648,Pitta
494.1900046757622,476.9028910151953,0.7619832701431315,386.9700937962879,141.25814464092454,324.04159953761047,0.7836437160620896,0.3410071405113064,16.457504,0.2499049432481987,209.800072,Kapha
417.6154908154439,504.0513241598403,0.4169491316258903,334.9301016510645,154.5494324010084,281.0210425558663,0.5856917917804068,0.105656540384034,10.353312,0.4942280750276814,184.312424,Pitta
520.798991727547,510.4748598927723,0.7353677011570047,417.0504690708005,141.56097589739227,344.46229044175266,0.6532569036465342,0.2702640993340074,14.999284,0.4418173507219046,193.765164,Kapha
485.2556058431424,517.5444150462057,0.5981501828757174,383.8333881961876,154.6439744444866,312.15492717675573,0.7120650704088108,0.1783365382783982,144.458112,0.182994764062761,188.459348,Pitta
415.2753386399026,461.4870028019979,0.5354520815861459,315.6248925990064,155.3922919098705,296.066527410494,0.5757110933117109,0.4583634361320353,38.404112,0.4990871445728284,177.76498,Pitta
426.6910545881333,497.3959963857494,0.4656686141084588,338.82223518894705,146.414689266388,283.5632676342795,0.3555988487307198,0.2849085470045344,26.382964,0.4580335497834036,124.726472,Pitta
453.205909250048,462.155169059138,0.6696120991297906,344.8590263186485,159.48771067946475,325.3492654181482,0.7093701642327784,0.2016828503558604,18.646648,0.3439001689042507,195.651352,Kapha
368.539324158584,509.3021855703116,0.2427111140814846,307.7984963999696,138.1863745345176,233.248262712601,0.5605222642645878,0.6106467516463651,18.639544,0.4571603308778497,160.373904,Vata
426.5832072999151,498.70811519759206,0.4615605671939473,335.63333062408253,157.33435250478254,306.5764923771032,0.5278040536988234,0.5269142188425696,16.593792,0.6553401367250672,169.388676,Pitta
388.5420979948712,521.0747165560996,0.2793172036968624,308.43150724337784,152.510925425537,268.3311819783714,0.3926459977796858,0.3879717473872084,12.217692,0.4665076625431629,131.5956,Vata
415.27477690369017,503.69934549988506,0.4101921725778428,332.49327783479765,145.71228274062335,288.134958415353,0.3176395985840139,0.2351212280030996,56.278348,0.3387110932427901,109.737232,Pitta
474.1042499014928,443.7012792125184,0.815586905199116,376.4039331717876,122.12228594917556,312.20534502119165,0.7029933828022529,0.3361961027091781,39.466788,0.2679020341841028,193.520908,Kapha
473.7717948656125,481.7000655012516,0.6744376265791395,368.8657295774361,155.7542858753061,317.8372250414301,0.6484967167651382,0.3681416457835744,13.71902,0.3037979350385095,179.960896,Kapha
475.0563683509423,502.3417658346998,0.6115576346735692,363.675554978179,145.71786485965598,319.654545207719,0.860865814184374,0.2151624654465522,19.515208,0.2469228689495052,222.269844,Kapha
393.72447041217737,489.5394012027841,0.3766832301662728,316.6832726305309,147.553036286369,273.8948647695086,0.4349941851397875,0.4859851116537059,13.971972,0.555203917411804,145.72652,Vata
398.4063160841428,475.195129855477,0.4333726527148694,323.801843881198,140.31350758126916,267.80477597843134,0.5319782596708121,0.4000091705593583,0.0,0.0,131.785292,Pitta
373.3211416928448,462.6675687389936,0.3810235991243035,294.704620474977,148.6355587263237,267.9153108111848,0.6174260432374529,0.8473740364597943,55.003192,0.1831090988842758,157.914564,Vata
373.53703310856974,473.6875114852638,0.3506016367406089,279.92713675703413,151.26102166605315,262.9418845437595,0.6554912643855484,0.4445468698084684,18.234564,0.2607939802995008,173.759268,Vata
378.1336594372112,508.0251262140712,0.2771006976078383,300.83805912725364,153.28190119993124,252.956915888452,0.5100787632828961,0.3682652196564396,9.59274,0.3882655571321633,153.676712,Vata
389.510842102962,470.2619379837388,0.4165622323074424,300.5089020423377,157.00633831742635,275.252769710743,0.6217025079148158,0.5265045888588262,18.864636,0.3823714476864763,173.153616,Pitta
447.32888929967936,491.8535725144762,0.5514175791714271,354.63900798094613,144.81840425637435,294.78297579321975,0.6052461404763314,0.4879384270618188,24.10414,0.2993003377409776,169.0219,Pitta
406.6985819997028,514.9778358068891,0.3525404616621501,323.82144743079886,142.07064170034462,267.643533300927,0.5205577923421073,0.4008984477751108,53.61182,0.3220922661246029,159.81362,Vata
470.9748906954474,472.31261318993177,0.6970710459011985,358.53868063140544,162.66323629233668,319.8793609640965,0.7186175738728847,0.517537712873211,27.038412,0.2585220040765521,190.832924,Kapha
513.2828080907007,529.654154292419,0.6504357173056451,402.1543709738559,147.28704098969263,346.4378894721538,0.6351322705116796,0.1637234102413234,35.335884,0.1950016759428731,170.47086,Kapha
437.2840303255452,506.1204537454824,0.4758706325541157,335.69948439307063,146.13456932311846,299.7302148492165,0.7686577389091244,0.2063479505637198,21.261932,0.2319175588710384,203.223428,Pitta
454.7147125793306,485.4767372360244,0.5965289294154587,367.1145781552265,126.8756608673483,302.7148074450702,0.7781479327086349,0.2243058801172315,12.390936,0.3167477673564412,208.499716,Pitta
389.707071696326,499.9464568213211,0.3355282494835249,304.8814821515815,157.43381705075424,268.16723415704774,0.7091986160239391,0.4398855700524396,18.469864,0.3637741875627212,196.894524,Vata
410.95098871736656,503.2354114443303,0.3971836192679922,324.48136984601746,159.32460864987237,273.74158341620915,0.3827525081676532,0.5972710132365733,14.500892,0.5857103485893652,134.569236,Vata
454.42208233474975,475.72308215478085,0.6274038449998972,349.03324345643205,151.41845024402923,311.42855199975634,0.6216199544780203,0.2231925921019011,26.589224,0.2718233151068356,170.538088,Kapha
430.558466230141,518.1321003304748,0.421042152178012,341.1288071317907,165.7673257158104,282.471459248295,0.5860544931343393,0.407751919446339,25.440124,0.3925153586456977,174.405992,Pitta
448.9150917224024,475.8431972610138,0.6077807794502715,347.7829259746196,128.37969364198278,307.6442408300371,0.5092589277909865,0.2037863622326825,23.680848,0.4782800639640276,170.544736,Kapha
499.7551070456237,504.7184844170124,0.6854415048270437,399.02318240413,153.91540204211017,327.22805869746,0.5119381018584999,0.3929348586492496,35.885456,0.4826721045453435,169.562868,Kapha
502.0048732356048,520.8135736931321,0.6417910949006385,401.8444278178512,147.47319630699005,320.00072480975257,0.5336634815300632,0.1948945172493471,14.378624,0.6962372786685154,179.309152,Kapha
356.83277443581574,491.3555078768057,0.2470378523594963,283.9441540885307,151.769505632964,243.16626147007688,0.4070085299331859,0.6595862257843212,21.55264,0.5126623156074577,135.55548,Vata
408.8830359864792,514.808269925789,0.3600203927088778,332.93251188972704,129.00851349658933,270.1638355613049,0.7344714858342396,0.3969191227435969,15.205552,0.2808075033083328,195.962712,Vata
417.76341061093297,510.6764369382009,0.3995772784254843,321.6210309433173,160.72338372141755,301.1585688142296,0.4827571676008141,0.5979614745146704,63.038752,0.4545165006096732,161.264264,Vata
442.6879885780686,468.453737686727,0.6104193881735871,338.49681874078686,150.09308401450193,306.84598638070423,0.7073832430730362,0.2099452140371108,14.445404,0.7182782570248138,230.9405,Kapha
357.1492219109945,457.8708999664804,0.3363986764506976,281.5643129490604,130.88952147845762,266.6589069542803,0.2768553513690185,0.5261843763674383,42.02084,0.4664436498983698,97.78362,Vata
378.2812389894502,493.3638176038707,0.3143364726228113,303.9077520543497,137.66195469484407,245.74064366742795,0.3341264670492191,0.4004108426020562,20.99234,0.4372032071955615,113.82666,Vata
469.6482549680852,480.1482549927917,0.6654529433811877,374.29624797554135,150.36185460475176,303.3477803363437,0.7604372105462597,0.3681532310277568,32.739984,0.2692531702802525,203.899116,Kapha
423.5945622324545,493.5949676191097,0.4662212189344116,344.2697982526369,144.2294646706579,281.2655545848111,0.461538586567974,0.6278034358380548,26.001256,0.4592651348377745,136.893884,Pitta
445.6547565635619,465.8027174394945,0.62993145295528,360.2827138912283,143.8990352333006,295.7744818519455,0.5700312001423596,0.2736122512084266,32.449368,0.3283212940493764,166.2904,Kapha
384.0109162372177,466.3912371427498,0.4083929894034529,300.78266164737533,131.31322013728317,274.3900937220219,0.3075699655426691,0.5702216105513281,41.819,0.4606253191347705,104.452168,Pitta
434.2639505143471,521.0259391913229,0.4251888032078779,347.3188338849237,147.1281153017498,292.1973701281387,0.6158407323071772,0.6199603116515426,23.670168,0.3250098044683797,170.09678,Pitta
428.36618367992025,459.3420641381756,0.5897675439767844,331.4662121246678,146.41217714701568,295.4576648979004,0.4401627847822672,0.6309654242566922,56.055904,0.3304948542071501,134.317172,Pitta
407.208640201733,538.8717686482978,0.2959495542928393,317.277350329034,150.36960624792516,279.85290108235586,0.2730574317477321,0.3306558283088276,25.912196,0.5579851756708194,107.73302,Vata
364.1700016177396,461.70484000482696,0.3508972617612236,277.252232522751,152.17622002677527,267.74789115217794,0.5446796296565336,0.7378158703673457,28.41556,0.2033296163684384,144.363064,Vata
443.75614716993744,516.9226185294999,0.4666781438072808,364.3261029620263,155.11732579530036,287.01065842039753,0.3520806957637365,0.5749859984445912,12.326776,0.5366728475781951,120.663228,Pitta
374.3342601983793,467.6596209335334,0.3703156682496005,314.8035042766268,120.94432723378829,248.24292998587208,0.3492094655602072,0.6171656642603259,127.256904,0.31954185515397,110.883904,Vata
477.72371392193753,491.0417348480192,0.6567266763083681,385.49706097250544,126.72792376349275,308.77537934154,0.7671110157909434,0.4072222418918509,24.049964,0.2866604231830031,202.98246,Kapha
431.4325955203902,520.7763293370666,0.4168220029621993,328.34768910656464,150.7837625616267,291.6737247511276,0.5789047113410926,0.6103011754639412,11.309996,0.4419304363515116,167.39588,Pitta
457.239102356518,514.9073893826439,0.5157514224512486,362.5912727873831,140.61758891305496,301.0757449579056,0.6533136716758716,0.4188976373277242,69.045132,0.0638378423309137,160.746384,Pitta
383.3958871723639,467.81095446963536,0.4020589649773715,293.8430969725533,156.70518169872028,279.58877650265754,0.6977769447073374,0.582188021559947,19.445052,0.3493832604503006,195.661072,Pitta
460.1543830100351,477.0759859003184,0.6428618649824812,345.1517822660465,165.88765304246365,309.85372364132405,0.8011178746691943,0.2224769911679166,33.641848,0.1967823483646457,207.37214,Kapha
454.5701318120092,448.47170357628096,0.7243616050703031,365.1134875896248,137.13999012117586,309.9320647588606,0.7417800936975487,0.3835787623099832,46.014472,0.2870395529270457,203.03326,Kapha
425.6943711000769,503.2966278455857,0.4456743778130254,341.2445956133096,139.36382195059045,283.5363364336641,0.6455744374747814,0.1856468568513873,14.910376,0.4278493594751612,186.439512,Kapha
419.22284083873865,505.92516012927047,0.4171291846661903,337.8935343600261,148.78908706100296,264.06604174377713,0.4780241908458874,0.4305903817297826,10.974852,0.59431999867113,161.174708,Pitta
411.2590793385645,499.0684950325664,0.4095338868052287,321.9423177195724,154.55832926619203,281.90863595640104,0.4177036948863504,0.4436410791906945,13.426532,0.6611154885346466,148.344292,Pitta
395.537374537702,481.0658106694124,0.4064729749415617,314.5526707382183,150.02864600915197,272.287684112461,0.4507918507998935,0.6574086863703541,15.644368,0.4407950559550194,135.4505,Pitta
437.1174185221225,458.6506665394584,0.6237944353355066,335.2049441366137,144.14255538409117,299.2337577043695,0.3561367102571823,0.3948502761944701,138.4622,0.5747025707829273,140.184752,Kapha
441.4829737119192,449.4203852970807,0.6724403062025625,336.8918150207781,144.3152812843684,304.6935864444239,0.6306593952754072,0.2283971912798993,42.22086,0.2553823121448328,168.903884,Kapha
390.5342934021057,463.0392382101205,0.4416930911152346,308.18653003000213,156.05407196658945,278.7084412691952,0.2396934221405508,0.5138641203637233,11.429464,0.715066753439363,104.359492,Pitta
414.9843993762531,500.6118197163176,0.4176744161118498,331.86531070493646,154.27321250134557,280.1327006970951,0.4010355861097361,0.6037406153174802,20.832732,0.569903445568387,134.681372,Pitta
412.7043135659775,503.67902341863777,0.4017708860665608,320.7658695499695,162.77266482552807,281.94120380467393,0.5103115744092213,0.2547208984537149,13.26128,0.5799710882973407,181.133896,Pitta
402.8715762920917,499.5526338246415,0.3803197149187123,326.0533072149595,148.35495040006995,277.86760258502886,0.4331994605813158,0.4427709421721965,16.492196,0.4978139479231476,145.332988,Vata
443.75458063953886,492.1053965967788,0.5385804602792966,371.92313945466185,130.88898738924544,289.82705035173825,0.2228178662493056,0.3609721071180211,66.45474,0.3241666674544454,82.655964,Vata
391.1811396053199,503.4626060646946,0.3313490918023375,321.4148794995356,150.31883485575605,253.7591179031093,0.499582838260199,0.3327318399096772,10.508288,0.4743188257812142,156.8766,Vata
391.78063808576303,480.1460987091032,0.3960932249906926,310.35359395321365,153.14244831677104,254.3924835871505,0.5333670597098533,0.742675542769482,20.255228,0.402811232112416,151.971516,Vata
405.0319441223018,443.4512734150509,0.5578740425105095,313.82297172594093,149.04050260989777,278.59367947600134,0.6365844203805613,0.3611331444819035,22.970676,0.4885655725141047,183.01666,Kapha
432.66369654146814,505.1871199833997,0.4633310632607458,334.072351561738,159.4831498981672,293.03007056042765,0.6898627509983668,0.2464109848449749,22.758056,0.3480862953924265,192.57158,Pitta
397.6990955342538,524.4809800658591,0.3002727429207603,298.05040557673715,152.38981269794513,281.4359551247399,0.714092405428958,0.2898634421060191,24.194848,0.4229711469080744,207.23468,Kapha
406.2250652767025,482.9590109192793,0.4378761009934421,330.55051364351857,148.07524736918654,280.43676955758946,0.4536565192693848,0.6002581636889273,36.087636,0.3359789417305319,139.737032,Pitta
428.9933496670027,476.97930353481735,0.5346757255956379,346.5333619634524,139.19901492127846,285.85567974728167,0.2883712347385504,0.2196058599350622,22.842908,0.4854472856545367,108.349604,Pitta
529.0166336794916,526.5956685711805,0.709411482115102,415.4232001539373,136.63893787090623,344.6602989603037,0.813458549947478,0.357967924871777,17.582344,0.3445441779756797,224.192652,Kapha
439.247714075242,517.9268739756267,0.4494550664855936,346.13382418887414,146.55888222592398,295.940541983722,0.5231130760550325,0.3521471316264939,18.037,0.6334158058834103,172.468036,Pitta
451.5098517630682,516.2433478587224,0.4935011465040683,383.4757495200924,137.95576649112763,285.2780967944045,0.7250626816165576,0.2735449707118833,59.46346,0.2341636734452996,194.033796,Pitta
436.0679548997514,478.4347327593235,0.5546919691145216,340.8316780701542,133.89202546184384,301.1322636515903,0.420717998984958,0.3491452569898953,36.5999,0.4631778908697846,141.27182,Pitta
426.4811440882921,429.6941300048368,0.6893556940513282,327.52627699417576,136.1760609231192,287.1831328040781,0.3185760001708058,0.354830800451512,12.33652,0.5410480071877827,116.369968,Kapha
378.1223894348377,474.5060210843713,0.3643929183687018,293.27256037995176,151.89135902805376,262.952648213676,0.5427174905810022,0.5086668700081571,18.492408,0.4333791606699828,166.210556,Vata
424.3827748502845,524.1708676261754,0.3855717968626248,350.1992651477173,163.40443926818867,281.7776300317589,0.4885751782484015,0.5027333007153844,9.58508,0.4498566940548054,155.534884,Vata
451.4871582791515,478.81057930596063,0.6069919748070548,341.0180002131592,160.2762184773736,306.2359297055549,0.6223612698925891,0.6011417793803707,14.921684,0.3279041314760303,167.68438,Kapha
414.16308078826063,509.8933226882489,0.3899361304493391,322.823656306389,153.44707407437974,286.51545618137544,0.317867794423401,0.1863473937274725,14.607772,0.4793044182094637,115.856256,Vata
400.3940876792929,495.3350446304672,0.3834175802657499,318.40310134031296,150.9576631391472,261.611225692354,0.3879959958573185,0.461619329663794,16.383196,0.4569061034436237,129.664324,Vata
502.171522801519,526.1108190655068,0.6261974267658046,396.3665710745074,156.69119352641334,309.7456897795053,0.7150224860792912,0.4587451180067862,64.206548,0.3141747190027208,202.065844,Kapha
388.7478358933632,484.86228352705314,0.3725212613280628,315.1040898644136,139.59494695280944,258.719198162744,0.6178632714422017,0.4158813287550519,23.859996,0.2488886918691921,159.569048,Vata
385.2046334563741,501.4944888192927,0.316619432490112,308.33268807115803,146.6939672868058,274.2684818095299,0.3729878853935158,0.5836167330078664,0.0,0.0,100.09254,Vata
395.1977721934201,498.0042377934211,0.3588905003203022,315.6280748804557,146.59244711305942,271.3166014238465,0.5986054248323467,0.4070200717411131,12.946268,0.5247803211625128,190.000872,Vata
479.9061656413531,472.9835944496832,0.726085222467923,394.4676680054533,113.5268142286509,296.7592574216464,0.6468721758958893,0.2379320235322269,9.656516,0.5257394979761065,204.447444,Kapha
444.0930113624536,496.3993670175037,0.5267567833959726,350.5308612135087,157.92148227297207,285.1504327224874,0.6037880308673601,0.1724326028683122,22.350256,0.4002423871206558,176.830456,Kapha
439.7329412208708,447.9057296534166,0.671468258722226,336.19431809533,141.7643294295734,304.1066645351665,0.5983551358150521,0.4144142823207561,16.431876,0.4192029257560008,176.756068,Kapha
400.7180152681376,491.0809437302115,0.3961438465342456,318.8795059283022,142.24230807913517,253.45440860488304,0.5010189148906575,0.3078065940188323,11.464012,0.3992684900997152,154.186684,Vata
398.70151471891455,477.50990073730696,0.4276488938746093,303.3390615328749,134.48215994590046,270.61051034729235,0.6981371778860814,0.4190416931558473,79.759204,0.1373193449048568,173.26338,Pitta
444.79940782819233,467.4705442550929,0.6212226958281913,332.766656872623,139.4070017599373,306.1076851185416,0.8121398621369645,0.2013641254311276,16.579468,0.2564883196505179,209.370892,Kapha
435.7414944745513,528.2769921098879,0.4108325799158075,342.02684321076845,161.5397716936548,292.36748536829964,0.531079261974683,0.3157291626098263,15.614868,0.520974050300164,164.746876,Pitta
417.8153351293895,521.7487263259678,0.3709074725952646,311.57499059829576,149.08772603647,279.24361678796663,0.4908974301038873,0.4287917918664118,21.651776,0.3759099012571192,149.344236,Vata
429.3782409380477,502.12867289732696,0.4611277975319214,342.0034747147104,146.0701154626548,286.2740118588061,0.6145649666651872,0.3502862054759812,28.17512,0.4042551460291836,180.096952,Kapha
408.656305212999,491.9114294439752,0.4206597415876446,330.9411162704551,144.57827179290956,263.66035483737136,0.4689780478492081,0.825066787761886,27.94186,0.3060470375447667,133.2539,Pitta
441.9408422074024,509.6585500338684,0.4810847550350859,350.5148958721223,141.91901873606912,300.7120748981771,0.7700443918364163,0.1952886904336813,12.616372,0.2896499757521722,203.338996,Pitta
429.6825566692642,528.897007551508,0.3901988270924224,335.15129130585285,156.35777464596683,278.71752168736043,0.5736171978273317,0.2420415128118493,13.8126,0.3872585227637203,171.146428,Vata
465.4350144837733,483.916101671456,0.6383419155105399,347.92768835064425,147.18612045420454,319.9376139384702,0.6251121615058262,0.3500983124631341,20.263188,0.2743734222199774,170.963312,Kapha
474.07340843058046,456.8906372707408,0.7642411109220829,384.7129474521877,141.09928192474476,324.7467561065938,0.5166502496228108,0.3229230413282005,59.45048,0.2269944598001265,146.261192,Kapha
389.3787549447232,474.509353759786,0.403785266292663,300.9661232816818,150.6238511393421,283.558601418004,0.4847615867179908,0.3221863189896357,15.899132,0.5563462527686481,155.25226,Pitta
382.0940394488453,486.459593319507,0.3454298187371415,306.9375646552444,155.78688456083944,272.2318571840376,0.5963726493440634,0.4907646206040494,34.547892,0.3490060382560633,176.012696,Vata
334.2439714389845,340.1830470305114,0.67277743381167,265.3832085564883,100.26587925019906,214.70209215521032,0.7605299577472486,0.2800200863235606,43.609764,0.3188924441715879,202.90922,Kapha
465.391368667791,470.97190196433246,0.6820946222438953,369.3218028459008,148.9258012597916,297.8767473686934,0.7206991485477858,0.2381853984214877,31.373056,0.3394250401800889,202.575244,Kapha
479.0131560955624,484.1998969200316,0.683983125442391,362.27185835235474,143.33851714289474,310.0932669069616,0.6647684727261023,0.2803531763004235,6.288872,0.4677544742340326,207.585484,Kapha
409.1826837876968,515.7556181162365,0.3585622450686621,323.1178856884447,159.2453067375385,291.9970298672825,0.3608491389520024,0.5169290345561314,28.946092,0.5188327496793628,127.93778,Vata
410.8459915553421,488.6978563811346,0.4371755670462528,330.14770048187063,151.31864494664526,265.7837468096616,0.823839092796725,0.2803806671753241,17.192404,0.1838270634928459,208.594832,Pitta
418.2885609390037,455.6582565082235,0.5655552547825087,329.1582487358544,148.8048555672584,270.66081002140936,0.5469733469988635,0.7838672772892358,29.772184,0.4526705494702279,158.59668,Pitta
477.8150660001144,498.8041334986041,0.6318839246386256,366.17908010899146,155.47688775033703,325.928412849379,0.6270093855672514,0.4859793293584713,21.763156,0.3807164034563047,181.402004,Kapha
449.8627555979987,501.7649337926916,0.5299662528727811,369.7379124657485,121.68654540011605,296.35518328086545,0.4231905486629033,0.3510693219114994,21.947464,0.4630464049809941,144.938292,Pitta
414.9000089785967,496.93551683134285,0.427578328822018,327.87463909119987,152.30487218908314,288.42695009901803,0.2553127571266653,0.312880272571711,29.370504,0.1924203221510625,83.453176,Vata
367.90554799233416,476.2905778011632,0.3238045761774123,294.9200647382332,146.28166247045587,249.6446368897735,0.7909830858161637,0.3501636361965407,64.016224,0.1713041171879758,198.89222,Vata
376.6959101368163,499.0896816335248,0.294449814863651,298.2902001897996,151.7074050007847,254.2860028013432,0.543721215157694,0.3696598390429396,11.821372,0.4737598799263233,174.039556,Vata
454.4834552558796,490.7607124448665,0.5789959485904849,371.4093929003223,142.26126772515943,309.2486782861666,0.2831723949333942,0.1736929371153497,14.342712,0.515171537007074,108.029248,Pitta
436.9025018600889,490.5822516503436,0.5200315802754779,341.351700511504,152.12173758376628,288.5188352792297,0.5379202610053122,0.6688976013029074,17.709648,0.5001266241689329,167.177088,Pitta
406.7344434031818,514.7389268556025,0.3532650019145318,325.2735478694145,154.64613104086015,269.33210074770227,0.3149847852049472,0.2258365097647464,34.219548,0.4779825368373189,103.88592,Vata
396.412784038128,491.7583909528153,0.3797353539379181,318.98987189384206,152.3818049919752,263.9079137466615,0.641373643436737,0.5590661800328044,10.419108,0.4240245195439113,184.277064,Vata
366.3846641393188,504.2854070303141,0.2475711792224786,283.911408954716,149.3774105034644,248.7517432087164,0.6404226133969981,0.5531281238529748,13.253128,0.32948726276664,174.087224,Vata
396.905524814299,489.2055089293417,0.3883954117205973,321.03671090570265,135.5899511017892,266.67602014596537,0.5035739377395384,0.2954149778488534,15.363932,0.4752923851827203,163.668004,Vata
417.09511099084455,492.1545804142107,0.4484580473715568,338.1197700809827,145.85244449201463,279.1331122152917,0.3551044511673345,0.4033692862567237,22.43902,0.44228784028494,123.12784,Pitta
488.3728030917835,491.0057344113163,0.6928687319845221,381.50987168645815,145.61492909615157,323.25699085029567,0.6557961943868961,0.2373553943840974,12.361432,0.4673202787602128,198.348624,Kapha
388.97819663940186,522.0912743855621,0.2782931102806987,305.5451053930093,152.8632867971253,250.0010072245869,0.6912049567057992,0.2017956737725466,41.133568,0.2989867736911271,192.56892,Vata
480.4396897665311,510.5562115995424,0.6037988129074646,369.84412263980687,146.1678135454971,303.9472716616059,0.86319183853527,0.219316645562062,12.80334,0.2701936429771714,228.338336,Kapha
389.6479475091911,486.1449596490767,0.3720829136141023,298.40379574001946,154.80384583370784,281.00279837463603,0.5440712746387094,0.2490916646102159,10.682,0.4585277571117171,170.4919,Vata
413.3814630815162,498.1739517289856,0.4190678914968606,333.79137927914235,149.62034316278192,285.1612218917812,0.3875726737127785,0.42605653070245,20.571872,0.4737262023877257,130.176424,Pitta
405.1078817230634,507.5711601589165,0.3664763832712462,329.2115111650028,157.70336215656675,270.68105935339094,0.4735280184438104,0.3647107575259837,13.09942,0.572828917968876,154.571116,Vata
473.50266699118725,490.0977613643711,0.6455337364909013,364.8022156058375,130.8227709443825,305.2813886802573,0.7403876616283519,0.2563223237856282,57.600564,0.3099279391831257,209.61762,Kapha
396.1973835180937,512.341996245637,0.3252449699866953,309.2440262906921,148.8816260047295,265.410214580939,0.638666597049411,0.3654056697363039,14.619036,0.3913660345665581,180.669888,Vata
409.1508877386617,464.8960112374306,0.502610841979094,321.3032506136965,144.88156108954058,281.8781883478085,0.4713695892081589,0.3209210211379059,11.771288,0.4743237043820437,149.995996,Pitta
422.7070827812618,484.49451920796673,0.4899527975964574,338.8766613875915,147.48974299064352,289.7997884316655,0.5418434555672682,0.611351757648744,15.468356,0.4482087060708161,165.72438,Pitta
417.2026239567437,503.42178084680376,0.4173078406330897,340.05547889495983,152.33641957071575,266.47802174340035,0.3829477749380609,0.4059608584680887,21.324696,0.5020851882707767,128.789644,Pitta
487.6044461995264,531.5331511114329,0.5645043151129618,385.1408579092625,130.3845523475925,315.5902893562268,0.6891832202293725,0.3062905599127241,12.88322,0.4372009957882651,202.119936,Kapha
392.5788346094348,480.2978912183671,0.3984252273664407,306.889121583302,158.9226854904112,284.164937828179,0.6103280730567014,0.3178584523563723,12.154584,0.5986521455647542,195.224936,Kapha
403.5221173636784,395.7377690751421,0.7344473698538239,313.8159237779401,113.4688773399042,259.9025440390398,0.6207658454639796,0.3998329387425679,88.713324,0.2616671316811679,168.665068,Kapha
459.9354910263806,518.1178088936373,0.5152562199998747,366.28771201018577,155.44874541321673,302.5773204717238,0.4308448615843341,0.4039857582245066,15.732928,0.439427005125198,133.6676,Pitta
474.0420227738692,455.2146176500348,0.7704719655438216,366.3950921859936,139.9681412045775,313.2021865451717,0.6317240817726106,0.2807079207834797,28.286236,0.4125975534475198,197.072256,Kapha
415.3031335545751,488.0760735036616,0.4541225187093317,324.5743062841791,148.842603953183,286.2744678736386,0.6550999081196702,0.3869993898180436,24.82856,0.446479858232249,200.158032,Kapha
396.99478873983946,425.0911642457979,0.5919938735367403,306.57639855281195,131.76868968393802,255.79370498966736,0.5707203226815989,0.2333960390965939,12.712156,0.4177038110616821,170.55062,Pitta
359.0179853374503,489.6315986281671,0.2586976233393471,283.2579719213978,155.54324392683932,240.13554942458464,0.6843210355066466,0.4462786483185543,13.703212,0.3168180259607737,186.328016,Vata
445.4313231252014,496.97328125677535,0.5295136408935615,344.7677687074474,149.29876313502808,291.4806842663978,0.6222784154588193,0.3301721297871026,21.97664,0.4834677047428913,196.194464,Kapha
400.7542838104651,500.0137724200699,0.3720510374199021,313.2879296128464,153.07805746789626,276.1936665707605,0.2869591576001696,0.3464609603472989,14.285212,0.7379716999287083,122.251256,Vata
379.69001307462185,487.24713907170576,0.33512610159886,286.21931760727875,163.0968674346893,280.67663308277696,0.2782324927919252,0.5578461701905112,25.0029,0.4594966404840545,107.867824,Vata
375.5945252033487,335.75596791325114,0.8988545742524193,307.8328696026626,104.37385685117803,242.8141082499388,0.3136028077639882,0.2550128676841212,54.220488,0.5172361304923423,124.918576,Kapha
413.62798253652886,498.6633680417564,0.4185363065353735,334.6985288889469,158.53418114493022,287.9577659713544,0.4533706925426676,0.3453237137700499,12.490176,0.5331863023203773,148.081932,Pitta
413.0433486793216,510.16218688050486,0.3855795357984825,335.06763813120386,145.17202156169068,285.45671396163993,0.3993223514654178,0.5719654819988531,20.517256,0.4537208328882384,128.918664,Vata
417.85554726566033,517.2527669347667,0.382597813844107,327.88654006690155,160.6949312925918,300.57849761261434,0.4078231682106741,0.4903466355419785,26.968228,0.4294982252696803,137.177416,Vata
475.0500693428114,528.9146372606602,0.5326228301231485,379.9832913949454,160.12547367893131,318.35212694313867,0.3617612601162073,0.3027909946605632,10.382324,0.5571066899020863,129.076804,Pitta
446.123767098551,509.7002670416243,0.4945978244240296,349.59862597128694,148.87853387967394,301.98517920824395,0.4553280557995415,0.2735028210611457,23.702504,0.469510196579591,147.61884,Pitta
420.6301523958271,502.81695387702206,0.4302858329217864,337.451449382338,147.38820836450466,274.9593056493723,0.765576753947495,0.2410111726826681,15.118876,0.6084137362762764,230.109048,Kapha
449.7610699564504,441.6101855260605,0.7324321555704703,358.40333507187063,133.4349913573266,304.70890989391705,0.851786079925372,0.1931997499449788,53.61514,0.1792778441837692,216.9588,Kapha
388.29216630579344,451.4551492043279,0.4693899103296434,313.00356341778286,130.25687653426832,249.20534958253927,0.34024140117864,0.4669662354561343,63.289164,0.296523991844735,110.785224,Pitta
391.7359767005959,467.8419589225711,0.4315783489528304,317.0888044667079,131.3998156523724,273.2920743159345,0.2069337943911341,0.4132115225341765,52.751088,0.4207193434463409,83.291572,Pitta
507.052851091662,518.5297077212264,0.6650124310219617,410.2477862186112,139.99613638272913,330.33849036804804,0.8005426694514639,0.1890291438631021,14.46216,0.2187815800778604,208.85922,Kapha
375.0581751775907,478.66186377798834,0.3422683941611641,296.6080812778298,142.99197711967898,258.89470864552715,0.7469983779072394,0.5949585841796231,0.0,0.0,174.646876,Vata
407.4343469605801,490.9819863819957,0.4191380177914318,331.80740416148814,149.12544274002073,260.809080793986,0.6231067791983319,0.3852773744752782,18.765312,0.5053915291553964,187.58908,Kapha
408.0827181480675,467.72214224672,0.4899848870531401,328.6587238275052,129.5517510201643,279.4914027681438,0.5293867559886559,0.5210980981277056,44.0973,0.6143898872445622,183.640296,Pitta
404.5486097732978,486.8150345522033,0.4210901322286392,333.0756770090555,149.36489207686634,247.4108520787023,0.3117678900762261,0.4850886922332773,13.540664,0.5750338092101771,113.855292,Pitta
333.97039711816814,443.71068282726986,0.2909784929688054,275.5392813254982,129.4591571794298,215.7387893419205,0.5428254682288866,0.2391267847277509,12.330696,0.6424808539394854,185.452928,Vata
464.0347107624267,473.2951308757728,0.6692771510784308,359.0170020428284,146.6571831705357,305.89669673317087,0.6802145739203219,0.2247244216477358,57.009396,0.3919907824492453,194.50106,Kapha
450.0640145442303,477.67025620828366,0.6057822713366378,365.83303418727365,153.42720546343594,297.7606408529844,0.2933520122691183,0.3791245132726556,17.768788,0.53586750705996,113.060832,Kapha
471.354328062122,494.9581095872539,0.6225664549376869,359.7575371715505,167.8346165921757,308.1558071604334,0.7502633322195108,0.3902418273541249,13.489568,0.3913895835221188,205.918424,Kapha
401.8540630005456,485.23313302742105,0.4163664581965109,314.63185286296584,157.442997718064,277.19415581560963,0.4049331758624185,0.5375413313088149,22.58148,0.2308991298466789,124.874296,Pitta
422.9375121385228,518.38660195413,0.3959461662250891,346.0400107901246,151.94545417609208,280.6672813181525,0.674085793930087,0.2486055020058424,10.867012,0.4224812442275517,200.79626,Kapha
381.618513841706,466.8709080075243,0.3984765626650601,297.8994309980899,149.18249113606973,276.58335078560987,0.3216039494655778,0.3809328291399691,19.4215,0.4080857423717927,109.316496,Vata
442.2057720859302,512.7157844638531,0.473354893516088,352.731902714063,154.6710135904146,291.4818539044204,0.444238785474801,0.5496263088448998,19.794756,0.3138282708199439,129.33548,Pitta
490.0048197058844,518.430569845731,0.6107039189483202,379.5000213188031,143.16342502818807,320.5258634299868,0.7246036812973403,0.144876665464885,17.274392,0.2474918252206309,196.703392,Kapha
398.1665259997533,481.6717679086103,0.4138211301735388,309.6908550102387,150.60196563497044,277.0329071180747,0.2636801318800182,0.4285881260894239,15.093124,0.5840007112966248,103.889924,Pitta
430.08861853826255,505.5460235966041,0.4538607734963372,352.284390473989,124.43458582229466,288.917517143216,0.4705883415283439,0.2825728848860732,16.008852,0.3415090467828446,146.472584,Pitta
478.57294647840354,511.8487629317534,0.593794210182416,369.94164150454645,152.8552789621073,320.7164130037812,0.6674874185271423,0.2459656278072359,15.327364,0.4364239984215616,206.867576,Kapha
409.1221722114106,461.1066842101675,0.5145203441493725,300.3659952660697,161.62377536094,284.1422884789248,0.8497958076659835,0.2391906041602075,16.032632,0.1944009328019834,213.673736,Pitta
431.0414499587587,491.8909062434288,0.4963051727158598,342.60383426456457,146.78125043729628,287.5440170976542,0.5050555251124987,0.60509684694908,33.820116,0.4072779034697419,153.710564,Pitta
405.93268467038814,508.7146968054652,0.3661894259836682,322.5582356808696,159.93135830744174,279.464113622485,0.3575221591965773,0.4306237831755509,17.462856,0.5299851130086524,122.575272,Vata
421.16282187040986,528.2354517992375,0.3650996044265402,332.4667084955655,161.8129799997244,292.1108513971975,0.6605327028396536,0.2149899754610892,9.440584,0.5020774567857252,206.090812,Kapha
385.2683631394966,478.760082026461,0.3774236965032987,309.87739368254785,144.68570147157754,262.83094549391643,0.3838994069717482,0.4872663619068951,25.53838,0.3345734995483327,118.148488,Vata
414.4375423188145,490.9669663498291,0.4428723580969945,324.7841304339039,153.11622322847563,303.5337830529825,0.1582198019568335,0.2490467734711695,28.67534,0.5534277015665677,73.982692,Pitta
379.61919748291547,469.3294603001432,0.3842888840617687,307.43977464347387,139.93840821407971,254.6172803956016,0.2874113353213046,0.7231663901224972,47.816988,0.3799197228765662,96.998596,Vata
436.53371394581296,514.663154520491,0.4496290886998857,342.0455735908119,172.38177641751415,296.8053297758368,0.4344080637651254,0.4893270290200864,44.717524,0.4420976423764789,143.738292,Pitta
399.8614862261192,490.9030272958348,0.3937369967683158,323.0403425711291,149.77466779943958,261.615533214036,0.7033702912133686,0.5003160969406576,25.508496,0.3549473468987021,193.824628,Vata
413.8928028825375,467.4395346540813,0.5115061853553101,329.80056074767015,145.7192764843143,270.98316434666265,0.6249429811398507,0.7221764655417007,29.131012,0.3175261489628264,172.142868,Vata
416.02572852088514,521.4093728790342,0.366072301715366,343.1188604796332,145.71725049366802,257.6351601570436,0.438797422374285,0.6625174436090291,48.699668,0.3181289684632387,131.752528,Vata
428.6010184167632,502.2168531153801,0.4583079303862858,350.1455551223484,144.31578445482407,288.422785683901,0.5944504425337782,0.3314950099425118,19.450104,0.4775274089585561,184.733824,Pitta
429.7867976471421,521.9684037943372,0.4084423273618699,335.87218501742615,156.55687305253107,291.9986714393378,0.3792491040524066,0.3736063167131669,13.368572,0.5014589886245209,132.583032,Pitta
395.7978508061892,520.4486055059733,0.3039632644136918,314.56346355679267,163.93258950290084,269.87885224093964,0.5457808371199422,0.5002444640352584,73.27276,0.2681228879372222,155.121888,Vata
418.5162825948278,494.6431350607834,0.4461483140758033,333.23332774610674,144.10154361471626,290.6984121206782,0.1041410200522579,0.0415410130757739,31.229808,0.3482520834157687,55.863528,Vata
476.942245655191,505.52746481216906,0.6078554540143379,387.6066338394455,140.8197587692618,311.3627298551942,0.7201398159038293,0.392444309880064,48.894584,0.4168081404637297,225.6294,Kapha
422.3270565271389,482.7940273544832,0.4937495447909696,345.6211341818674,138.08806512162346,280.0293422516392,0.2726459889504412,0.3393253404426034,15.36948,0.6882680420112016,120.867068,Pitta
469.1441241648103,500.4143794439696,0.5979836828699762,372.089158542708,141.7007584302419,315.38711955817365,0.3097904402879394,0.2161170152048336,18.376392,0.4568200948926687,115.218836,Pitta
458.1439649573909,519.8047017845013,0.5047466953237919,367.0092273404983,159.7792646669312,293.7370388047545,0.3572641445902777,0.2795492176711426,10.663248,0.6232570734310117,132.16764,Pitta
397.14298804997,479.9534637288703,0.4151945771154741,316.3659464199323,143.72788743368062,269.8485788199433,0.510068870515677,0.4867078446239215,25.982116,0.3748963677145608,152.099472,Pitta
443.3057234337796,471.32297432095646,0.6030411193332051,361.9577800485136,125.21095406204935,291.96469831881325,0.6127535066749491,0.6747419906576515,80.881696,0.2043375285474113,163.040076,Kapha
361.456624503384,462.7084242849167,0.338315659269336,292.413181951319,135.55985530124082,252.28436761174112,0.3796237248865181,0.7863198918114532,46.27278,0.3579933156753868,119.34694,Vata
386.3078661348615,505.0867984414645,0.311173488115148,303.96037070742454,151.9360969325686,268.508172800152,0.6657619834721357,0.5304891236523291,23.561888,0.5192174163821323,187.6886,Vata
483.8802431693142,501.9448558116118,0.6419984457744827,383.93728900866034,148.90386673524986,315.5083639931098,0.6929270406611595,0.2770865026707427,42.0289,0.293368634371252,196.37124,Kapha
460.3327384474413,457.0476429504709,0.7137138086641889,352.9124593165383,159.26571486926483,318.99329056210007,0.4433173133379304,0.1489415933107284,16.215488,0.5441203778042502,140.278548,Kapha
422.4288716262385,499.01024742847846,0.4468725556073012,343.94852280941853,149.70312463186818,276.0279999557196,0.3380380832609001,0.2261084601152659,22.24292,0.4271431102609703,119.160336,Pitta
432.2483217515583,508.9472114527241,0.4514659071122608,353.94685372811466,150.69207115042454,285.35044199159523,0.4598905077353413,0.397657094201324,13.805584,0.4533958910634431,148.14424,Pitta
398.2997096161285,488.1447247659112,0.3960677127615584,314.398655162474,145.25283881113717,285.90668845154727,0.4797820332417848,0.5343382268220581,12.479876,0.4912871058951459,156.123764,Vata
381.2833104857482,484.3807689759553,0.3482488497893922,299.38966357768,148.42340686338585,261.73418055924043,0.4133970502457059,0.3345938063465228,46.969056,0.305085868776509,125.253084,Vata
461.24608623132656,521.8116336645885,0.5089905567824321,394.16755478119785,144.96183387761403,293.12483729530965,0.2191148810736875,0.2559768208225276,16.4697,0.3984134351197408,86.667936,Vata
436.6988329471019,444.7138306707108,0.6718400660793331,338.8291031577169,140.47305971549923,281.5723872838003,0.2415547071632544,0.5247783088461618,11.77522,0.5576075652142324,93.993744,Kapha
482.3720274671669,470.6789488185524,0.7430387739080572,378.1174871753373,141.856324891574,325.5806355687273,0.6929419901775457,0.1890221158273607,9.197196,0.4894928105291887,214.756332,Kapha
487.659588046966,506.2799901011179,0.6406869052567571,388.28926219831976,147.70643509048793,334.1666054193394,0.7189904689910108,0.3428466428579235,17.15942,0.3301778633200388,197.79884,Kapha
414.18837178426907,512.2160221396896,0.3839003759142356,331.78573198627697,143.5840841462764,281.004429349409,0.4332085306234723,0.3892289200974781,15.177024,0.8470428994108811,158.282104,Vata
387.70787889916414,497.0929095596961,0.3362805250881417,305.8947598939908,149.31576103879283,268.1549864221142,0.18216067989036,0.2905862918102387,22.668756,0.6527933720443275,81.38892,Vata
357.9069758025409,479.7806680331148,0.2798572711653976,294.470585321453,143.80682196428535,248.339591301194,0.5335089898164297,0.2473783489300167,33.792704,0.4629153242355249,164.783716,Vata
418.338757735491,512.3627322549603,0.396970428485004,330.56963445677377,154.53525674512397,287.3814997561774,0.5726969898777527,0.2471740679231176,16.91514,0.4845726825093011,180.412612,Vata
450.4132213189612,505.0201930673133,0.52217787344846,360.4260204976523,156.12883284034748,308.7187911596336,0.4880348284802856,0.5159730663865404,24.28872,0.4315882414983713,153.28548,Pitta
389.56267914856886,476.976021547087,0.3973771484489384,298.3960101995136,145.98623070282653,279.34417303530495,0.5988913719578538,0.6500709147120741,78.062484,0.2979244541402744,160.992664,Vata
369.7318168948193,462.9489148497246,0.3673313468213469,284.8500692693882,156.767424316528,254.32974286634163,0.3221454229557309,0.4294749456176218,17.702968,0.5525905741785686,116.522608,Vata
400.9172411265644,484.272618789406,0.4158816339718693,324.430875539867,149.15212280821885,269.88133632306364,0.2390540243014522,0.3630730550504752,29.400712,0.4011461605850377,89.647712,Pitta
420.60907341501286,507.0139502119626,0.4187148649655148,336.41294338551467,154.3225537220455,279.236644945444,0.483038940901612,0.3926669883753011,48.900624,0.3409263156387888,144.38918,Pitta
392.8180701405862,482.1807468644661,0.393947998003507,310.24455013388143,152.52764012343593,254.7369911720861,0.4663879889525282,0.1293640488720679,12.560436,0.5908445273307659,158.276876,Vata
415.9445606740722,478.5041661232772,0.4846206829558142,335.22244949108466,138.93234640111837,281.5620554216024,0.5623537907197736,0.6077010744508105,14.30378,0.4380837862047889,169.338764,Pitta
467.5727004328808,452.7665819355692,0.756091373311156,370.911065614891,136.20210150642023,303.4042815860943,0.8565237722995614,0.1555530329420666,145.488304,0.1847844846853799,220.831776,Kapha
479.42714740542255,487.64741344445787,0.6737764776467045,374.2783086353341,145.55392397403853,322.00299188669186,0.397292227206643,0.2093757694591534,22.8178,0.4737769634697122,138.4407,Kapha
396.6473442088968,483.98520063287015,0.4020445666919932,324.3456713864823,129.43242428113751,252.1164473162653,0.3396626642630788,0.351323508624463,38.11014,0.5493733648246736,129.916044,Pitta
405.7018302632361,500.1929837101248,0.3880031532126462,328.931172327157,141.55353313575506,262.0364893693096,0.5927811333812306,0.3435843271224627,10.865592,0.4268187761511573,179.602528,Vata
392.56564560276536,483.8715899810571,0.3883530939326043,307.24697582422453,159.13541038522817,279.1662321217857,0.3418537617036654,0.592768767490137,63.582216,0.4174655530267109,116.851792,Vata
424.7968713922249,479.7388040425093,0.5115536898286451,350.574554026747,140.16357622015187,278.16227051739384,0.6731374929295811,0.3820854021903861,18.885252,0.3876749425743103,199.601124,Pitta
461.5391607238318,479.8222289845616,0.6384861655071948,354.75640335884094,150.0764619585306,306.4888819145185,0.7156621447824342,0.4525826839180284,52.88902,0.127838164014711,176.016676,Kapha
442.0338892100455,506.9141153053525,0.4891872947753086,358.8298935256261,150.90335029377712,291.1877961931105,0.7323306548883474,0.2212026157998108,9.950768,0.5130967474148818,227.17906,Kapha
485.17379275168577,512.4049532464416,0.6135052423747961,383.75566710837,160.0872222152099,315.01452441134944,0.7496424155946292,0.1688441503151697,12.612036,0.3740300024835286,209.968844,Kapha
438.5139807662008,520.1007400449696,0.4412241316751055,346.9781434149516,158.37653795642504,291.1394523190255,0.5173761740587645,0.5083908082228382,23.906768,0.3188231646636156,155.9683,Pitta
386.3578725880576,502.0526253786861,0.3190164226156191,306.243157180009,159.7003520883516,274.4243329414082,0.6133576878680642,0.3538159177640862,39.718784,0.3559696416655874,179.679756,Vata
412.078558059344,506.7783091276026,0.3913967839726104,323.0009442185408,152.79994932122997,277.70299363871345,0.4336459394264057,0.6876911248806072,13.715128,0.4913724392072318,144.894624,Vata
423.8496877303476,521.586366232614,0.3905376135494674,342.9208599815156,164.38145383081786,271.7339182245986,0.2346525856803941,0.3573136702799448,20.576544,0.6201108485632335,99.455192,Vata
463.3253647598468,486.0571816973877,0.6240956398570328,358.4475569121294,146.0730279952385,314.84792640988206,0.7151967231944335,0.4731320940519967,35.539256,0.2432176813458645,187.795772,Kapha
448.6658605638794,523.6059540697481,0.4640527081939518,358.96925709364524,153.07187378748444,306.98192175938726,0.5006082346190346,0.418142047965665,8.829016,0.45988390685647,159.04906,Pitta
385.8940673232513,500.274980225202,0.3220184411335565,313.269113378768,151.50790592430772,270.36511224581994,0.554385798818278,0.6157987320877972,14.204024,0.4878989767025034,166.53728,Vata
427.8527196449562,516.4433471665634,0.4168533454786722,337.2325928202224,157.93174962583578,283.2348595079093,0.5450940422906367,0.4267989623769085,27.123512,0.454549300337741,168.21658,Pitta
394.7256593236484,460.5486942475876,0.4643849015548861,296.49320970047603,161.65551198565697,292.2356653829845,0.791743484438898,0.6622117407042013,22.642168,0.2237200577140166,197.996384,Pitta
465.2679470518964,527.7002577148429,0.5052661047047952,368.5073543484618,149.87480390329048,300.4503859397297,0.6579947164195133,0.3211462831798684,12.314956,0.4515315227838424,200.2096,Kapha
466.662916430301,505.1800147758987,0.5751361204850389,369.6216726878712,141.6946285413629,303.71710881925645,0.5962513876963835,0.3188550128882425,11.353732,0.4094430231416515,176.111688,Pitta
404.27664034328654,495.00029047851086,0.3973533998184173,327.0498354688208,146.9827167258425,261.3898382830481,0.3958973068957926,0.5536071131694517,22.048908,0.4973109962514789,133.602604,Vata
401.0384922293033,509.30647949213113,0.3486883169559731,315.18025884201506,154.22403547660875,268.0165412556317,0.5366745950607441,0.5837764126388346,12.205328,0.4193861855850816,166.526588,Vata
424.1802184716783,480.91927843924856,0.5058138141673651,336.07649427381466,154.26018257383848,279.3265998805556,0.6618258259738236,0.3550272584582569,20.344164,0.4416121456295772,192.080304,Kapha
484.4686916665697,490.2337229748295,0.6822428005851062,379.6931942839878,147.14006659085462,319.8614450058726,0.6128338327341353,0.2299340473274156,13.09686,0.2981582893606528,170.08786,Kapha
382.5839592248087,472.0934706395608,0.3868540060376484,294.1698866437095,153.66741839400223,269.5340995162994,0.1183689262924228,0.2807340976030211,23.077016,0.7477720999942336,71.95814,Vata
385.0101830041951,475.8458753572028,0.3847082902663619,311.0926882251036,135.33408585416095,266.104786289764,0.4017538451560798,0.4906750445180434,23.443032,0.1918062261615357,109.321804,Vata
443.0573977761298,440.8275152524581,0.7101772084685829,343.1743187454629,145.8406499466149,294.5401049963452,0.5480781062265679,0.7283223912914326,37.574612,0.3565099340467187,159.417028,Vata
488.9612773009925,519.1647688242191,0.6051451736306809,391.950381222356,146.25146402168937,332.2614258431442,0.7672698017280758,0.2717971662058436,14.73184,0.2484109941312288,201.977012,Kapha
407.9058389023247,498.6918249735503,0.399399245056741,323.9540980490357,157.7647735648978,272.1204529915228,0.4696637189564764,0.2117248132570867,32.59938,0.4841030201138804,158.534728,Vata
487.6985498049501,519.0831690081403,0.6013506009947673,388.4734625091684,159.52070975806137,317.8045960488987,0.7129969771074545,0.2530167125952882,23.463092,0.3904883590844679,205.737544,Kapha
392.28260644827,483.6957373518628,0.3878710773129193,313.015518301917,148.30176466677582,272.3090102622686,0.6120187128614885,0.3619112718423094,64.354332,0.3079719578699563,176.419672,Vata
438.1840887050717,487.762829568151,0.532946108717164,350.3126122421323,148.11495283463012,298.4286625567457,0.5492255869581463,0.3592959778023095,11.302304,0.3534443326999142,160.242388,Pitta
437.7174424844443,510.021033239569,0.4663069285395887,344.743319516722,147.79339360701798,291.83058227398857,0.4208604106866929,0.3664540493692215,11.392288,0.4708045957297624,145.678216,Pitta
422.6976918329311,533.8167308743627,0.3560293201461132,326.1133004083016,168.90789915934667,293.60896880951407,0.2380793960989347,0.2524071925024511,32.643972,0.620619522884318,103.36528,Vata
428.4733885037528,517.4406615957275,0.4161934844759268,344.9826410876962,150.9861521446969,279.5130048031598,0.4851027768214992,0.3992321901374036,28.993464,0.4863061557341217,158.608088,Pitta
461.05578899447926,448.8744965996393,0.7468497114383579,347.95304442355445,161.77188524530555,309.5493349666199,0.7837902213226738,0.1065937051071701,13.1728,0.2418209835070205,202.0609,Kapha
408.80403372136846,506.5677295664649,0.3812215015207135,338.45976643027603,160.46592039834275,281.71572781815865,0.5493853962849911,0.5193992079186808,63.719768,0.3186142457575079,163.166756,Vata
395.8108099411235,507.41384768132,0.3364543747554481,307.72390249560493,145.75715554641897,274.0475578276464,0.6334384602054309,0.4737710154036206,14.650488,0.3267386354259751,179.228828,Vata
423.9612501632821,502.8096255617328,0.4413099359170027,336.8955490090777,150.8295581972815,282.76419065129284,0.7291841930515932,0.3246431040432722,35.145164,0.2303503800987118,193.326972,Pitta
415.69911496356383,507.8743790414517,0.4003227816706243,323.18403289030863,150.81708143075437,284.4285358719755,0.713844905650291,0.305249723547587,26.626808,0.4051639331421687,198.806432,Kapha
395.5492238859144,493.5017167138127,0.3720990479468566,309.3033714395399,151.41439342545982,263.11428621279725,0.4502190535579568,0.1835348977472163,35.406688,0.3553448093780416,134.64394,Vata
415.4443883956473,489.0358067964643,0.4518286482501927,328.1368391270088,150.65916908230727,278.53025860558427,0.6019355951556985,0.5642739707423222,14.045912,0.400122836078877,169.265396,Pitta
387.3488849253106,502.495758038478,0.321164944053552,318.33682235270567,137.86812215817207,258.5880131468286,0.4628599432183255,0.2796104384838343,12.54628,0.406551549018223,142.987308,Vata
401.5083274865592,481.7024519594525,0.4252565951302041,317.4256228816261,153.22810996569964,277.35905411757784,0.6069054364628699,0.3314987183775081,11.268028,0.4041705217179103,178.046908,Kapha
418.9920635910555,494.3007591446224,0.448720454298568,330.3373829240592,158.34602357799514,292.2161473462155,0.3223969761603173,0.4697134803401205,29.415852,0.6818002327413334,137.28074,Pitta
402.60310390697447,523.309746781586,0.3186567327018743,319.7474681504787,155.70306248178085,269.34157998861326,0.5772005868718605,0.428349125090135,20.01722,0.2763350248967323,159.093848,Vata
413.2408103670159,501.5708288211048,0.4092678862436189,348.3352654463088,137.7650180359062,279.8463204703413,0.6319021917154877,0.3853744227275067,17.417812,0.2348948558547329,168.172272,Pitta
401.49946671358174,463.99344854375113,0.47806440134127,321.55696409413304,146.6907831015757,266.58648635611144,0.2565270391200551,0.4889879946625782,37.755584,0.5058951560659342,102.418216,Pitta
453.37298046195946,475.64019087806,0.624016813294551,352.9537841402067,134.14176436637536,302.47272600243696,0.7876091103998307,0.1814279701525741,19.529988,0.372377811137579,228.643288,Kapha
412.7204893619412,506.408376760381,0.3944888592201145,337.0709486158196,153.03232809865068,269.722121161847,0.4268916676572812,0.637200721609426,19.137648,0.4910811749210342,142.211988,Vata
496.5747645146217,479.0382720845886,0.7625795545121721,390.3062914191828,139.97355988505197,332.40141442190577,0.6096126233154504,0.2689270380468817,12.289,0.4513902796933929,184.96834,Kapha
431.368223511686,516.9741009027216,0.4267354538684113,337.2770717678913,149.87908030152656,282.4725733377932,0.6053912210179044,0.3468111876788532,14.504132,0.5429808446887129,186.050672,Kapha
390.5277337443208,507.78969949725007,0.3182145707264669,326.4559027516152,136.7874537774634,250.35584144374613,0.3712220364781042,0.4501466615563973,19.134104,0.3049157085814892,120.398672,Vata
432.9729953809473,436.9975858538641,0.6864784662620278,325.8869911113956,145.3875444969447,295.0420820710703,0.3647555378827969,0.3188180537830661,44.849864,0.3783363890142957,123.880788,Kapha
402.61761326291935,493.6599549803378,0.3954545954247436,300.5609674064011,157.68234529792645,287.2676616414159,0.2565121498030637,0.2098241083224417,24.603408,0.6046587666870095,105.146976,Vata
384.6645399628071,427.4906988146852,0.5353791783605576,284.0113216951524,152.6869940237869,269.83173850726337,0.4344478154321871,0.4795450128431895,52.703024,0.5317465580036266,146.743796,Pitta
412.7532841733157,490.6217339958458,0.4381569962827539,327.1678445101642,159.48817243187486,281.2843415793053,0.6715544093769146,0.4262025594594646,14.395828,0.4603572493037274,197.175468,Pitta
363.7055381232579,457.4550742583667,0.3613815947727334,287.72139094460374,133.70635441589187,255.22185729993544,0.4242084401638483,0.3877238254118514,45.243576,0.0748198091315793,111.374128,Vata
364.09051718526433,507.753317592838,0.2318244651249327,298.64082691560964,143.2503825258404,247.3076130370277,0.4407234016799806,0.6747965470630084,0.0,0.0,113.594772,Vata
380.500526135529,482.7799581390023,0.3498909761430849,312.0763816182811,142.14259352672028,263.5683799991782,0.5204558948331021,0.4745019600331008,15.660308,0.4605048902824619,163.336024,Vata
369.1590118990987,477.1964159422277,0.3257320323868578,294.65015453959575,147.90954132148332,250.78911870209149,0.4921962922470323,0.7494290984980879,18.136264,0.3307474610680901,147.44212,Vata
503.93591374927104,491.75663372223767,0.7429123441572753,416.6898654552629,126.09275419038474,329.02147177770433,0.8165879151560966,0.2376190328349461,13.605448,0.2151419919303553,207.897092,Kapha
447.3461453546089,462.9248896104459,0.6458790991773486,347.55386191091446,147.82530376411555,309.3172077566733,0.4475286021371427,0.3061847031221171,42.803596,0.5530535685901566,170.695696,Kapha
433.7427859777537,493.3477337713496,0.5011018337354058,346.2667833368784,152.469135895047,281.54560595197944,0.4958448371032469,0.3086504035575819,17.405176,0.4632653174223647,158.429932,Pitta
465.4736803863769,500.8137777304057,0.5845686804289186,366.80011080032136,152.5256899595885,309.4751244723474,0.6947054110506986,0.2911298240795971,13.050308,0.4599784740600911,201.491968,Kapha
479.4845866571267,470.1815220118561,0.7346394471777519,368.00402287647,142.3701946979477,326.546298789764,0.5815387358624732,0.1742655067058777,107.048184,0.2459728753845316,161.324832,Kapha
409.0465746734276,462.711968375829,0.5091362364776572,316.94534291505977,152.86737662560986,281.96211586657057,0.6545736249434828,0.3436369616393371,18.922392,0.4676528676652009,191.127052,Kapha
424.011762286306,490.0588557975594,0.4779205762921061,339.8456387122134,143.20647432891667,293.25389173104696,0.3304496485438931,0.3524088790433895,15.505592,0.6321319235786256,128.59142,Pitta
457.6793241258181,474.2279796815297,0.6438142910315628,341.2369923173916,166.1984162821075,309.7740731422801,0.8026998344998237,0.22038006473561,33.690244,0.1953288629369082,207.552076,Kapha
477.5739288667529,489.5221457907325,0.6612346304235341,383.2258625650976,144.37057285497713,319.1888581248242,0.4990800529144655,0.4550597984436667,15.46368,0.5041802687909861,164.157664,Kapha
399.66300982188,475.8991417656665,0.4356986599353322,320.4420066654309,141.18137971896877,271.31811543949783,0.4647993469890711,0.518947188804106,0.0,0.0,118.394012,Pitta
346.32527489699663,505.0008028647477,0.1798855619085123,279.743122070138,147.3917890899051,235.2507906523898,0.5062601952691784,0.4872827550868475,48.091572,0.4294644295642805,157.253516,Vata
454.221633526033,514.0939209784532,0.5083362482294734,362.1113638930984,155.7306625006927,297.6854705667506,0.6795797913681613,0.2717358981675593,17.824084,0.4629444270307843,193.80492,Kapha
417.89544672384136,515.339320213649,0.3877084538906295,337.0766272496612,162.37628998698733,287.3497620632252,0.3529667907229041,0.5271629127313037,18.336612,0.4903401171431399,121.291924,Vata
372.9074609462727,490.4734822219912,0.3036432461994459,294.43347867186367,151.49871707747425,246.31722727551977,0.3828911875069079,0.2997397352636328,8.381328,0.5237377523485821,137.063716,Vata
493.42916135947496,505.2957132686515,0.6627686133477404,398.8875909578428,131.53108172922884,316.4947999080295,0.5501294407387927,0.262875876701625,0.0,0.0,135.403504,Kapha
463.8139241418221,490.3662536858948,0.6118374211584605,387.3640867659263,124.87568182564831,294.9134477939722,0.5773339084649741,0.2398219862491067,17.784176,0.366877028333158,170.827412,Kapha
418.41142865557646,505.96744146379245,0.4143505052568609,326.5058300350212,147.58956058032274,277.37473930073884,0.7277681026202227,0.3137459335728755,19.642268,0.352098260895283,199.694224,Pitta
379.6391963761433,483.8593609323548,0.3440139229428284,296.831681868979,146.1290201549045,256.9357492757205,0.5869127358401592,0.5641876385363704,17.367696,0.4156186903147923,173.688252,Vata
479.6574672915208,505.5443430080081,0.6167240012476137,375.4135577368987,136.7569719372739,318.7721155899636,0.4477223237897494,0.2480020864858389,13.488284,0.3321823099030397,136.633312,Kapha
395.9692322485065,496.6736932418673,0.3650014261962709,300.3358887286955,143.55472087670074,271.1398080005216,0.8441185432035405,0.285691548103087,20.6227,0.2485964991295496,217.12028,Vata
388.4957218543654,509.5583238550688,0.3071572390576221,317.7501581784318,147.48737512349092,253.7436133097199,0.2253894439317685,0.0910181719998074,19.298588,0.4247619141509405,90.2336,Vata
456.6096678068748,485.831552357408,0.6018712430124347,363.1297617101269,139.54438493131167,300.7772069833713,0.5162082255329392,0.6774407624855344,17.001748,0.426801034249871,154.1111,Kapha
441.8597290810618,511.5495041889173,0.4754973733940904,351.60007367563065,152.79221086549964,287.2175245206721,0.5837663342027999,0.323780660636988,16.250484,0.4356561336605631,181.356436,Pitta
455.4781546449576,480.7664559069462,0.6144085713886404,364.3669775464845,141.8732372290746,298.3893750572305,0.6260261889842011,0.3351242024732691,17.453176,0.3767708814581703,178.987316,Kapha
379.68468134179255,525.1026938094968,0.2417996686604451,297.8585917520699,162.6916788730412,255.8696828236641,0.6822450393090008,0.3601132499829472,26.76374,0.5814743050677892,200.932072,Kapha
486.1051672540354,456.1764728399218,0.8107475981344389,402.7473835283472,114.31198728070352,318.7124998040325,0.7245463714734491,0.3754047094909742,16.526396,0.2886613922858281,192.95658,Kapha
500.4656688961846,512.7185393329405,0.6620818392011603,408.8706467982534,143.68498756424017,315.811843614554,0.8134431790353279,0.1531317737186943,13.235012,0.3625184458378074,227.710896,Kapha
455.3950032989703,542.6992248443664,0.4345750501840826,374.6557752193745,155.42534303526304,288.82861484136714,0.4678649008391555,0.4535600702835391,15.108524,0.5345332856974819,152.119776,Pitta
437.334600044828,500.6895568749539,0.4916042706869392,347.47626448317834,154.99135956040087,290.40153988382224,0.597554664461817,0.2201393499466278,29.319388,0.3699158395778298,176.343788,Pitta
402.2659697748004,508.61207383540506,0.3544825136819522,325.1239692338168,157.24952431291322,268.430322043507,0.3598026728049716,0.3726883309450848,10.325968,0.722470325615038,148.105432,Vata
418.603927696071,519.5678847636694,0.3790114392902702,346.1650418691262,146.17269758796346,276.3788807286379,0.4041017820866989,0.5009879740652073,32.848828,0.4841452225432008,131.34738,Vata
449.1387827614422,456.4476792716644,0.6751790401646817,341.18862166943006,139.83265442209023,302.5975813854429,0.8254568913337513,0.2274820169241461,13.96862,0.2682751374212385,219.359644,Kapha
402.9294811058928,499.4112185857225,0.3808915988439749,314.6146689969722,152.86832399108917,263.968898218567,0.4670664762653451,0.4731160424727878,20.306624,0.4754325478909791,140.816508,Vata
489.8327321439238,503.0615223014991,0.658097651934234,376.6464872323924,164.86530187044443,311.88184078100795,0.7060770165372553,0.220610810674359,25.877296,0.3466047875516203,209.332204,Kapha
444.69883568475353,503.6675014811016,0.5073117788297916,359.3874274313539,136.086552251151,288.79513766736795,0.5667016518794211,0.6093149432682117,25.57912,0.3637765846607066,166.17734,Pitta
422.2092574065987,497.0471538065484,0.4516919438150257,336.3883143717283,155.92648788530218,276.62704371491395,0.3955732334868846,0.6458540090684572,26.349312,0.4966269792770542,125.562412,Pitta
419.955922422873,504.3768228474465,0.4237683329815835,330.2613426403219,149.7095498340064,283.7790797527677,0.5533826160361396,0.5465882774173969,11.697424,0.4759089120321759,167.100908,Pitta
480.1834054507957,495.6968641536761,0.6497933227730858,396.2016499610137,135.6652114793471,318.4047763623971,0.2893037634976073,0.1866299870012007,16.121084,0.5512799692955381,114.331336,Kapha
412.7732982320129,487.9336292950373,0.4459233422422262,319.0374190433968,158.0854126156886,289.42476943195834,0.3882493349772852,0.4983296694120818,28.345744,0.4074345588873792,127.412472,Pitta
442.3693201345348,489.6394825755039,0.5414243994787881,358.45881383788907,153.46445499362125,287.99878987137134,0.6549737502545431,0.3414499396831645,26.415264,0.4154638918040451,201.986556,Kapha
401.1169009662969,456.8966989186767,0.4989978318690009,303.8434282223818,161.76201572892325,275.42211256932046,0.413318871298269,0.7216961583257336,14.6998,0.365607258520738,132.482808,Pitta
512.8649394607432,527.666247177109,0.6551844069184051,416.1527296026064,124.88442552326492,325.67050857066687,0.7514567049564248,0.2969120303449163,14.13108,0.325550096849511,206.844952,Kapha
437.2025959725193,494.86804622842976,0.5082280310995203,368.387977134986,136.83972288335698,271.2359536279927,0.4505780426158741,0.3871447313174204,29.72662,0.3361422144890866,141.539804,Pitta
364.1517459013184,487.0880987548245,0.2825633388226436,295.6730951186386,144.19608350903158,240.84806890266964,0.5093140704366631,0.3873759798761944,12.7457,0.4339972236878657,153.307392,Vata
383.2082846643983,459.4291254902007,0.4262153914648156,299.8703671285967,146.47556802929824,275.7369617857924,0.4287808249997973,0.4909128324581162,18.31104,0.4131937049640996,132.220796,Pitta
368.08157567600944,474.7340553882247,0.3286270405246976,284.4330027756012,132.52567067762809,269.9720428705994,0.5691938064936204,0.5050100231294411,51.887968,0.3325103915885764,164.569276,Vata
426.2928972998552,508.0331957901623,0.4345331571994166,345.6986657338588,141.2644961514718,275.6587576076524,0.6157043606113914,0.2863533460745595,22.545128,0.4292400645690416,181.486296,Kapha
392.8005017791463,502.3578617318532,0.3395413074741605,301.86054967416555,164.5390030471507,280.4525355098019,0.2824091468726374,0.7061029977335099,42.839716,0.5548291767204107,104.52784,Vata
398.6931604214173,479.1592654456554,0.4228461450878821,307.2291876530618,153.19225339807,277.6907715855591,0.2768081550434612,0.2923065575566934,23.180644,0.669902253771783,117.545572,Pitta
413.6348860159214,504.9004887251264,0.4015397151953125,333.64687999020896,147.28738852399823,282.2398291130724,0.4092804751610475,0.4745159320925496,21.88524,0.6506025932953912,134.195144,Pitta
428.3404765573685,476.54318584656863,0.5337673112730202,354.0717887467576,141.5526250298088,285.0465328077755,0.6130412597823013,0.271857452338249,28.253836,0.4566437731429682,189.030216,Kapha
391.5768978419985,510.2519345292468,0.3154656404924535,320.7211236883422,144.3585634828394,257.0527408879892,0.4809091063785112,0.7243804507864117,20.86634,0.5322452894323632,146.39358,Vata
460.67740622135614,480.6534629750084,0.6327452531098045,363.3661732901283,141.44898089105678,324.185569986478,0.6026161292479403,0.3581363087865992,29.504892,0.4701403294922595,183.409384,Kapha
480.7219929816643,467.9158330967793,0.7472335592069171,388.3974191112868,146.3622469273097,319.12375938894525,0.4971702471795179,0.2815910583837672,54.742536,0.2490237058810739,136.34872,Kapha
413.9608732957355,516.456607249901,0.3721407001700714,324.0858037268097,164.97019731488956,293.7559341667192,0.5471024345678731,0.4986136145305582,13.56472,0.4436517215147444,164.9968,Vata
394.0001903052765,521.3846609379901,0.2959687119327366,305.6916299512203,154.3634163228105,259.21067021237906,0.7492509790628912,0.4126920588603812,17.314616,0.3124593928225079,196.327056,Vata
412.4531892805858,491.6246834109515,0.4342924276112112,311.37605037893746,158.02974755858168,287.5447359084435,0.3830984941562842,0.464226370647672,31.813304,0.5163537114571966,130.844432,Pitta
476.12577900404375,512.7033581801231,0.5832777238652971,364.46327300043777,149.36770452201745,315.58511705408995,0.7590278022477169,0.2849204981518974,19.398548,0.2872409429197626,206.176896,Pitta
435.08756241858526,484.1988885219761,0.5333068340899192,337.9183732423284,142.8410746009034,295.81026381158404,0.3477970071589923,0.3588017463392932,17.845956,0.429244014716426,117.719172,Pitta
402.9533116505044,501.4579514540276,0.375500897414056,313.4563831504275,162.3610363943916,273.22803146530424,0.7094154943770955,0.4146003602349559,26.653684,0.198234787172136,182.109156,Vata
373.3266951880862,464.507816979993,0.3757339054741772,290.0652384545214,152.9636455561362,263.5294020855928,0.5354331230073499,0.3821750362013835,25.237392,0.3854435819693395,163.315532,Vata
486.6346579386805,526.4549556697401,0.5761422308107637,378.9875195933415,157.90470791731235,329.23766250564006,0.616476558315515,0.2641735021443477,13.340868,0.3720037119231114,180.137876,Pitta
473.2746540331784,499.294823477446,0.615216021163085,377.6495587836332,145.24909346718078,299.11123391542435,0.9055899713266268,0.1611029516775762,16.014708,0.2219843562009278,224.953308,Kapha
419.42373076336384,498.1334279219723,0.4393272383919032,345.1873385756171,148.54765139783223,271.76814126989024,0.7111603537701717,0.3434819583156906,15.66838,0.479323459945573,209.928648,Kapha
380.7419299293537,493.4029543494892,0.3225190017667786,300.85678816550194,149.5435683864396,258.9814264970839,0.4119380777787418,0.5806056339370261,26.312088,0.528908309584057,143.36492,Vata
356.4300831636651,388.9237695152664,0.5630054220781544,294.6920706850527,106.3160150795543,236.61419938994592,0.7477826756897265,0.1482434245586699,35.260564,0.2526999088562574,197.19264,Pitta
459.1961524173005,487.12659770507526,0.606540292166834,360.5412637722033,141.61132472510798,306.40057525707806,0.6423124529993225,0.6017262584784346,16.083816,0.4514097434537955,193.536076,Kapha
427.8450035838998,519.9489362767514,0.4075511561341391,336.0386962924391,161.78527487354302,287.55869012651067,0.4223754488567212,0.6170804175890039,12.935912,0.5966927880572392,145.479224,Pitta
423.09578503145485,511.9153125422711,0.4135904384558788,336.58625256714623,154.66881234491018,288.54370144583464,0.6389091604777007,0.3153967005807161,15.545572,0.4470740346751365,191.163536,Kapha
461.8580573192938,462.58713056848165,0.6991575594294664,368.78932564147374,138.64917482034934,291.6173475404975,0.5786633318342346,0.1313838412202835,18.717024,0.2879769532871101,164.617156,Kapha
382.1745323771358,469.2199182425717,0.3936480217869086,294.4117449765132,151.4569111130842,271.7000226640742,0.1957214765033334,0.3021734297208912,10.154544,0.5415094147880283,88.355312,Vata
474.08566319883664,490.4842895289554,0.6462433736127864,382.8710467430603,118.75608284791836,315.24102793900784,0.7448797806045094,0.2625085959223763,19.527064,0.5106714919686414,205.5379,Kapha
435.9324586023735,506.1962037307937,0.4712210093934332,343.6228760900668,151.69001798510783,285.162678499488,0.7071418434997135,0.3092761034812321,0.0,0.0,166.701972,Pitta
470.5997982684367,500.64573408212055,0.6020935083411685,386.4997082116679,152.77662501209772,310.18870280902394,0.9026610500363724,0.19720204540598,142.889596,0.1374271130283693,222.394292,Kapha
397.918699600012,499.4963046662423,0.3640010558920927,323.5414429020107,149.34026133543043,259.8042334258971,0.6736763979122207,0.4449156287974764,13.321304,0.2921014642284781,181.562892,Vata
463.3845955509776,456.811203925757,0.7256762411500658,355.0877502235891,149.80894492413714,309.7528925712481,0.8121395009405954,0.215226747998538,40.837256,0.2059113584225988,207.130432,Kapha
392.2349002548428,508.8585944481137,0.3211036523816709,305.7274931947834,152.98808089298322,275.1992820554619,0.6054259560687292,0.5734476092715596,20.793864,0.3341890522981958,168.305056,Vata
461.2911680770664,447.8481193300617,0.7516325798028692,359.9707224983932,150.64310902991133,308.7202844765408,0.4709429560969024,0.3086506043157615,42.295148,0.5745030545780723,166.556008,Kapha
450.05412822459925,469.7817976634025,0.6320259632517107,342.4651182441269,156.14970300086557,300.67379373878305,0.81500296542219,0.2427427765486393,73.131884,0.2276753706757533,216.779424,Kapha
375.8439175843824,440.930665034753,0.4565964113046378,293.38894205640923,137.9829323157135,274.7686838645196,0.3483236314650839,0.44945517631411,66.459828,0.4304574358452174,125.399772,Pitta
393.7743235828034,491.97540049409247,0.3702370031935277,312.3105068625967,129.96373873495764,260.68700419930286,0.2785046743224779,0.273568351311461,27.722764,0.3287897578958044,92.21908,Vata
410.5025255274741,490.96591764503614,0.429562958413979,330.9147368206864,137.15645838679094,271.85344946140015,0.5891947744998897,0.7199850273899019,25.634388,0.2922255056087366,164.35322,Pitta
402.4202915243468,462.83281270257066,0.4849731377966641,310.9422151594207,154.12750702227692,266.87769099648455,0.5724356442382718,0.5360383773748896,83.584652,0.3585662558558403,166.144308,Pitta
511.15457359340354,479.2349246183128,0.8124047780025995,414.31302753196377,141.05127313025338,333.8129710992897,0.7347952381797084,0.1158172192608893,12.066408,0.516341455871722,226.578876,Kapha
428.558715353725,462.46141074390994,0.5800111602242406,331.49721680488267,156.96794087844174,290.58904915952576,0.4462433450572324,0.5968766608894942,52.990764,0.5573823224084636,154.391288,Pitta
425.19253691767017,496.85963934976144,0.4621973031208203,335.0755335630427,159.88504438186317,292.0932833028901,0.6663048014154402,0.3191450146604206,14.202892,0.4781890924073846,192.706868,Kapha
402.8499239821687,482.0667949772377,0.4288327244526126,320.93627387861744,147.18350167352705,270.94637112834704,0.4632863154655376,0.6618580802910118,45.554976,0.3140002372789386,139.577932,Pitta
388.7744742758133,506.5036645089418,0.3157085337173591,310.9859145734441,149.16816271168153,262.9722481097258,0.4102079070380076,0.360299053550628,51.4812,0.2883157037467789,123.318076,Vata
494.08684955065337,524.0095010602064,0.6069287545674136,396.5024199865889,160.92649116021377,306.8397730916379,0.7450087277082643,0.1969052927860465,13.009576,0.4277626925663088,211.413324,Kapha
454.4134276363884,505.9417672917883,0.5326119159661599,366.04822591345993,153.80390609755864,312.6828030196462,0.6533665668774742,0.3249325373883943,15.608064,0.4727299211982735,193.025208,Kapha
447.0674007920029,488.646734468476,0.5604424108035652,351.92516645027604,149.38736194336028,287.422885983813,0.6048500685911906,0.3085829793913148,25.4226,0.4354517557358503,186.04832,Kapha
460.6685249458887,519.494656873553,0.5136921130212847,372.3921400008467,147.72038008793822,313.3112913754015,0.4664158010729459,0.2208340316311673,10.56382,0.5557149550689304,156.529576,Pitta
388.8787628239253,508.03661066995534,0.3122026188853602,305.29580725328464,149.77882863568584,260.5326272653754,0.431835121563046,0.4717175817282788,15.80152,0.6427879019342488,154.4092,Vata
412.6463288895147,499.1808915690589,0.4138416145489489,347.6122113568789,141.2941355467271,265.8695754438549,0.5332793692580313,0.4606849924418606,12.736768,0.4501299969870841,164.634924,Pitta
379.9189686261397,444.8636710193917,0.4592943669082578,280.9461052643914,157.64672349214217,277.06390743713195,0.314819377334382,0.3333167287447827,89.081792,0.406731500176845,119.396712,Pitta
401.1636324857743,496.5210960717668,0.3827847472426337,314.4396605210825,153.52067397255405,282.7194854812319,0.5645132433451375,0.7018221497313998,0.0,0.0,138.270736,Vata
477.3887073738129,519.3579291265961,0.5675529462404106,390.15010885453256,142.7098110736003,306.7360454155997,0.6534902565674128,0.4089104907942124,12.771112,0.4267357217702548,187.858392,Pitta
453.5844846908774,482.4885122636866,0.6022732553956701,364.8652491879657,133.88931122012576,294.6109581795832,0.5392613028577777,0.213368930941748,24.818536,0.3544207618666141,157.855232,Kapha
396.2066990620854,452.8068357642752,0.4941571634224926,319.5074113867807,138.5617732272187,262.6958819934137,0.4409138725652656,0.4865377453888015,29.546312,0.414094524258429,139.038024,Pitta
477.54677153617536,502.0477813655526,0.6207166287364908,374.276523849907,119.01760596551978,308.860389417661,0.4043290749351633,0.0924632427136476,11.47982,0.4189174178811626,134.544508,Kapha
457.31579739653824,485.648359573534,0.604875130767947,363.9845508574968,142.14764897265974,308.20420560185624,0.7680274512451122,0.2660560496272772,17.078228,0.3787524374435078,207.00426,Kapha
383.9098307018136,520.6316415016419,0.2655929329305136,315.2825366534445,140.1599012445963,250.16764942941955,0.6649465826689795,0.4544386250076504,13.544304,0.4836831734660295,197.277272,Vata
403.1719044573973,469.2411066285349,0.4679110637625518,321.2301214850364,156.0325010941196,288.05694956943006,0.4922380906935187,0.502731236005548,57.037136,0.1555830876701787,133.748348,Pitta
461.10548535067966,511.9135295435897,0.5369223914940581,360.07738592003204,166.13122019734502,312.65551297153354,0.7310176659538791,0.2523037289015812,16.780692,0.4073703436709253,207.960616,Kapha
431.2024633754464,530.9215550064503,0.3898082044246844,338.2230539873498,159.75747649931867,282.3133363111232,0.4013868897115783,0.5005656426022579,13.82596,0.5412703464664143,144.80008,Vata
407.6738794549224,471.1177883862608,0.4780983539307477,322.338646614902,148.21125366799123,277.29521679843583,0.640666641677229,0.5390082102311605,9.971172,0.403289318112729,183.947104,Pitta
405.97384813879705,506.7914885041733,0.3713539848616116,340.9909705166255,146.6286956954,265.70436058051445,0.4793930448187705,0.5021166294720184,17.075552,0.4533592424738213,148.12216,Vata
476.2614037824002,490.7406644810522,0.652768692799255,384.5285890437312,136.6275146401393,314.3191582299603,0.6033065962403311,0.2282158198792123,20.111644,0.3205951265039764,172.04978,Kapha
394.91773639691206,482.5015918297666,0.4002761177467434,307.8913780663525,149.109892295262,271.69620462576466,0.4974523816766848,0.7841039094520394,24.585892,0.3935458744458145,143.306736,Pitta
360.6245411258423,491.2008133701904,0.2602393682840213,294.8266511794249,141.44748582501634,239.60363456464447,0.8397891231251801,0.4124362039120615,18.823388,0.1964501308410357,207.381244,Vata
461.4186183618602,491.0432558824419,0.6015692562091615,347.18509791863204,155.26037940504264,315.63663932571313,0.6935447867845793,0.2954971952827122,48.16684,0.2936218827091177,193.351692,Kapha
397.0714910711577,517.1557829613088,0.3160965873682784,318.785434693762,156.55660689054827,260.33548692237343,0.3231268536898657,0.114125788949313,37.217156,0.4083400035679622,113.440456,Vata
403.335938521472,501.6172706819031,0.3763439472614702,323.8032498496119,142.60359845608193,265.71613089241566,0.3480357780254068,0.2440364682332088,21.45352,0.4586087013711535,119.390284,Vata
375.5497501407922,460.29531579438753,0.3959726397444566,304.65933770811074,139.2377586971677,263.98372281256013,0.2442629976714071,0.2877781184659105,56.375788,0.2378002736608089,84.63196,Vata
410.7549324772896,515.2275505223698,0.3649813811177122,322.11904444947265,154.07108051123203,287.61381364831266,0.5753374356679167,0.5945784687217727,37.403184,0.3554613724878244,164.187264,Vata
387.8354138742422,498.9467957838105,0.3318916280175332,305.2240572480415,150.48896216837315,266.7217287280033,0.5812923798723082,0.6023586638547337,16.315876,0.5130821284933652,166.580664,Vata
417.6595128696274,514.0083494411439,0.390433713128732,347.4129924109827,147.3806174633473,269.351397536622,0.1723858031526343,0.317880747972099,17.872516,0.5080674163888846,76.076928,Vata
487.10977351090384,496.38922082491393,0.6707254365367288,395.2366472196952,153.40550639577367,304.02885916085967,0.7906777344190522,0.3236666555233403,11.816892,0.261594779836341,204.970772,Kapha
430.4705771831698,493.5224101932392,0.4895722484119263,343.33187575682393,153.70840122786996,280.2523585886425,0.4824527392610902,0.4453378075305398,14.052552,0.48308389896968,155.102196,Pitta
437.3490399906038,507.20793270093856,0.4730066772964874,358.2366437376004,145.85890081684516,274.26166186883285,0.4777244781254262,0.2243289282744903,9.579128,0.5500952626996564,163.25948,Pitta
397.6993083756579,485.93913105255314,0.4001667948831521,322.06795919670657,141.03524590058478,269.8604552244938,0.4897077696629885,0.5219443510681092,23.855392,0.4778686746830125,157.835388,Pitta
403.4009211164262,479.111951412865,0.4393033084719509,312.1022772205769,137.49140321684513,282.8853365550605,0.362210889396294,0.2275398221204268,23.975416,0.5370057909835895,134.879156,Pitta
485.37834805936586,482.43169598243423,0.711920416609858,371.1815822459543,143.04726447557613,321.5665598923597,0.7169896819039897,0.2595242590930832,99.559632,0.2026266083008194,190.687108,Kapha
416.53705581111495,478.8410074903724,0.4856602327882167,331.217860802308,150.43610985362417,280.79522198315107,0.5578168031279926,0.4301813184387953,26.372436,0.5254794634876061,171.917408,Pitta
436.40043463548,514.5442226675445,0.4495244934644859,354.5457114180717,158.65572961232422,299.7445080435204,0.5450449998503042,0.4180502055328094,38.399232,0.2892203381407189,156.916296,Pitta
481.1534854090317,497.1127265090572,0.6484519161482727,365.14804393425,159.96812243528385,336.89329711549817,0.6093891029623962,0.3736447630086414,25.642248,0.587212130477217,201.289192,Kapha
428.52900448855416,472.236760151817,0.5480450100314588,347.8706355904994,137.38960639758326,285.1508121353471,0.5765611689662969,0.4114740571599926,20.12212,0.3599487905594043,169.334928,Pitta
384.790038429856,495.7320543703909,0.3300604586551627,313.0873372995218,139.8293505863778,258.62513756416735,0.5509258385996433,0.7157233687212042,14.679408,0.4921077743357101,163.328236,Vata
428.3153194025226,497.5012020985693,0.4707901020574584,348.63682629366224,150.30705281015773,280.738625942363,0.6393283689969265,0.4489006990279938,15.129004,0.4255353496326093,182.784248,Pitta
421.88248847922097,446.7747090234576,0.6092339873513447,344.3464266235197,129.71152588651316,294.3225410580564,0.2520045997153612,0.3061779198483673,17.682224,0.3512057132771004,88.843084,Kapha
392.92524514049865,505.7528334798028,0.3312329681783404,322.11851282355394,149.58992094228302,255.5713790991697,0.5360707148646031,0.2439043774586891,22.94936,0.4676650050838735,162.199768,Vata
398.9281625222029,500.10998668331786,0.3657300054494881,321.15612612337526,154.88459269260505,258.42862238284926,0.4056692338631709,0.3707419051595063,7.329664,0.5940625638522756,151.932076,Vata
456.2466178195805,465.67216748645006,0.6681561748215197,349.6706535627292,157.7063498942579,304.6340770665649,0.8994674320069908,0.2039949033146127,18.66592,0.2055151282541955,227.68384,Kapha
387.39858856584914,507.5077760574166,0.3086831396928575,317.03027080983213,140.9360596182445,260.7388426556681,0.5698730964650354,0.3381904344816284,16.486536,0.4021175254602191,166.309784,Vata
420.2532480667765,506.0508634587281,0.4201693218584335,333.35998801375246,158.22865758965662,270.6718184451052,0.6262160177426078,0.4823511355443073,18.30632,0.4481265126194717,178.289168,Pitta
430.3932583207856,467.7164743290724,0.5692322106820183,319.7740168331221,151.9194848674997,294.6593803459344,0.6609818505245815,0.420514394523216,26.957628,0.2340968247972561,171.383492,Pitta
419.6012374207023,483.91665991961867,0.4810229450732871,331.6119943781907,153.16245493084506,291.5764731167333,0.6135709743239949,0.3869938885304669,9.525608,0.5287125915978407,192.471672,Kapha
503.0973576714456,532.9766046542911,0.6086597741112547,405.1187257150577,143.66778862933424,333.6003705245908,0.6146096145496961,0.5329662450732219,64.23508,0.2361345437755333,164.9116,Kapha
429.3096278699108,486.1604081995483,0.5075447164248331,355.9828646853304,136.56459030021276,276.66960198683626,0.9106971274534365,0.1963843127577716,17.5235,0.0261876202516021,209.2883,Pitta
388.6585688115688,471.4801186172698,0.41000519237342,307.17832939186286,134.43143881673814,268.972507676996,0.4448637354591372,0.3773575088538217,22.783276,0.4469963484432435,142.709796,Pitta
374.3570668338326,429.7578882268125,0.4876573214309829,291.144721044536,135.5825922872975,252.49928616623384,0.2998440755407692,0.5827294887907617,24.083072,0.4107045719208398,103.220744,Pitta
404.722858435176,398.0478942206021,0.7296285365644445,297.79628749387973,141.15559598694475,290.66041959111067,0.6011860725569661,0.5804145125706732,36.49526,0.3237812073460047,167.170512,Kapha
410.7987858338552,493.6401754312971,0.4230363248532911,342.1709960670743,142.75177754271795,276.56715451805366,0.684053388997172,0.4897899029297282,0.0,0.0,162.099576,Pitta
359.65326532012296,378.89392991286553,0.6174295927239123,277.215970239894,123.70342532112548,241.08343228087185,0.563265049025986,0.1519011166158907,39.072908,0.5899579049336598,194.364872,Kapha
402.0388507643413,522.2081864959378,0.3195575631057832,333.6380864894816,143.6878484461829,270.15135479793787,0.4097537226703777,0.099776197440454,32.518148,0.4603124978476761,136.118272,Vata
379.00050131922734,479.8696156036621,0.3526383613596948,293.1768496676394,152.621557891345,267.54319522567863,0.5616070974925989,0.4567799292164221,11.470728,0.325673294181183,157.670116,Vata
425.0943211410768,499.46866931663567,0.4544459085059349,336.1366507964784,156.06368964755853,286.9771997790754,0.4128219453603002,0.3984011134941708,15.359452,0.416960693805237,130.016464,Pitta
372.2105726588876,485.0390879150038,0.3154056650943473,291.9351030474004,142.55215664448377,255.8149355089648,0.5291548077203236,0.537540902345601,28.907704,0.4549876316496342,158.868532,Vata
373.1785845000872,499.5932717864909,0.2814923100609917,293.81520754105094,151.88607350800717,250.2049158841405,0.5294693696248463,0.6765377709472553,41.361032,0.3525175504710669,154.057108,Vata
434.5331362032862,502.7346143704402,0.476446971981027,338.22138551175,161.61689741482937,304.1088727348962,0.5513904374625811,0.5869245526279155,14.335336,0.4088572703036562,160.624796,Pitta
423.31164453857264,514.1808759686035,0.4082390360544415,330.5118743297893,150.2258898099575,276.6233294063908,0.3965258287108894,0.3778220969817321,26.604216,0.4088888039588445,122.552924,Pitta
391.48396135922,510.3564805752656,0.3149020643130013,320.0946303055696,140.88855461669758,238.9644600937849,0.4339981259527056,0.282438941090874,28.19238,0.5269024449994308,148.372452,Vata
398.7024360164296,440.20096329358034,0.5451930857974003,314.4052258315997,145.2686849896953,285.84998015889266,0.5000902790258005,0.4978212680136539,15.91428,0.7096224881282879,163.937004,Pitta
458.2215060493031,515.484431159703,0.5172657965033378,368.3727517173352,141.94112879873097,301.86369257726125,0.4464252274955197,0.312165566598549,16.318856,0.5711146552898821,163.12414,Pitta
406.5323755227005,506.4447701697192,0.3740966726157735,323.28833461075493,154.14999619611098,277.71050184020675,0.261759450121069,0.3086452225834282,19.686036,0.4469041614566361,100.60078,Vata
471.8478648931107,453.0625882224279,0.7706438250919896,377.6880620919849,132.02159951502537,312.9944693652441,0.5874998605380687,0.4108225081691211,42.740652,0.4038705637312727,178.788344,Kapha
443.2340375471558,532.8402418503756,0.4224553946106164,355.5925525150791,159.76349853086884,288.51112970272186,0.618390437542847,0.3581856982308971,20.600292,0.4234891057636094,183.74712,Kapha
446.4784373415612,523.9074659985628,0.456298739166072,334.35268486335605,137.5147575821386,298.40469128046595,0.7783374203371375,0.2855355916397208,17.764572,0.2319730128631654,203.545132,Pitta
419.352943519902,507.1219425569175,0.4143072598050847,328.32961006472027,151.86292420959182,269.30968182496525,0.3445421262121249,0.2525891523598095,21.228992,0.6091148874370054,133.124612,Pitta
476.94670830243007,517.5309143309639,0.5715241847236323,387.2633987969171,137.72549433317394,311.36213056225074,0.5626290825523934,0.2933536344439424,13.299756,0.6018874850822853,190.990064,Pitta
400.228773929093,491.302850633215,0.3938776845839775,315.4878006707001,145.87537059867793,272.01293291397093,0.7203806736825985,0.2960084417499087,43.181356,0.4137765036320424,201.623236,Kapha
452.3726233840174,508.42955565014216,0.5186453817375603,361.8561814582961,150.86074192850282,289.61271085662634,0.5627242377291761,0.3950144807459457,9.896884,0.4418522605714384,168.846048,Pitta
434.9986780976508,529.385064962601,0.405634322905531,341.6296735153334,161.04254559629285,289.6890714958168,0.6071725010448609,0.0993315055474339,10.838976,0.4735529023319644,186.25312,Kapha
434.4067082046308,510.3267275754008,0.4546775430331864,352.7859122270658,152.2753742499831,276.01549911345523,0.5406095285046945,0.293247616895803,26.666536,0.3219641057872427,157.676264,Pitta
431.7233294183736,499.3615035653579,0.476798564114805,340.3954516403469,150.2776990813134,287.2482891041721,0.4374900721164671,0.3516156687018366,9.872172,0.4594861067576961,143.760592,Pitta
417.6397763453744,475.241395006919,0.5004579503803327,331.1313243985266,146.78892762481195,275.64448849828665,0.4496025114224338,0.4962957227207447,12.687036,0.4603317421554462,138.103336,Pitta
378.8656105198372,349.81726729397553,0.8396997577549299,289.5369177756966,123.6167766229954,254.9977267407997,0.4252746717788528,0.3444988266772478,14.558252,0.5948034359394808,146.362488,Kapha
459.7016991103444,448.33901880225017,0.7438708247513711,356.4542844539532,146.542990985767,311.9532455134942,0.3681007379883947,0.1802958736404331,16.519072,0.4431355182802692,125.282476,Kapha
399.4803400644095,480.7294472803395,0.4210518489594682,321.11219116036136,146.57641574152748,289.6776253345048,0.2963343705555289,0.3426849868572906,13.038116,0.6659793860377078,120.258588,Pitta
422.9903261053616,503.7998661804381,0.4353561712769516,337.09375177498544,154.67755698747732,290.6466487314895,0.576961434742612,0.3240692666882055,14.824288,0.3461537448680158,162.051572,Pitta
410.9484826134535,506.8751709707131,0.3874355755884432,327.4608843400312,164.51801201036236,300.267887576748,0.4480140500571614,0.4011390403911843,17.101916,0.5051666746119774,149.453632,Vata
462.5080220871129,481.1407366942656,0.637452572621231,352.9160392064292,168.65537425206833,314.1063600245121,0.7558652270396096,0.1026557584399659,11.049568,0.2162121611330616,197.481028,Kapha
443.05298543642806,483.0099098895552,0.5643721410160674,344.02452386510606,154.54809092804263,289.40057274888665,0.6109345618932854,0.3349717587977844,113.401956,0.3276451098458335,184.090224,Pitta
343.47781761958754,352.11773905017407,0.6610201913733894,267.3540782883842,102.74892726256684,221.46678717799907,0.7844843002787553,0.2516778838998051,23.95734,0.259323191875742,205.450392,Kapha
443.43762905425416,433.9261475592688,0.7381830750818748,339.79817231141715,148.8966003396406,303.7063078076768,0.8089893669407558,0.2220142239791142,18.769032,0.3863222534287617,223.943884,Kapha
482.0870898521571,504.46730399434216,0.6280881561191715,380.2841762578767,158.6410656051707,311.98741193898417,0.8011468105116492,0.0463672551808295,10.004696,0.4065266664658956,228.749248,Kapha
436.1885426352604,453.6575101719257,0.6378166073795538,344.52313705192165,142.25435732369127,303.956197015524,0.4929457546463699,0.5683874320323936,62.664344,0.1385958839869398,132.33974,Pitta
437.7402870134261,510.4188344967085,0.4652702877012123,346.666819190549,154.4615822987415,292.119786792023,0.5413316202458431,0.5476190317326107,11.960452,0.4249095213677314,160.908632,Pitta
419.0192874910658,494.0314450378533,0.4495794856600711,339.18109158476125,153.50812604897655,275.2045700227667,0.4969301519264168,0.6635087577413019,16.764296,0.6283593808977894,157.6938,Pitta
472.5116576525521,536.2271287452464,0.5044163200102872,356.7653623234089,142.6071571765328,313.7118916524888,0.6282425300376921,0.299298465212249,17.472812,0.4206494731043581,187.324696,Kapha
404.5091415655352,487.1927476480576,0.419885463689538,314.611038666422,161.71159848316526,284.28047267478195,0.4701886978124423,0.6238229149995449,15.180796,0.4991290431446576,150.940716,Pitta
405.96947463565033,508.5974684813047,0.3666150652960429,318.96285318983126,157.05591201633146,264.23886862934114,0.5922053261695519,0.4009312020327713,18.421176,0.4056352667537905,174.990196,Vata
402.0748788443728,486.736176671969,0.4128722538469487,315.945019166393,144.4603371036651,266.3081146965294,0.4942294666084793,0.4183824319789804,16.780292,0.5266951297856374,165.375756,Pitta
433.6418681187599,493.94600232963865,0.4989937719126316,360.7347140208336,141.15485296792022,266.18379221241474,0.6157630148884341,0.3914415455506776,17.095856,0.4375758546464604,181.756236,Kapha
427.7686962866146,495.1816246103021,0.475655044287752,326.19809888916194,155.98164478282035,289.29653489755106,0.7100608920892136,0.2123795989315839,30.2274,0.4206439023836877,202.736572,Kapha
471.133009865092,470.6399830426829,0.7035153456234556,373.95097771553566,120.6273112588016,310.5454636020108,0.6048170191234213,0.2669143514066818,11.867896,0.5583521848771612,193.216012,Kapha
445.1056493904697,500.91972901096335,0.5167051420983652,361.2651572584725,155.41436046189747,293.44459803534136,0.6736744514651208,0.2826800794205967,22.966104,0.2990301577884685,187.626248,Pitta
408.8419500210172,466.4369011709384,0.4966816121908818,327.26801891785544,157.26577192765174,274.5704457781679,0.4690893364638089,0.5817056419110492,33.008544,0.3171582957078981,134.95866,Pitta
390.2195170734109,477.9893708286188,0.3967836377996521,310.9343882641288,154.86818991746665,265.68556173529254,0.453020311998213,0.6744313403969574,21.788736,0.3867943466841113,137.274284,Vata
431.774325425292,510.49244163412266,0.4456537107476864,357.1201559548029,145.46175437399123,277.0416400172418,0.4375302050463628,0.3494580864921106,20.901192,0.4333450948690354,141.982648,Pitta
378.565242294993,475.6366852257663,0.3627930303926851,297.9849328618578,148.69353535899748,264.53019274058494,0.5540090509388818,0.6553259840536836,17.27074,0.3736835543007517,162.609628,Vata
471.68943579279033,504.8353428467221,0.5927214999090882,378.2553830921609,132.91812952833243,314.9721448662066,0.674780454813652,0.3094338111774836,13.086388,0.5456345672063221,208.249088,Kapha
383.94675560685897,473.3700948358595,0.3880056744160002,303.9343608104451,154.66157425655953,256.13733436902817,0.4880784529750822,0.3826169841478705,19.328144,0.5329601817040788,150.130736,Vata
433.8939310326627,499.5229777339722,0.4835518506314594,339.6815022963723,156.2833548782796,309.65007981828404,0.1602202679804154,0.125505723522156,27.977104,0.4781248771909306,69.002748,Pitta
421.3780159804357,472.1862925662994,0.5230517232353344,330.3657850304853,150.79052340326282,279.05851785817737,0.4911557457071611,0.4365807797307796,23.369956,0.4709343091165215,154.60982,Pitta
392.6862356252415,454.7066481284057,0.4752252604505326,306.9662542368348,141.68163048388956,265.4269937815515,0.4636173118048525,0.3860669043929972,0.0,0.0,118.158388,Pitta
399.35242381244734,504.61396873898633,0.3553007694559081,332.73234912079084,141.20468289992908,261.45019735620804,0.5121089878739958,0.2614086100503054,30.87666,0.4327421403208492,159.872416,Vata
411.610387586853,508.6060893787069,0.3850142533973374,330.44192229037026,152.15483212091075,268.0910111784219,0.4715691702685303,0.4405494375382367,17.992632,0.3433616321441791,141.934636,Vata
391.84889238471294,539.4329768064852,0.2473495862128744,306.6395952075564,166.33404730414696,251.0091849685632,0.7552880553083143,0.3893388060721023,36.016452,0.3673972154769611,211.644672,Vata
408.9370862988473,512.6472234655828,0.3657566056915008,327.96487206962786,146.78520438592335,280.15120463344493,0.8004417150663112,0.3801352592894126,27.603436,0.3321291686040395,214.302356,Vata
482.0483990881561,538.4851775654009,0.5276951644098546,391.07413359938624,161.62807083535574,308.51438148738924,0.6447126630711307,0.245749867045529,13.17312,0.5012009123287409,199.872096,Kapha
458.8816426977459,485.3026539956088,0.6113484591882185,358.1629708322513,135.14703988757424,311.4428734924305,0.5483072652562725,0.2625458153217777,11.284532,0.4448109040813733,168.05608,Kapha
396.36649061500816,480.6812585364348,0.4104304900730815,323.1835342228541,146.6064523826746,257.645442336033,0.1683321565020523,0.3426504302408846,25.997536,0.5546515720168589,74.515688,Pitta
462.9016964836009,487.4862367800773,0.618010743458702,368.0678543848565,155.79616355614385,310.83819439925503,0.8839994182330483,0.4567509874833348,15.648308,0.1921234533822512,220.303116,Kapha
394.04589938076793,452.4068541473392,0.4875089359145486,297.78745283409694,157.2690617782609,267.33014835265726,0.3245877926703946,0.3739579910058782,15.84842,0.4945309027795128,112.666972,Pitta
492.2287326561451,509.77361771941423,0.644609858949313,379.1243020096002,151.37137281519117,315.6479134130409,0.7919994321993078,0.1226575168858831,16.256244,0.3511789400559395,220.344556,Kapha
406.5311585347816,506.4483423920893,0.3740832770189998,319.5378563572353,159.06755206667532,284.6019358230592,0.4393173043481541,0.427655115912353,14.355708,0.4496288853413339,141.303536,Vata
440.8428414245105,510.1780593340414,0.4760434178757624,349.7861299682904,156.23487585175954,293.7030384913483,0.5650547369017556,0.4082802227326207,58.91742,0.4436248301267815,177.144584,Pitta
406.8778979950503,483.3266474173911,0.439056918233208,331.8985931207237,137.7195918631592,268.4006992613099,0.6776700658990736,0.3928735774557891,14.305016,0.4030821885896245,194.63202,Kapha
425.4003770558161,483.6110948674933,0.501850128885269,326.81100328003595,156.9065917766377,301.2190647702827,0.1374272921742312,0.1875077312669255,19.855992,0.6115142137106713,71.780448,Pitta
438.910677703818,485.6129593842978,0.5420371799563745,337.0663549572425,157.4304032970232,314.3669075662892,0.6580052111806811,0.2349506776644392,17.990364,0.4291969843291913,195.865364,Kapha
474.9767459771014,508.3030519691048,0.5928759952878413,391.93901081770537,132.91064275161656,306.85157606748305,0.6621623205245342,0.2891993415005832,26.44424,0.4391335294317041,201.920088,Kapha
364.76382736443776,485.0054127245958,0.2899917757363731,291.7822326666026,140.2990268614055,246.27795125677537,0.4612982505172934,0.6100597892335823,30.297308,0.3831460985981096,144.093332,Vata
454.4834552558796,490.7607124448665,0.5789959485904849,371.4093929003223,142.26126772515943,309.2486782861666,0.2831723949333942,0.1736929371153497,14.342712,0.515171537007074,108.029248,Pitta
409.1862485258565,357.64024397805383,0.9411673312648704,316.70517800134473,108.45654714420002,279.9307862729054,0.7109881233015243,0.368816536562947,36.933224,0.3371723589078254,200.223008,Kapha
419.8642829174228,513.2167940566112,0.3996507784101102,339.98330874877485,143.8846662268717,275.9030713181212,0.6415845419833389,0.5325954124445258,58.167688,0.2946291871731084,181.310228,Vata
397.3062972842087,492.5582893390927,0.38057401703111,302.94707284122546,160.69099429062007,285.19097208379986,0.5032607202881673,0.5383928740700111,15.387376,0.6592874649871765,164.158104,Vata
384.0690819826589,459.0485976893564,0.4304784291969249,303.16802938845507,142.34938432273648,270.8964579153497,0.4075632071572747,0.4266758634880674,14.805004,0.3251704269143731,123.220728,Pitta
386.0239342273401,495.8746211547539,0.3338228116867218,307.3196928195249,149.21960966481075,258.34025500085284,0.5130846193997607,0.7746228930257775,14.8131,0.4301887414182204,148.889052,Vata
476.46557859350906,447.8738804596098,0.8078093728322226,372.8834426971037,148.9668358169774,319.96037409611785,0.6362504341379692,0.2846878914785875,29.9828,0.3534531783290998,179.420896,Kapha
420.6293408583653,478.85050020373296,0.4998263112526931,333.47460286418755,147.21366960419215,281.7661437296157,0.6084874564928942,0.31661743134355,11.249304,0.6519910701010035,203.938664,Kapha
371.5188151642853,462.5703718897845,0.374833536148878,282.6791576477772,147.25940735889574,265.69954585578444,0.6460689153040265,0.2259066696718172,11.425024,0.4110365868727892,194.142844,Kapha
409.9587202742098,485.5422603919717,0.4432154981356168,344.1776057983963,138.59178560713508,282.07225235892093,0.4219402272984671,0.5200780744618649,20.0272,0.3152468970410628,127.077944,Pitta
367.9033420830402,475.0399623160136,0.3271745466430218,292.9423378864226,144.57200536974915,259.01720955058414,0.4990108436768603,0.739414845277997,136.406688,0.2392111852778479,133.10676,Vata
475.4873507967887,479.4636028283027,0.6880007657610183,375.955787821585,150.7371133522914,315.14056959819004,0.7013736177516617,0.182565808472244,13.090408,0.3556276838212902,194.96216,Kapha
401.65072585858985,503.60138078991935,0.3655240180886164,321.4172239582883,151.86447285887385,263.8329379582189,0.5393798755991547,0.3003376929356618,15.846424,0.4633907092803614,171.595212,Vata
418.664851475662,496.5137418076092,0.4413507229790407,324.8030957173334,150.05944848874407,292.4144348978877,0.7334338288653208,0.339471372698367,12.873332,0.2731370260886639,194.926676,Pitta
396.0312154881905,498.3947023133943,0.3606354173120786,318.62402638989005,151.31190292715868,270.941967510879,0.3756472137271958,0.6037350183087594,24.26428,0.4935963553036704,123.958064,Vata
357.90579067618785,343.81472983566186,0.7698491956213136,276.4891962270741,97.53892113761913,241.0837409995705,0.7439903947450904,0.2804900154655743,11.29394,0.4112394286290747,213.553296,Kapha
417.3513533695366,486.8976158571772,0.4645303649466601,347.1368551383126,137.19299772500946,266.9464251385892,0.4209819131319522,0.3393549295487222,14.405404,0.5600658229602014,147.608988,Pitta
417.20186585661867,469.2484640433714,0.5175495839353076,340.8679164849124,140.45801012880275,279.1903013822711,0.2842206068628755,0.5053491879420765,48.737208,0.4906856706344152,114.830152,Pitta
418.43352522607967,503.1981707725843,0.4219825101441123,335.7301987945764,154.6559010987988,293.3089168638582,0.3268789816381411,0.5150277815810534,18.068624,0.5828488213097825,118.635724,Pitta
468.2206677914384,497.43297384876456,0.6042332486083732,375.153592848262,136.1722357032611,316.3525945533677,0.731225494331344,0.3115988295545209,54.492944,0.2619560495122952,201.380668,Kapha
494.5906202835356,541.6768132705993,0.5573929687728886,388.10862977309193,119.7956105528809,319.9537005853675,0.6226637718516781,0.241075868757304,21.862224,0.4484315517785994,182.622584,Kapha
439.6788067248384,493.8236453331779,0.5196602050335613,352.9129453077398,154.33124491228233,285.4585900486508,0.3884267626603542,0.3683802644782022,147.734,0.3769064525421191,130.032836,Pitta
402.80916621242056,474.3054719870409,0.4514030015605956,324.0690022073712,144.7418169538329,284.49120917825775,0.6668123425133665,0.3906190448010411,15.310432,0.3052188908337269,186.53474,Pitta
502.2263202168955,513.7230818230909,0.664604103625998,403.1516725859496,158.26579766211407,322.93455228994753,0.4731566483770203,0.2847785471335927,25.086212,0.3923459243324623,145.9662,Kapha
425.7004591141032,520.457269261237,0.3993722381463734,334.8051883561701,148.7538709395967,277.9239976627822,0.3973153638407278,0.214817668445985,37.136564,0.208110341323795,112.195144,Vata
488.49228996396926,518.340878455172,0.6061288302562791,383.3022502432714,138.95196173280922,322.7465673817408,0.8919478653976848,0.1407074405338935,13.176536,0.248548590931785,226.79636,Kapha
425.2856147044555,504.3110502908253,0.4415022342319192,342.96839911537995,150.16936899896666,290.0161005922867,0.5329892282413502,0.2410487055192239,10.406704,0.5452579189651235,175.356184,Pitta
407.0502243461219,498.3157803734181,0.3975725787374674,332.3617702363785,151.54855430112363,271.8898696669003,0.4975584530103992,0.3411739340511358,15.4647,0.5374057012038294,168.154572,Vata
413.2919694202772,515.869948372464,0.3715010247767626,336.730428874186,144.0904932297662,267.82721385223584,0.2508970713154941,0.3488422742655052,23.52002,0.5181620517916316,94.045412,Vata
474.5135435265564,497.2731640315866,0.6257548359742848,358.06114513991906,142.78690116471006,319.8091529315949,0.8551642090999493,0.1799374221018781,14.472248,0.1936659521739112,218.684644,Kapha
406.6171366174379,513.0080139086748,0.3573134865072717,325.146333653982,147.19029462847269,278.0068392185952,0.5560854283993616,0.4377435512582494,15.82306,0.6006091903791426,175.621408,Vata
475.2653222508183,485.88804849970535,0.6654624909807844,381.4323510774332,146.19789497525977,311.8783062642813,0.6500782150670738,0.2620115187695584,26.81646,0.5342568597854334,206.214676,Kapha
397.2604904203085,490.9315099197739,0.3848585639021998,302.2204244585741,162.33858428321955,277.74922073410505,0.4959957569861197,0.6678570391865776,46.59688,0.2911224860350473,140.860856,Vata
431.50957914674586,514.1950183722455,0.4346826176051614,350.73403385327435,151.8983951099689,289.43064014053806,0.2296134749362227,0.2630007744183951,13.963412,0.6435121125023583,103.779044,Pitta
372.9423881053694,461.1347287715067,0.3841143182933599,277.5155139551347,158.99570651177743,273.86328665815944,0.5914516498125753,0.4474923976449835,60.29106,0.3029133552389826,171.725264,Vata
388.5051327123302,484.0969941088475,0.3737937824863114,309.1541588601537,143.78276715383342,270.3198629784592,0.5430450956877408,0.5623351962477301,62.758636,0.2297727132461744,148.321648,Vata
475.92296438564233,493.496508298848,0.6426278982036738,378.1091402001167,152.6812986436593,308.9410699374363,0.7497030765181666,0.1801830805083085,18.652388,0.403655381984654,209.935604,Kapha
430.8311389095791,443.3667176849988,0.6548138422473314,351.03282564218586,132.782458568752,286.90343052159585,0.7909429127533381,0.2763617720628192,25.077296,0.2858758124980502,212.533512,Kapha
465.6113887419525,522.379687336208,0.5212739902155417,383.39226518206686,137.836754305714,311.26188321696264,0.746056478109052,0.1951535020784179,12.992828,0.2946086767924587,201.37112,Pitta
421.6039188144547,502.80391035042703,0.4335386264561336,333.5288043897221,148.95795975491455,287.3925888588984,0.5124475292041312,0.3913264672869644,84.284124,0.3370513898644214,153.224456,Pitta
384.15562222132,470.8394814669944,0.395983245268034,303.6519445168346,143.390160385877,279.10295469274485,0.7016717050884622,0.2589465617206397,0.0,0.0,165.611568,Vata
414.1154678667233,526.2636249385935,0.3478190104010203,305.02209322951325,168.13818604980804,297.0205822377674,0.1417151746701495,0.1135438442434697,14.76068,0.6913119850712789,80.44494,Vata
493.8206490782018,500.89467942024737,0.6783178877548864,398.7048487674744,140.18453033367413,334.342660278911,0.6795531029697806,0.397431787479596,18.576464,0.3696296733450942,193.12738,Kapha
428.1539532885968,482.3738583836296,0.5150789808215186,332.1488363175334,147.5450681905529,281.8269550311647,0.5894907949908004,0.2905220923377457,68.13114,0.3141296805701501,166.898136,Pitta
391.5107853494414,381.1669597937458,0.7468494522471997,292.3692405605016,133.39510795798216,275.4176284941299,0.4844142562762084,0.4977146366838116,56.38278,0.5041716763763766,162.397668,Kapha
413.4452222766576,511.4147296762436,0.3835911604885058,328.43638591122107,156.83852014949125,264.5893856708769,0.5322618790863851,0.4207325677804226,12.026856,0.4325842525922758,160.066028,Vata
408.0736831947647,505.5800102113246,0.381440781946203,324.4843249601393,154.5738140596524,270.9544267548774,0.6222109520036646,0.6202134598156,119.0538,0.0943284053950505,153.689568,Vata
427.4193674643515,509.6538020646013,0.4337725443521906,335.7903412263464,158.12862437948166,290.3400997440621,0.5136963656501611,0.5698842211121429,10.116076,0.4978996526166114,162.585868,Pitta
430.03665511080624,499.373590385675,0.4711537592657619,352.62612323466425,145.07957643941364,286.8668176583182,0.6135140457629379,0.3666343305721926,13.903988,0.5788538549454562,190.000872,Kapha
496.0595806366035,503.2398780350832,0.6780764649441418,393.6808431314341,144.73369528119113,329.4284994932353,0.6615690956212806,0.3372215020815824,15.832696,0.4007170969266233,194.217772,Kapha
416.2953593922618,513.3813814065294,0.3876684360560106,334.4847889736892,154.41447140482722,275.21421004125085,0.3209286928536174,0.4012539725092325,10.09654,0.6248256702049634,120.952536,Vata
451.2277941859081,494.934399646681,0.555098928260347,367.3011302479576,135.93990649560638,311.7179898550264,0.495982954581483,0.3016751969894695,0.0,0.0,124.610076,Pitta
425.4452902113064,490.1046720265125,0.4826444634028105,343.753760935669,143.13997736116636,291.393291705077,0.3686052891830437,0.4922672809885653,19.789972,0.4020712547167123,119.460796,Pitta
492.8702348981911,518.5899368372603,0.6193989774124603,383.2517154372434,151.4236504482947,329.4057680411923,0.326327936444208,0.3608960295349279,22.138408,0.6066121652115044,125.666572,Kapha
439.255272619389,466.3187794705896,0.6053786869449067,350.54200139223144,135.93982034003335,284.8975563407873,0.4214262047323627,0.6488661248467568,14.671612,0.3906377388032903,133.07486,Pitta
417.4388242542219,496.55159584243466,0.4371428891639777,324.2337264736826,156.83766044584655,287.548482222877,0.4877411557657736,0.5379011998756832,41.332168,0.3334227574675679,146.969868,Pitta
381.4425613085804,447.6663500696912,0.4560666874750765,290.5414821962965,151.84972930946716,265.2398257239077,0.3933885372486164,0.3749751167562076,16.349364,0.4236706943764891,124.939412,Pitta
485.8703823778938,500.7907874148073,0.652289045559052,378.4643948739112,156.5697568379213,317.682446489901,0.7597319947021322,0.3064733764672472,14.14092,0.2375457086071483,203.143504,Kapha
420.19141764777135,515.6412215568694,0.3943155681331126,327.00254213856755,164.76286397054574,271.4344289529174,0.3900175718020255,0.0956389881710069,30.427872,0.4962355770665652,137.75416,Vata
375.3623849960648,494.0316307728973,0.3028015876463188,277.7406749150037,165.12700626803087,257.0178809580059,0.4810496920319358,0.7329033556588036,36.254108,0.3830367943061697,153.716524,Vata
445.3711981296784,500.19139913898704,0.5197359961562443,360.70394372488687,159.93569454812132,294.6446018097538,0.6264886206689244,0.3534084882649483,20.268796,0.4866195003313397,196.405216,Kapha
386.77364328095314,464.3750965824584,0.4242121839272874,308.7662614483853,148.86111575765736,269.41764266352845,0.2837358813355951,0.5673691108628376,32.804508,0.5295711747009063,106.51672,Pitta
441.778018368648,482.8029510583509,0.5606390176819719,373.5296330346119,137.83020693219356,284.2013561952268,0.4650593883083304,0.4949659184273855,10.511528,0.4066506403222672,147.404056,Pitta
465.61948141896136,463.693536059896,0.7086741767634492,382.2229234820584,136.55364140990542,307.8158978621778,0.7544119935816207,0.1757840932953787,49.242212,0.4022543626170475,222.693672,Kapha
439.2252469485323,532.042049159813,0.4120132735646498,351.63289889297783,146.70191283371798,302.40476409017947,0.3866110686460121,0.2800220773814834,26.94142,0.3365292951708131,121.761264,Pitta
485.31500082939993,528.1070186655239,0.5671887910720712,372.23407244876967,156.6203879544279,313.5894766551806,0.7010373238656005,0.2242768290711075,9.38306,0.406872777029238,210.601896,Kapha
484.66658810505305,497.056380620436,0.6603735633166985,380.728446070927,136.7570862920672,325.9692823619379,0.8557208327711379,0.2847421570667043,38.252092,0.2178945694184046,220.989832,Kapha
455.8777982761487,475.3316486137138,0.6337971544666373,368.8053306109133,144.05099134570983,310.8763990184328,0.0775306200208579,0.2270450696426251,58.077184,0.5702911508460676,58.414788,Kapha
384.4326772144455,490.44775426798833,0.3427411741283499,300.1994074827103,152.18431052017644,274.6249193930633,0.6312977095253985,0.3669309921420212,18.939084,0.2570254721709078,171.157932,Vata
483.1053627248807,509.2017284631622,0.6166515539081685,402.6829529666606,152.45491353524363,321.33428134111153,0.687900391191721,0.429301834977048,16.256084,0.3333326130785396,190.500692,Kapha
437.2842746905574,496.6880482938802,0.5031241420534689,342.6917273688101,150.81033427945192,295.68241769980324,0.6144052777371322,0.2210070676452767,27.722348,0.4787988331062054,186.365272,Kapha
386.0364465332131,483.6902631004656,0.3664373407813421,307.012500887714,147.02328202062023,254.5069041695342,0.4954774201300516,0.4657406324520578,139.201684,0.3228046093695875,147.411192,Vata
437.43635182988567,476.001146377749,0.5672067029020521,357.9202121568543,142.66708854166387,288.62701713901606,0.6030622268301961,0.3523140258723615,15.076908,0.5357434656797015,178.639136,Kapha
400.7770479295456,477.1983413323304,0.4357785841980868,307.7179368115184,145.57691211139775,269.7857349687682,0.2364903126732488,0.2177235778178071,10.41124,0.8491696655150244,120.34994,Pitta
459.3731754496012,472.7140667232043,0.654899727436889,364.8961811917573,140.96970406314483,299.211818742738,0.770503552687353,0.291799170954592,14.381036,0.3634096429782517,212.156352,Kapha
487.55615903477377,495.12711807343607,0.6763776294300765,378.5106904131719,150.890548748735,313.79284251197424,0.8307426791315266,0.1660605162720545,29.480404,0.3190012757963194,229.398624,Kapha
465.3655333853585,485.1453295726555,0.6340563166572684,354.8634947008293,147.09162429994572,310.6495512347107,0.7189473662243029,0.2285915649614954,23.29274,0.2639489495106341,192.975084,Kapha
377.2234167347616,467.3682154743819,0.3814123118043648,291.0837395025548,150.40599242537132,264.55903253518363,0.3627678943303167,0.6711193080463336,52.278452,0.429197254424739,120.68292,Vata
423.6762059342424,482.94323309814206,0.4979407312795361,341.93464203165166,145.7399465344334,271.8519396150698,0.5100471586006033,0.610060714533957,33.68922,0.678407376876607,161.719856,Pitta
439.11065338631903,453.5494184199582,0.6488984254333121,338.40864962149305,156.79271535250805,299.5228110791416,0.57429520354499,0.6057238252749528,10.67882,0.4106124355771476,166.678936,Kapha
412.4664490958481,476.3659571097536,0.4789740668255227,342.6024671239244,140.49271057526482,271.5951865245723,0.3451956307760818,0.5070464954941271,16.822764,0.5197678879892157,109.558924,Pitta
419.5392447566525,509.5262850363338,0.408433331397203,337.99071193427017,141.09840650889942,273.68865036074203,0.280889172352232,0.2801976917483842,16.594332,0.7079443507287921,124.40598,Pitta
395.2695236992212,488.8710280893965,0.3837590120570712,320.9574617454707,152.15159510577132,270.8452577247822,0.5091176598777536,0.6219778581803498,44.18666,0.5039986126542195,158.718996,Vata
384.51371173969375,372.27807098030974,0.7563662647586911,296.24583167870475,135.15973329935295,249.37940045357243,0.6823866483521379,0.3095062436882151,39.005468,0.3244761463091375,194.582968,Kapha
374.0909799308751,472.192665768473,0.3566966608747884,300.2219072827902,135.85305815023938,255.8670887852316,0.2349635155547611,0.4892502744252335,26.077968,0.3827923578355461,85.521668,Vata
436.0987821963725,481.52495180050136,0.5450828554896355,354.8562867638633,138.4774881515818,278.5992524978594,0.5787638046242287,0.3207315194610774,30.940088,0.4478306060660488,184.309512,Pitta
389.2647641938447,504.2775145874441,0.3229515168666311,320.26364764456633,150.64404628535456,262.4274038578046,0.5407542679163634,0.2217285432908878,11.128548,0.540843190357805,177.207604,Vata
421.544577545186,502.58519278307614,0.4339486079745971,351.4866424736002,149.27141984147025,278.3858086147586,0.6436155090336416,0.3610017928844106,29.853456,0.4114949052552085,190.402988,Kapha
478.6622464069536,489.5091002738873,0.6649706151508286,376.7792351532696,146.33893221934227,309.11737880755885,0.6065621594470068,0.2815727731289613,57.562788,0.3345181974849513,178.465824,Kapha
489.0824131650429,492.4336924097861,0.6904715895550336,386.1174484806133,138.9577294895137,339.4708277798732,0.4805618963355184,0.3204165548588253,11.562632,0.5951328681027558,168.726116,Kapha
427.5796258377762,518.6121868775099,0.4102240756383699,330.64989348833353,158.70840806350805,283.1102687381989,0.530391182891621,0.6266437996184754,27.093736,0.3699480822338306,159.906768,Pitta
391.0018317861322,496.3049571720805,0.3493610237462002,307.4659877579357,150.69846666072502,261.91634449512685,0.3983969061684875,0.3486909298719008,15.126552,0.4231600449817125,128.721608,Vata
349.7009799423357,333.8961568444779,0.7803964786964331,272.7502850649301,114.69762437805814,239.43740348158988,0.414189013417803,0.3741500403416323,18.303588,0.6563125819824392,166.754588,Kapha
394.2776626453346,484.29502799813497,0.3930465177119325,322.3739211833805,150.25113955380243,279.1612837228321,0.431660001523446,0.4332087953485606,32.056884,0.32750275261125,125.358584,Vata
476.13903477202496,482.6557203307104,0.6793494533752625,372.8994866189401,158.20614111179918,313.048457666058,0.8419267635031457,0.2447161122817903,12.18502,0.254697484883765,218.844856,Kapha
369.39725786046125,466.2603519883711,0.3567184178840628,285.91083284193286,143.33023788019796,264.87552510757536,0.2978541845442147,0.3315177791737695,71.596304,0.5022783741112337,114.377924,Vata
401.6590578700224,498.84146738464426,0.3781921102430265,323.79617548890866,157.0838388704505,276.45429762646086,0.5188665505433718,0.4284783305463275,18.466388,0.5057373189802759,167.347888,Vata
419.358351047794,495.17659715660375,0.4474588611457855,331.0137862244303,148.4378396567301,288.3774202579539,0.5669966489806196,0.3773831502621979,33.94326,0.3740870264060263,169.025704,Pitta
376.3672303205814,503.48743849809455,0.2824154822099343,288.88855926368524,159.9863631579384,264.9615016707702,0.7769050359362294,0.3002773447088489,15.67796,0.5008207359644511,225.22034,Kapha
339.8650269758633,503.8623638904003,0.1611632123345537,266.6532504905741,143.7149669280033,237.0029066439376,0.8280835715289612,0.4176822250686035,17.60002,0.0808968239059408,195.329592,Vata
396.69996106697937,482.74229346319805,0.4057303526021493,313.5517654017576,148.18585727965444,268.2098684674406,0.5573084393050037,0.4202027602923467,18.456268,0.5102212595716797,171.214724,Pitta
448.91974251402894,475.2586409154696,0.6097243702405187,348.5109353834594,142.68876703728998,309.28643582358194,0.7263892756142606,0.2131239617772962,111.255236,0.2389138100798848,194.480344,Kapha
501.854309880018,530.1286977001612,0.6131877936848646,403.3003328688053,139.80386514163166,318.64170712265496,0.7367246287844449,0.3985044082922934,14.963896,0.4181324526958034,205.009332,Kapha
414.5123682931155,487.3218550183116,0.4536146667904458,327.6331836189028,152.8183855794001,273.27949902956766,0.2994750933833079,0.4060575972964344,19.607604,0.5139495065827011,108.92374,Pitta
472.8071755548208,475.2946473228608,0.6930826424067342,382.6320451814928,129.67662803671448,312.47649544614944,0.3526901544371329,0.0979971731681175,21.645036,0.2598254683085415,108.713892,Kapha
421.39223614013184,488.8622414930133,0.4725381252483508,327.88136837741223,151.39947929436264,284.6843971893499,0.6320292525715375,0.7217296661259123,64.749504,0.2479784529926384,168.039592,Vata
440.9898192209025,503.9184916005557,0.4943560511455646,327.4936778751027,134.15816287901558,288.6401514136585,0.7445023504653052,0.1824584782296116,29.101008,0.2535264349940113,200.999804,Pitta
385.2616758650468,496.661507411017,0.3292250306477925,305.5845365483086,158.25061874441383,258.48890223868074,0.3186399720610595,0.4130922055058632,10.095728,0.6921035338356121,129.775052,Vata
478.92613404622887,504.1697546924707,0.6186112914756129,379.61856104116544,143.0637420851237,323.16529782526584,0.6624890627732801,0.3211808323156155,13.917248,0.4778878683478674,203.346204,Kapha
469.8246185685224,508.6956243743596,0.5748557674751964,367.75555570398353,154.51369494972792,300.358779200585,0.7209355114384067,0.2271437263632822,20.165216,0.4891173945989264,208.097672,Kapha
423.2446075005139,506.2894049083499,0.4293330802955108,334.41951823560726,159.0638464001622,282.1100182411944,0.3310241514353502,0.3124759245867389,20.650392,0.5206408199182502,123.605072,Pitta
404.5006053954775,501.2672073738058,0.3811357924165748,326.1009678954991,141.8399562017251,266.4307990243187,0.4918640517868906,0.5895440821214075,21.613556,0.5357633345834256,153.00076,Vata
412.99031095527255,495.9492813619987,0.4239403289344408,334.5544120791116,134.67614934585092,288.7973163012396,0.5169416748932485,0.3491223746344429,0.0,0.0,128.787936,Pitta
371.00073209935744,465.2709702631121,0.3652408805042044,311.5492478800377,134.40396036906068,254.25361274280132,0.5787459254039601,0.5511461718415629,0.0,0.0,141.107844,Vata
424.4311946733663,511.8314698986824,0.4181489089307058,335.7206221209274,164.6123056544572,298.71345700188164,0.6233009222467025,0.3031776816674191,11.606348,0.4305645287298608,185.6055,Kapha
438.3121735358793,487.1866829755845,0.535147389249733,346.3743304350198,147.85722491774814,295.94431046643894,0.6667685976197801,0.298050043884023,19.491428,0.379470334528191,190.58226,Pitta
412.2626878723927,490.9895526017102,0.435450554054402,325.0651126135143,139.2480658767211,275.84909357307146,0.540790568151454,0.276933310262404,15.436932,0.5709415071628664,171.779664,Pitta
423.6034534521699,501.01120260079335,0.4451509782792674,343.5584226952403,157.79611296376038,287.2445239306,0.483132831891103,0.5224023372069119,24.701272,0.3290605455632957,142.178272,Pitta
416.91469094775033,481.7744772548767,0.4781646321848806,314.7081305084918,158.39785919078986,292.97517420519534,0.6910491406054791,0.3661930373921908,19.852384,0.2647172362959258,187.248284,Pitta
403.9574214584453,506.7330134316603,0.3648980922889596,318.1012055444842,153.3353131845825,280.9831313405973,0.5401951961364511,0.3000203705893202,11.997572,0.5052549283321721,172.213528,Vata
